batch_id,standard_reference_id,report_id,company_id,company_name_zh,company_name_en,world500_rank,standard_name_en,standard_name_zh,standard_family_en,standard_family_zh,standard_role_en,standard_role_zh,referenced_content_en,referenced_content_zh,scope_relevance_en,scope_relevance_zh,emission_type_relevance_en,emission_type_relevance_zh,accounting_principle_en,accounting_principle_zh,is_gb_standard,gb_standard_code,referenced_snippet,evidence_page,review_status,confidence_level
batch_09,batch_09__r399_meijiyasudalifeinsurance__20240__annualreport__tcfd,r399_meijiyasudalifeinsurance__20240__annualreport,r399_meijiyasudalifeinsurance,日本明治安田生命保险公司,MEIJI YASUDA LIFE INSURANCE,399,TCFD,TCFD,Climate disclosure framework,气候信息披露框架,Disclosure recommendation,披露建议,"Climate governance, strategy, risk management, and metrics and targets.",气候治理、战略、风险管理以及指标与目标。,Enterprise-wide disclosure,企业整体披露,Direct emissions|Indirect energy emissions|Other indirect emissions,直接排放|能源间接排放|其他间接排放,Materiality|Consistency,重要性|一致性,no,,well as health and productivity management· · · 78 Push Ahead Further with IT- and Digital-Related Investment (DX strategy 2.0) · · · · · · · · · · · · · · · · · · · 80 Promoting Sustainability Management Environmental Protection and Climat,2,seed_batch_09,medium
batch_09,batch_09__r401_suncorenergy__20230__sustainabilityreport__gri,r401_suncorenergy__20230__sustainabilityreport,r401_suncorenergy,森科能源公司,SUNCOR ENERGY,401,GRI,GRI,ESG disclosure framework,ESG披露框架,Disclosure standard,披露标准,Sustainability disclosure index and emissions-related reporting indicators.,可持续披露指标索引及排放相关披露指标。,Enterprise-wide disclosure,企业整体披露,Direct emissions|Indirect energy emissions|Other indirect emissions,直接排放|能源间接排放|其他间接排放,Materiality|Comparability,重要性|可比性,no,,Suncor Energy Inc. | Report on Sustainability 2023 | 67 Glossary Term Definition Link ACA Alberta Conservation Association Webpage link COSIA Canada's Oil Sands Innovation Alliance Webpage link CCND Commerce City-North Denver Air Monitoring,67,seed_batch_09,medium
batch_09,batch_09__r401_suncorenergy__20230__sustainabilityreport__ghg_protocol,r401_suncorenergy__20230__sustainabilityreport,r401_suncorenergy,森科能源公司,SUNCOR ENERGY,401,GHG Protocol,GHG Protocol,GHG accounting system,温室气体核算体系,Accounting standard,核算标准,"Corporate greenhouse-gas inventory, Scope 1-3 boundary and accounting rules.",企业温室气体清单、Scope 1-3边界及核算规则。,Scope 1|Scope 2|Scope 3,范围1|范围2|范围3,Direct emissions|Indirect energy emissions|Other indirect emissions,直接排放|能源间接排放|其他间接排放,Relevance|Completeness|Consistency|Transparency|Accuracy,相关性|完整性|一致性|透明性|准确性,no,,(clays) or residual bitumen or other hydrocarbons. Greenhouse gas (GHG) The six gases listed in the Kyoto Protocol: carbon dioxide (CO2); methane (CH4); nitrous oxide (N2O); hydrofluorocarbons (HFCs); perfluorocarbons (PFCs); and sulphur he,68,seed_batch_09,medium
batch_09,batch_09__r401_suncorenergy__20230__sustainabilityreport__sasb,r401_suncorenergy__20230__sustainabilityreport,r401_suncorenergy,森科能源公司,SUNCOR ENERGY,401,SASB,SASB,Industry disclosure framework,行业披露框架,Disclosure guideline,披露指引,Industry-specific sustainability metrics and investor-facing climate indicators.,行业特定可持续指标及投资者导向的气候指标。,Enterprise-wide disclosure,企业整体披露,Direct emissions|Indirect energy emissions|Other indirect emissions,直接排放|能源间接排放|其他间接排放,Financial materiality,财务重要性,no,,e (ESG) frameworks and standards that help shape the content and materiality of the Report on Sustainability. Details on alignment and our responses are available in our ESG Disclosure Index. This document addresses the following: Global Re,71,seed_batch_09,medium
batch_09,batch_09__r401_suncorenergy__20230__sustainabilityreport__tcfd,r401_suncorenergy__20230__sustainabilityreport,r401_suncorenergy,森科能源公司,SUNCOR ENERGY,401,TCFD,TCFD,Climate disclosure framework,气候信息披露框架,Disclosure recommendation,披露建议,"Climate governance, strategy, risk management, and metrics and targets.",气候治理、战略、风险管理以及指标与目标。,Enterprise-wide disclosure,企业整体披露,Direct emissions|Indirect energy emissions|Other indirect emissions,直接排放|能源间接排放|其他间接排放,Materiality|Consistency,重要性|一致性,no,,e (ESG) frameworks and standards that help shape the content and materiality of the Report on Sustainability. Details on alignment and our responses are available in our ESG Disclosure Index. This document addresses the following: Global Re,71,seed_batch_09,medium
batch_09,batch_09__r403_ubertechnologies公司__20230__esgreport__sasb,r403_ubertechnologies公司__20230__esgreport,r403_ubertechnologies公司,Uber Technologies公司,Uber Technologies公司,403,SASB,SASB,Industry disclosure framework,行业披露框架,Disclosure guideline,披露指引,Industry-specific sustainability metrics and investor-facing climate indicators.,行业特定可持续指标及投资者导向的气候指标。,Enterprise-wide disclosure,企业整体披露,Direct emissions|Indirect energy emissions|Other indirect emissions,直接排放|能源间接排放|其他间接排放,Financial materiality,财务重要性,no,,. . . . . . . . . . . . . . . . . . . . . . . . . . . 91 Ethics and compliance . . . . . . . . . . . . . . . . . . . . . . . . . . . . . . . . . . . . . . . . 96 Other performance Sustainability Accounting Standards Board . . . . . . . . . ,2,seed_batch_09,medium
batch_09,batch_09__r403_ubertechnologies公司__20230__esgreport__sbti,r403_ubertechnologies公司__20230__esgreport,r403_ubertechnologies公司,Uber Technologies公司,Uber Technologies公司,403,SBTi,SBTi,Climate target governance system,气候目标治理体系,Target validation guideline,目标审定指引,Science-based target setting and validation for Scope 1-3 targets.,针对Scope 1-3目标的科学碳目标设定与审定。,Scope 1|Scope 2|Scope 3,范围1|范围2|范围3,Direct emissions|Indirect energy emissions|Other indirect emissions,直接排放|能源间接排放|其他间接排放,Science-based ambition,科学目标约束,no,,"almost 12 million people worldwide are part of our membership programs. Along the way, we continued to lead on the issues that matter. On climate, we more than tripled the number of electric vehicles on the platform, and the Science Based T",3,seed_batch_09,medium
batch_09,batch_09__r403_ubertechnologies公司__20230__esgreport__tcfd,r403_ubertechnologies公司__20230__esgreport,r403_ubertechnologies公司,Uber Technologies公司,Uber Technologies公司,403,TCFD,TCFD,Climate disclosure framework,气候信息披露框架,Disclosure recommendation,披露建议,"Climate governance, strategy, risk management, and metrics and targets.",气候治理、战略、风险管理以及指标与目标。,Enterprise-wide disclosure,企业整体披露,Direct emissions|Indirect energy emissions|Other indirect emissions,直接排放|能源间接排放|其他间接排放,Materiality|Consistency,重要性|一致性,no,,"conduct an ESG materiality assessment refresh to identify the most relevant, or material, issues from an ESG perspective, which is a broader standard than that used in our financial disclosures. The standards of the Sustainability Accountin",7,seed_batch_09,medium
batch_09,batch_09__r403_ubertechnologies公司__20230__esgreport__ghg_protocol,r403_ubertechnologies公司__20230__esgreport,r403_ubertechnologies公司,Uber Technologies公司,Uber Technologies公司,403,GHG Protocol,GHG Protocol,GHG accounting system,温室气体核算体系,Accounting standard,核算标准,"Corporate greenhouse-gas inventory, Scope 1-3 boundary and accounting rules.",企业温室气体清单、Scope 1-3边界及核算规则。,Scope 1|Scope 2|Scope 3,范围1|范围2|范围3,Direct emissions|Indirect energy emissions|Other indirect emissions,直接排放|能源间接排放|其他间接排放,Relevance|Completeness|Consistency|Transparency|Accuracy,相关性|完整性|一致性|透明性|准确性,no,,nsplace resulted in a material difference in 2022 Scope 3 Category 11 emissions compared to 2021. This triggered a requirement to recalculate the base year emissions value for this emissions category in accordance with Uber's internal GHG i,48,seed_batch_09,medium
batch_09,batch_09__r406_suzukimotor__20240__sustainabilityreport__gri,r406_suzukimotor__20240__sustainabilityreport,r406_suzukimotor,铃木汽车,SUZUKI MOTOR,406,GRI,GRI,ESG disclosure framework,ESG披露框架,Disclosure standard,披露标准,Sustainability disclosure index and emissions-related reporting indicators.,可持续披露指标索引及排放相关披露指标。,Enterprise-wide disclosure,企业整体披露,Direct emissions|Indirect energy emissions|Other indirect emissions,直接排放|能源间接排放|其他间接排放,Materiality|Comparability,重要性|可比性,no,,"eas Included in the Environmental Initiatives 200 Third Party Guarantee 201 Company Data 203 Company Profile Corporate Governance 155 Corporate Governance and Compliance 170 Privacy, Information Security and Intellectual Property Guideline ",2,seed_batch_09,medium
batch_09,batch_09__r406_suzukimotor__20240__sustainabilityreport__tcfd,r406_suzukimotor__20240__sustainabilityreport,r406_suzukimotor,铃木汽车,SUZUKI MOTOR,406,TCFD,TCFD,Climate disclosure framework,气候信息披露框架,Disclosure recommendation,披露建议,"Climate governance, strategy, risk management, and metrics and targets.",气候治理、战略、风险管理以及指标与目标。,Enterprise-wide disclosure,企业整体披露,Direct emissions|Indirect energy emissions|Other indirect emissions,直接排放|能源间接排放|其他间接排放,Materiality|Consistency,重要性|一致性,no,,"eas Included in the Environmental Initiatives 200 Third Party Guarantee 201 Company Data 203 Company Profile Corporate Governance 155 Corporate Governance and Compliance 170 Privacy, Information Security and Intellectual Property Guideline ",2,seed_batch_09,medium
batch_09,batch_09__r406_suzukimotor__20240__sustainabilityreport__sasb,r406_suzukimotor__20240__sustainabilityreport,r406_suzukimotor,铃木汽车,SUZUKI MOTOR,406,SASB,SASB,Industry disclosure framework,行业披露框架,Disclosure guideline,披露指引,Industry-specific sustainability metrics and investor-facing climate indicators.,行业特定可持续指标及投资者导向的气候指标。,Enterprise-wide disclosure,企业整体披露,Direct emissions|Indirect energy emissions|Other indirect emissions,直接排放|能源间接排放|其他间接排放,Financial materiality,财务重要性,no,,licy. We will also review each topic periodi- cally in accordance with changes in the surrounding busi- ness environment. ■ Steps in defining materiality Step 1 Identify issues by using as reference various indices specified in the ESG guid,14,seed_batch_09,medium
batch_09,batch_09__r406_suzukimotor__20240__sustainabilityreport__ghg_protocol,r406_suzukimotor__20240__sustainabilityreport,r406_suzukimotor,铃木汽车,SUZUKI MOTOR,406,GHG Protocol,GHG Protocol,GHG accounting system,温室气体核算体系,Accounting standard,核算标准,"Corporate greenhouse-gas inventory, Scope 1-3 boundary and accounting rules.",企业温室气体清单、Scope 1-3边界及核算规则。,Scope 1|Scope 2|Scope 3,范围1|范围2|范围3,Direct emissions|Indirect energy emissions|Other indirect emissions,直接排放|能源间接排放|其他间接排放,Relevance|Completeness|Consistency|Transparency|Accuracy,相关性|完整性|一致性|透明性|准确性,no,,"duct development and improvement. *1 Value chain: A method of systematizing how a series of business activities go into the creation of its ultimate value. Calculations are composed of Scope 1, Scope 2, and Scope 3 in accordance with the ca",32,seed_batch_09,medium
batch_09,batch_09__r407_haiersmarthome__20240__other__gri,r407_haiersmarthome__20240__other,r407_haiersmarthome,海尔智家股份有限公司,HAIER SMART HOME,407,GRI,GRI,ESG disclosure framework,ESG披露框架,Disclosure standard,披露标准,Sustainability disclosure index and emissions-related reporting indicators.,可持续披露指标索引及排放相关披露指标。,Enterprise-wide disclosure,企业整体披露,Direct emissions|Indirect energy emissions|Other indirect emissions,直接排放|能源间接排放|其他间接排放,Materiality|Comparability,重要性|可比性,no,,"10, sana ICH. KNIBERSECBAARMAEBWS, BBL, BBP. RERMAPHR, SARRBRAR. SBBKBRER, 5 (2024 ik) Rit ESC REBARH—N. MNSERSARACH, LB PAR ATMS ASNBA HI. RS oa hl KGS PRA US BRA RS AIRS) ( LAR eR “SERA” ) (ETA) BR C2 (HR. HERB GRATM ) (LAF RR (ESGRATM)) ",3,seed_batch_09,medium
batch_09,batch_09__r407_haiersmarthome__20240__other__sasb,r407_haiersmarthome__20240__other,r407_haiersmarthome,海尔智家股份有限公司,HAIER SMART HOME,407,SASB,SASB,Industry disclosure framework,行业披露框架,Disclosure guideline,披露指引,Industry-specific sustainability metrics and investor-facing climate indicators.,行业特定可持续指标及投资者导向的气候指标。,Enterprise-wide disclosure,企业整体披露,Direct emissions|Indirect energy emissions|Other indirect emissions,直接排放|能源间接排放|其他间接排放,Financial materiality,财务重要性,no,,"10, sana ICH. KNIBERSECBAARMAEBWS, BBL, BBP. RERMAPHR, SARRBRAR. SBBKBRER, 5 (2024 ik) Rit ESC REBARH—N. MNSERSARACH, LB PAR ATMS ASNBA HI. RS oa hl KGS PRA US BRA RS AIRS) ( LAR eR “SERA” ) (ETA) BR C2 (HR. HERB GRATM ) (LAF RR (ESGRATM)) ",3,seed_batch_09,medium
batch_09,batch_09__r407_haiersmarthome__20240__other__ifrs_s2,r407_haiersmarthome__20240__other,r407_haiersmarthome,海尔智家股份有限公司,HAIER SMART HOME,407,IFRS S2,IFRS S2,Climate disclosure standard,气候披露标准,Disclosure standard,披露标准,Climate-related financial disclosures and emissions metrics for investors.,面向投资者的气候相关财务披露及排放指标。,Enterprise-wide disclosure,企业整体披露,Direct emissions|Indirect energy emissions|Other indirect emissions,直接排放|能源间接排放|其他间接排放,Financial materiality|Comparability,财务重要性|可比性,no,,"10, sana ICH. KNIBERSECBAARMAEBWS, BBL, BBP. RERMAPHR, SARRBRAR. SBBKBRER, 5 (2024 ik) Rit ESC REBARH—N. MNSERSARACH, LB PAR ATMS ASNBA HI. RS oa hl KGS PRA US BRA RS AIRS) ( LAR eR “SERA” ) (ETA) BR C2 (HR. HERB GRATM ) (LAF RR (ESGRATM)) ",3,seed_batch_09,medium
batch_09,batch_09__r407_haiersmarthome__20240__other__esrs_csrd,r407_haiersmarthome__20240__other,r407_haiersmarthome,海尔智家股份有限公司,HAIER SMART HOME,407,ESRS/CSRD,ESRS/CSRD,EU sustainability disclosure regime,欧盟可持续披露体系,Disclosure standard,披露标准,EU sustainability reporting requirements including climate metrics and governance.,欧盟可持续报告要求，包括气候指标与治理要求。,Enterprise-wide disclosure,企业整体披露,Direct emissions|Indirect energy emissions|Other indirect emissions,直接排放|能源间接排放|其他间接排放,Double materiality|Comparability,双重重要性|可比性,no,,"RITUMMSMRHtER. ASE, MRSS Amst ESC HSBRRBARL, TMB S - iF BBAUS fo SRB—-REX) RUSIRS TSAR EM 1 (S1) 5 (BE USIR STS [i 004 BF 20241A 1 AEtte; SBRRAWA (ESCRATM), C F 2025 #1A1AEXEM; ME(PWASRAR RRA) (“CSRD “) BF 2023 #1 5 BiEst4sk, FEM 12 Ih ( BR",6,seed_batch_09,medium
batch_09,batch_09__r407_haiersmarthome__20240__other__sbti,r407_haiersmarthome__20240__other,r407_haiersmarthome,海尔智家股份有限公司,HAIER SMART HOME,407,SBTi,SBTi,Climate target governance system,气候目标治理体系,Target validation guideline,目标审定指引,Science-based target setting and validation for Scope 1-3 targets.,针对Scope 1-3目标的科学碳目标设定与审定。,Scope 1|Scope 2|Scope 3,范围1|范围2|范围3,Direct emissions|Indirect energy emissions|Other indirect emissions,直接排放|能源间接排放|其他间接排放,Science-based ambition,科学目标约束,no,,"ES EAA AR fine Bin Et ARMEMH MAY S210 » 2024 Sie, KERRIER (F, FAVS UNREAL . HER BRERA ‘+H HPS AGRMLIAEIS|, RBM 2024 Meee AWE, B) 2030 SCM AAEH—. REAR 10%. FR, WRASSE P MALATE, RTF 2025 ART ARP, BE “PRA, HOURORA, ito, AEE, 8 RGM MLE SAR. 1S ",86,seed_batch_09,medium
batch_09,batch_09__r409_laposte__20240__esgreport__gri,r409_laposte__20240__esgreport,r409_laposte,法国邮政,LA POSTE,409,GRI,GRI,ESG disclosure framework,ESG披露框架,Disclosure standard,披露标准,Sustainability disclosure index and emissions-related reporting indicators.,可持续披露指标索引及排放相关披露指标。,Enterprise-wide disclosure,企业整体披露,Direct emissions|Indirect energy emissions|Other indirect emissions,直接排放|能源间接排放|其他间接排放,Materiality|Comparability,重要性|可比性,no,,CAHIER DES INDICATEURS ESG 2024 INDEX GRI-ESRS,1,seed_batch_09,medium
batch_09,batch_09__r409_laposte__20240__esgreport__esrs_csrd,r409_laposte__20240__esgreport,r409_laposte,法国邮政,LA POSTE,409,ESRS/CSRD,ESRS/CSRD,EU sustainability disclosure regime,欧盟可持续披露体系,Disclosure standard,披露标准,EU sustainability reporting requirements including climate metrics and governance.,欧盟可持续报告要求，包括气候指标与治理要求。,Enterprise-wide disclosure,企业整体披露,Direct emissions|Indirect energy emissions|Other indirect emissions,直接排放|能源间接排放|其他间接排放,Double materiality|Comparability,双重重要性|可比性,no,,CAHIER DES INDICATEURS ESG 2024 INDEX GRI-ESRS,1,seed_batch_09,medium
batch_09,batch_09__r413_honeywellinternational__20250__impactreport__sbti,r413_honeywellinternational__20250__impactreport,r413_honeywellinternational,霍尼韦尔国际公司,HONEYWELL INTERNATIONAL,413,SBTi,SBTi,Climate target governance system,气候目标治理体系,Target validation guideline,目标审定指引,Science-based target setting and validation for Scope 1-3 targets.,针对Scope 1-3目标的科学碳目标设定与审定。,Scope 1|Scope 2|Scope 3,范围1|范围2|范围3,Direct emissions|Indirect energy emissions|Other indirect emissions,直接排放|能源间接排放|其他间接排放,Science-based ambition,科学目标约束,no,,"all internal and external stakeholders1 >90% REDUCTION in Scope 1 and Scope 2 greenhouse gas intensity since 2004 6,800+ efficiency, emissions reduction, water and waste projects since 2010 Validated SCIENCE-BASED TARGET with Science Based ",9,seed_batch_09,medium
batch_09,batch_09__r413_honeywellinternational__20250__impactreport__ghg_protocol,r413_honeywellinternational__20250__impactreport,r413_honeywellinternational,霍尼韦尔国际公司,HONEYWELL INTERNATIONAL,413,GHG Protocol,GHG Protocol,GHG accounting system,温室气体核算体系,Accounting standard,核算标准,"Corporate greenhouse-gas inventory, Scope 1-3 boundary and accounting rules.",企业温室气体清单、Scope 1-3边界及核算规则。,Scope 1|Scope 2|Scope 3,范围1|范围2|范围3,Direct emissions|Indirect energy emissions|Other indirect emissions,直接排放|能源间接排放|其他间接排放,Relevance|Completeness|Consistency|Transparency|Accuracy,相关性|完整性|一致性|透明性|准确性,no,,"Honeywell | 17 IMPACT REPORT 2025 | PLANET REDUCING GHG EMISSIONS Honeywell reports on its global GHG emissions pursuant to Greenhouse Gas Protocol and reports through CDP, a U.K.-based organization that supports companies’ and cities’ envi",17,seed_batch_09,medium
batch_09,batch_09__r413_honeywellinternational__20250__impactreport__iso_14064_3,r413_honeywellinternational__20250__impactreport,r413_honeywellinternational,霍尼韦尔国际公司,HONEYWELL INTERNATIONAL,413,ISO 14064-3,ISO 14064-3,ISO assurance system,ISO鉴证体系,Verification and assurance standard,核查与鉴证标准,Greenhouse-gas statement verification and assurance requirements.,温室气体声明核查与鉴证要求。,Scope 1|Scope 2|Scope 3,范围1|范围2|范围3,Direct emissions|Indirect energy emissions|Other indirect emissions,直接排放|能源间接排放|其他间接排放,Verifiability|Credibility,可核查性|可信性,no,,"Honeywell | 17 IMPACT REPORT 2025 | PLANET REDUCING GHG EMISSIONS Honeywell reports on its global GHG emissions pursuant to Greenhouse Gas Protocol and reports through CDP, a U.K.-based organization that supports companies’ and cities’ envi",17,seed_batch_09,medium
batch_09,batch_09__r413_honeywellinternational__20250__impactreport__sasb,r413_honeywellinternational__20250__impactreport,r413_honeywellinternational,霍尼韦尔国际公司,HONEYWELL INTERNATIONAL,413,SASB,SASB,Industry disclosure framework,行业披露框架,Disclosure guideline,披露指引,Industry-specific sustainability metrics and investor-facing climate indicators.,行业特定可持续指标及投资者导向的气候指标。,Enterprise-wide disclosure,企业整体披露,Direct emissions|Indirect energy emissions|Other indirect emissions,直接排放|能源间接排放|其他间接排放,Financial materiality,财务重要性,no,,Honeywell | 53 IMPACT REPORT 2025 | LOREN IPSUM SUPPLEMENTAL INFORMATION SASB 54 TCFD DISCLOSURE 56 DATA TABLES 61,53,seed_batch_09,medium
batch_09,batch_09__r413_honeywellinternational__20250__impactreport__tcfd,r413_honeywellinternational__20250__impactreport,r413_honeywellinternational,霍尼韦尔国际公司,HONEYWELL INTERNATIONAL,413,TCFD,TCFD,Climate disclosure framework,气候信息披露框架,Disclosure recommendation,披露建议,"Climate governance, strategy, risk management, and metrics and targets.",气候治理、战略、风险管理以及指标与目标。,Enterprise-wide disclosure,企业整体披露,Direct emissions|Indirect energy emissions|Other indirect emissions,直接排放|能源间接排放|其他间接排放,Materiality|Consistency,重要性|一致性,no,,Honeywell | 53 IMPACT REPORT 2025 | LOREN IPSUM SUPPLEMENTAL INFORMATION SASB 54 TCFD DISCLOSURE 56 DATA TABLES 61,53,seed_batch_09,medium
batch_09,batch_09__r416_mitsubishielectric__20240__integratedreport__tcfd,r416_mitsubishielectric__20240__integratedreport,r416_mitsubishielectric,三菱电机股份有限公司,MITSUBISHI ELECTRIC,416,TCFD,TCFD,Climate disclosure framework,气候信息披露框架,Disclosure recommendation,披露建议,"Climate governance, strategy, risk management, and metrics and targets.",气候治理、战略、风险管理以及指标与目标。,Enterprise-wide disclosure,企业整体披露,Direct emissions|Indirect energy emissions|Other indirect emissions,直接排放|能源间接排放|其他间接排放,Materiality|Consistency,重要性|一致性,no,,Message Value Creation Foundation Enhancement Data 1 Contents 057 Foundation Enhancement 058 Message from the Officer in Charge of Sustainability 059 Sustainability Management 063 Environment 63 Basic Policy 64 Climate Change Initiatives (,2,seed_batch_09,medium
batch_09,batch_09__r416_mitsubishielectric__20240__integratedreport__gri,r416_mitsubishielectric__20240__integratedreport,r416_mitsubishielectric,三菱电机股份有限公司,MITSUBISHI ELECTRIC,416,GRI,GRI,ESG disclosure framework,ESG披露框架,Disclosure standard,披露标准,Sustainability disclosure index and emissions-related reporting indicators.,可持续披露指标索引及排放相关披露指标。,Enterprise-wide disclosure,企业整体披露,Direct emissions|Indirect energy emissions|Other indirect emissions,直接排放|能源间接排放|其他间接排放,Materiality|Comparability,重要性|可比性,no,,"Identification and Review of Materiality In fiscal 2016, the Mitsubishi Electric Group identified materiality and initiatives in response to today’s social trends and business environment, as required by the fourth edition of the Global Rep",16,seed_batch_09,medium
batch_09,batch_09__r416_mitsubishielectric__20240__integratedreport__esrs_csrd,r416_mitsubishielectric__20240__integratedreport,r416_mitsubishielectric,三菱电机股份有限公司,MITSUBISHI ELECTRIC,416,ESRS/CSRD,ESRS/CSRD,EU sustainability disclosure regime,欧盟可持续披露体系,Disclosure standard,披露标准,EU sustainability reporting requirements including climate metrics and governance.,欧盟可持续报告要求，包括气候指标与治理要求。,Enterprise-wide disclosure,企业整体披露,Direct emissions|Indirect energy emissions|Other indirect emissions,直接排放|能源间接排放|其他间接排放,Double materiality|Comparability,双重重要性|可比性,no,,"pport not only our employees, who are the core of our business, but also all stakeholders involved. Furthermore, we ensure compliance with evolving national and international sustainability regulations—such as the Corporate Sustainability R",59,seed_batch_09,medium
batch_09,batch_09__r416_mitsubishielectric__20240__integratedreport__ghg_protocol,r416_mitsubishielectric__20240__integratedreport,r416_mitsubishielectric,三菱电机股份有限公司,MITSUBISHI ELECTRIC,416,GHG Protocol,GHG Protocol,GHG accounting system,温室气体核算体系,Accounting standard,核算标准,"Corporate greenhouse-gas inventory, Scope 1-3 boundary and accounting rules.",企业温室气体清单、Scope 1-3边界及核算规则。,Scope 1|Scope 2|Scope 3,范围1|范围2|范围3,Direct emissions|Indirect energy emissions|Other indirect emissions,直接排放|能源间接排放|其他间接排放,Relevance|Completeness|Consistency|Transparency|Accuracy,相关性|完整性|一致性|透明性|准确性,no,,"essage Value Creation Foundation Enhancement Data 68 Foundation Enhancement Metrics and Targets The Mitsubishi Electric Group calculates and tracks greenhouse gas emissions (Scope 1, 2 and 3) in its value chain. For calculation and assessme",69,seed_batch_09,medium
batch_09,batch_09__r418_chinadatang__20230__sustainabilityreport__gri,r418_chinadatang__20230__sustainabilityreport,r418_chinadatang,中国大唐集团有限公司,CHINA DATANG,418,GRI,GRI,ESG disclosure framework,ESG披露框架,Disclosure standard,披露标准,Sustainability disclosure index and emissions-related reporting indicators.,可持续披露指标索引及排放相关披露指标。,Enterprise-wide disclosure,企业整体披露,Direct emissions|Indirect energy emissions|Other indirect emissions,直接排放|能源间接排放|其他间接排放,Materiality|Comparability,重要性|可比性,no,,"s on Central SOEs High Standard Fulfilling Their Social Responsibilities, State-owned Assets Supervision and Administration Commission of the State Council Corporate Social Responsibility Reporting Guidelines, The Chinese Academy of Social ",2,seed_batch_09,medium
batch_09,batch_09__r418_chinadatang__20230__sustainabilityreport__tcfd,r418_chinadatang__20230__sustainabilityreport,r418_chinadatang,中国大唐集团有限公司,CHINA DATANG,418,TCFD,TCFD,Climate disclosure framework,气候信息披露框架,Disclosure recommendation,披露建议,"Climate governance, strategy, risk management, and metrics and targets.",气候治理、战略、风险管理以及指标与目标。,Enterprise-wide disclosure,企业整体披露,Direct emissions|Indirect energy emissions|Other indirect emissions,直接排放|能源间接排放|其他间接排放,Materiality|Consistency,重要性|一致性,no,,"s on Central SOEs High Standard Fulfilling Their Social Responsibilities, State-owned Assets Supervision and Administration Commission of the State Council Corporate Social Responsibility Reporting Guidelines, The Chinese Academy of Social ",2,seed_batch_09,medium
batch_09,batch_09__r421_jardinematheson__20240__sustainabilityreport__gri,r421_jardinematheson__20240__sustainabilityreport,r421_jardinematheson,怡和集团,JARDINE MATHESON,421,GRI,GRI,ESG disclosure framework,ESG披露框架,Disclosure standard,披露标准,Sustainability disclosure index and emissions-related reporting indicators.,可持续披露指标索引及排放相关披露指标。,Enterprise-wide disclosure,企业整体披露,Direct emissions|Indirect energy emissions|Other indirect emissions,直接排放|能源间接排放|其他间接排放,Materiality|Comparability,重要性|可比性,no,,"eson Holdings Limited (the Company), unless otherwise stated. Principles We have referenced the following principles, standards and disclosure frameworks for our reporting, the details of which are outlined in the Context Index. • Global Re",3,seed_batch_09,medium
batch_09,batch_09__r421_jardinematheson__20240__sustainabilityreport__sasb,r421_jardinematheson__20240__sustainabilityreport,r421_jardinematheson,怡和集团,JARDINE MATHESON,421,SASB,SASB,Industry disclosure framework,行业披露框架,Disclosure guideline,披露指引,Industry-specific sustainability metrics and investor-facing climate indicators.,行业特定可持续指标及投资者导向的气候指标。,Enterprise-wide disclosure,企业整体披露,Direct emissions|Indirect energy emissions|Other indirect emissions,直接排放|能源间接排放|其他间接排放,Financial materiality,财务重要性,no,,"eson Holdings Limited (the Company), unless otherwise stated. Principles We have referenced the following principles, standards and disclosure frameworks for our reporting, the details of which are outlined in the Context Index. • Global Re",3,seed_batch_09,medium
batch_09,batch_09__r421_jardinematheson__20240__sustainabilityreport__tcfd,r421_jardinematheson__20240__sustainabilityreport,r421_jardinematheson,怡和集团,JARDINE MATHESON,421,TCFD,TCFD,Climate disclosure framework,气候信息披露框架,Disclosure recommendation,披露建议,"Climate governance, strategy, risk management, and metrics and targets.",气候治理、战略、风险管理以及指标与目标。,Enterprise-wide disclosure,企业整体披露,Direct emissions|Indirect energy emissions|Other indirect emissions,直接排放|能源间接排放|其他间接排放,Materiality|Consistency,重要性|一致性,no,,"eson Holdings Limited (the Company), unless otherwise stated. Principles We have referenced the following principles, standards and disclosure frameworks for our reporting, the details of which are outlined in the Context Index. • Global Re",3,seed_batch_09,medium
batch_09,batch_09__r421_jardinematheson__20240__sustainabilityreport__sbti,r421_jardinematheson__20240__sustainabilityreport,r421_jardinematheson,怡和集团,JARDINE MATHESON,421,SBTi,SBTi,Climate target governance system,气候目标治理体系,Target validation guideline,目标审定指引,Science-based target setting and validation for Scope 1-3 targets.,针对Scope 1-3目标的科学碳目标设定与审定。,Scope 1|Scope 2|Scope 3,范围1|范围2|范围3,Direct emissions|Indirect energy emissions|Other indirect emissions,直接排放|能源间接排放|其他间接排放,Science-based ambition,科学目标约束,no,,"2024 Highlights Accelerating decarbonisation 100% portfolio companies established scope 1 and 2 decarbonisation roadmaps, most are 1.5°C-aligned JEC, JRG and Zung Fu achieved target validation for scope 1, 2 and 3 emissions in 2024 from SBT",4,seed_batch_09,medium
batch_09,batch_09__r421_jardinematheson__20240__sustainabilityreport__ghg_protocol,r421_jardinematheson__20240__sustainabilityreport,r421_jardinematheson,怡和集团,JARDINE MATHESON,421,GHG Protocol,GHG Protocol,GHG accounting system,温室气体核算体系,Accounting standard,核算标准,"Corporate greenhouse-gas inventory, Scope 1-3 boundary and accounting rules.",企业温室气体清单、Scope 1-3边界及核算规则。,Scope 1|Scope 2|Scope 3,范围1|范围2|范围3,Direct emissions|Indirect energy emissions|Other indirect emissions,直接排放|能源间接排放|其他间接排放,Relevance|Completeness|Consistency|Transparency|Accuracy,相关性|完整性|一致性|透明性|准确性,no,,"Jardines Sustainability Report 2024 29 Group performance Our approach to measuring and reporting scope 1 and 2 emissions and energy consumption is outlined in our internal GHG and Energy Measurement Guidelines, which are in line with the GH",29,seed_batch_09,medium
batch_09,batch_09__r421_jardinematheson__20240__sustainabilityreport__ifrs_s2,r421_jardinematheson__20240__sustainabilityreport,r421_jardinematheson,怡和集团,JARDINE MATHESON,421,IFRS S2,IFRS S2,Climate disclosure standard,气候披露标准,Disclosure standard,披露标准,Climate-related financial disclosures and emissions metrics for investors.,面向投资者的气候相关财务披露及排放指标。,Enterprise-wide disclosure,企业整体披露,Direct emissions|Indirect energy emissions|Other indirect emissions,直接排放|能源间接排放|其他间接排放,Financial materiality|Comparability,财务重要性|可比性,no,,f internal controls and risk management. 17 ISSB (International Sustainability Standards Board) published its first two IFRS Sustainability Disclosure Standards: IFRS S1 — General Requirements for Disclosure of Sustainability-related Financ,38,seed_batch_09,medium
batch_09,batch_09__r422_mondelezinternational__20240__esgreport__sasb,r422_mondelezinternational__20240__esgreport,r422_mondelezinternational,亿滋国际,MONDELEZ INTERNATIONAL,422,SASB,SASB,Industry disclosure framework,行业披露框架,Disclosure guideline,披露指引,Industry-specific sustainability metrics and investor-facing climate indicators.,行业特定可持续指标及投资者导向的气候指标。,Enterprise-wide disclosure,企业整体披露,Direct emissions|Indirect energy emissions|Other indirect emissions,直接排放|能源间接排放|其他间接排放,Financial materiality,财务重要性,no,,C or other mandatory reporting purposes. ESG REPORTING We discuss our ESG goals and programs in detail in our annual Snacking Made Right reports available on our website. We provide an ESG data sheet and consider the Sustainability Accounti,6,seed_batch_09,medium
batch_09,batch_09__r422_mondelezinternational__20240__esgreport__tcfd,r422_mondelezinternational__20240__esgreport,r422_mondelezinternational,亿滋国际,MONDELEZ INTERNATIONAL,422,TCFD,TCFD,Climate disclosure framework,气候信息披露框架,Disclosure recommendation,披露建议,"Climate governance, strategy, risk management, and metrics and targets.",气候治理、战略、风险管理以及指标与目标。,Enterprise-wide disclosure,企业整体披露,Direct emissions|Indirect energy emissions|Other indirect emissions,直接排放|能源间接排放|其他间接排放,Materiality|Consistency,重要性|一致性,no,,C or other mandatory reporting purposes. ESG REPORTING We discuss our ESG goals and programs in detail in our annual Snacking Made Right reports available on our website. We provide an ESG data sheet and consider the Sustainability Accounti,6,seed_batch_09,medium
batch_09,batch_09__r422_mondelezinternational__20240__esgreport__esrs_csrd,r422_mondelezinternational__20240__esgreport,r422_mondelezinternational,亿滋国际,MONDELEZ INTERNATIONAL,422,ESRS/CSRD,ESRS/CSRD,EU sustainability disclosure regime,欧盟可持续披露体系,Disclosure standard,披露标准,EU sustainability reporting requirements including climate metrics and governance.,欧盟可持续报告要求，包括气候指标与治理要求。,Enterprise-wide disclosure,企业整体披露,Direct emissions|Indirect energy emissions|Other indirect emissions,直接排放|能源间接排放|其他间接排放,Double materiality|Comparability,双重重要性|可比性,no,,"were proud to use enhanced internal procedures and controls on our ESG Reporting Standards to advance readiness assessments for implementation of processes, procedures and controls to be ready to meet evolving future reporting regulation, i",7,seed_batch_09,medium
batch_09,batch_09__r422_mondelezinternational__20240__esgreport__sbti,r422_mondelezinternational__20240__esgreport,r422_mondelezinternational,亿滋国际,MONDELEZ INTERNATIONAL,422,SBTi,SBTi,Climate target governance system,气候目标治理体系,Target validation guideline,目标审定指引,Science-based target setting and validation for Scope 1-3 targets.,针对Scope 1-3目标的科学碳目标设定与审定。,Scope 1|Scope 2|Scope 3,范围1|范围2|范围3,Direct emissions|Indirect energy emissions|Other indirect emissions,直接排放|能源间接排放|其他间接排放,Science-based ambition,科学目标约束,no,,"we can support key suppliers to develop the knowledge and skills needed to measure their Scope 3 emissions, conduct foot printing, set goals, identify opportunities for abatement and disclose information in alignment with the Science Based ",16,seed_batch_09,medium
batch_09,batch_09__r422_mondelezinternational__20240__esgreport__ghg_protocol,r422_mondelezinternational__20240__esgreport,r422_mondelezinternational,亿滋国际,MONDELEZ INTERNATIONAL,422,GHG Protocol,GHG Protocol,GHG accounting system,温室气体核算体系,Accounting standard,核算标准,"Corporate greenhouse-gas inventory, Scope 1-3 boundary and accounting rules.",企业温室气体清单、Scope 1-3边界及核算规则。,Scope 1|Scope 2|Scope 3,范围1|范围2|范围3,Direct emissions|Indirect energy emissions|Other indirect emissions,直接排放|能源间接排放|其他间接排放,Relevance|Completeness|Consistency|Transparency|Accuracy,相关性|完整性|一致性|透明性|准确性,no,,"ase year, including the reduction of absolute gross scope 1 and 2 GHG emissions by 50.4% within the same timeframe, in line with the 1.5ºC reduction pathway.(1) (26) This followed a thorough review of our carbon accounting documentation, in",20,seed_batch_09,medium
batch_09,batch_09__r423_daiwahouseindustry__20250__sustainabilityreport__gri,r423_daiwahouseindustry__20250__sustainabilityreport,r423_daiwahouseindustry,大和房建,DAIWA HOUSE INDUSTRY,423,GRI,GRI,ESG disclosure framework,ESG披露框架,Disclosure standard,披露标准,Sustainability disclosure index and emissions-related reporting indicators.,可持续披露指标索引及排放相关披露指标。,Enterprise-wide disclosure,企业整体披露,Direct emissions|Indirect energy emissions|Other indirect emissions,直接排放|能源间接排放|其他间接排放,Materiality|Comparability,重要性|可比性,no,,"4 to March 31, 2025) but activities before and after this fiscal period are included when necessary. Issued September 2025(Issued once a year, next issue scheduled for September 2026) * Next Japanese version is scheduled in July 2026 Refere",2,seed_batch_09,medium
batch_09,batch_09__r423_daiwahouseindustry__20250__sustainabilityreport__tcfd,r423_daiwahouseindustry__20250__sustainabilityreport,r423_daiwahouseindustry,大和房建,DAIWA HOUSE INDUSTRY,423,TCFD,TCFD,Climate disclosure framework,气候信息披露框架,Disclosure recommendation,披露建议,"Climate governance, strategy, risk management, and metrics and targets.",气候治理、战略、风险管理以及指标与目标。,Enterprise-wide disclosure,企业整体披露,Direct emissions|Indirect energy emissions|Other indirect emissions,直接排放|能源间接排放|其他间接排放,Materiality|Consistency,重要性|一致性,no,,onment (Preservation of biodiversity) 037 Closed-loop resource sourcing and conservation of aquatic environments (Greater durability and waste reduction) 044 Prevention of chemical pollution 049 Response to Task Force on Climate-related Fin,3,seed_batch_09,medium
batch_09,batch_09__r423_daiwahouseindustry__20250__sustainabilityreport__ghg_protocol,r423_daiwahouseindustry__20250__sustainabilityreport,r423_daiwahouseindustry,大和房建,DAIWA HOUSE INDUSTRY,423,GHG Protocol,GHG Protocol,GHG accounting system,温室气体核算体系,Accounting standard,核算标准,"Corporate greenhouse-gas inventory, Scope 1-3 boundary and accounting rules.",企业温室气体清单、Scope 1-3边界及核算规则。,Scope 1|Scope 2|Scope 3,范围1|范围2|范围3,Direct emissions|Indirect energy emissions|Other indirect emissions,直接排放|能源间接排放|其他间接排放,Relevance|Completeness|Consistency|Transparency|Accuracy,相关性|完整性|一致性|透明性|准确性,no,,tions increases during the term (due to an acquisition etc.) Data on the relevant organization is included beginning with the subsequent fiscal year.  Main referential guidelines · Sustainability Reporting Standards by the GRI (Global Repo,132,seed_batch_09,medium
batch_09,batch_09__r424_starbucks__20240__impactreport__ghg_protocol,r424_starbucks__20240__impactreport,r424_starbucks,星巴克公司,STARBUCKS,424,GHG Protocol,GHG Protocol,GHG accounting system,温室气体核算体系,Accounting standard,核算标准,"Corporate greenhouse-gas inventory, Scope 1-3 boundary and accounting rules.",企业温室气体清单、Scope 1-3边界及核算规则。,Scope 1|Scope 2|Scope 3,范围1|范围2|范围3,Direct emissions|Indirect energy emissions|Other indirect emissions,直接排放|能源间接排放|其他间接排放,Relevance|Completeness|Consistency|Transparency|Accuracy,相关性|完整性|一致性|透明性|准确性,no,,"cocoa, dairy, food, and other beverage ingredients. 10Category 1 emissions include the emissions from the goods and services purchased by Starbucks Corporation; Purchases made by licensees for key commodities are included in category 14 as",45,seed_batch_09,medium
batch_09,batch_09__r424_starbucks__20240__impactreport__sbti,r424_starbucks__20240__impactreport,r424_starbucks,星巴克公司,STARBUCKS,424,SBTi,SBTi,Climate target governance system,气候目标治理体系,Target validation guideline,目标审定指引,Science-based target setting and validation for Scope 1-3 targets.,针对Scope 1-3目标的科学碳目标设定与审定。,Scope 1|Scope 2|Scope 3,范围1|范围2|范围3,Direct emissions|Indirect energy emissions|Other indirect emissions,直接排放|能源间接排放|其他间接排放,Science-based ambition,科学目标约束,no,,"tarbucks climate targets is annually reported in this Global Impact Report, in our CDP questionnaire and in other disclosures on our website. Starbucks 2030 greenhouse gas (GHG) emissions reduction target was validated by the Science Based ",52,seed_batch_09,medium
batch_09,batch_09__r425_olamgroup__20240__annualreport__tcfd,r425_olamgroup__20240__annualreport,r425_olamgroup,新加坡奥兰集团,OLAM GROUP,425,TCFD,TCFD,Climate disclosure framework,气候信息披露框架,Disclosure recommendation,披露建议,"Climate governance, strategy, risk management, and metrics and targets.",气候治理、战略、风险管理以及指标与目标。,Enterprise-wide disclosure,企业整体披露,Direct emissions|Indirect energy emissions|Other indirect emissions,直接排放|能源间接排放|其他间接排放,Materiality|Consistency,重要性|一致性,no,,"ew 4 Chairman’s letter 8 Group CEO’s review 14 Financial and performance highlights, and five-year summary 18 Group CFO’s review 26 ofi 44 Olam Agri 61 Remaining Olam Group 85 Sustainability 97 Environment 111 Social 122 People and culture ",2,seed_batch_09,medium
batch_09,batch_09__r425_olamgroup__20240__annualreport__gri,r425_olamgroup__20240__annualreport,r425_olamgroup,新加坡奥兰集团,OLAM GROUP,425,GRI,GRI,ESG disclosure framework,ESG披露框架,Disclosure standard,披露标准,Sustainability disclosure index and emissions-related reporting indicators.,可持续披露指标索引及排放相关披露指标。,Enterprise-wide disclosure,企业整体披露,Direct emissions|Indirect energy emissions|Other indirect emissions,直接排放|能源间接排放|其他间接排放,Materiality|Comparability,重要性|可比性,no,,ork enables us to translate our Purpose into practice. We define three key outcomes: • prosperous farmers and food systems; • thriving communities; and • regeneration of the living world. How we govern sustainability We have been reporting ,89,seed_batch_09,medium
batch_09,batch_09__r425_olamgroup__20240__annualreport__sasb,r425_olamgroup__20240__annualreport,r425_olamgroup,新加坡奥兰集团,OLAM GROUP,425,SASB,SASB,Industry disclosure framework,行业披露框架,Disclosure guideline,披露指引,Industry-specific sustainability metrics and investor-facing climate indicators.,行业特定可持续指标及投资者导向的气候指标。,Enterprise-wide disclosure,企业整体披露,Direct emissions|Indirect energy emissions|Other indirect emissions,直接排放|能源间接排放|其他间接排放,Financial materiality,财务重要性,no,,ork enables us to translate our Purpose into practice. We define three key outcomes: • prosperous farmers and food systems; • thriving communities; and • regeneration of the living world. How we govern sustainability We have been reporting ,89,seed_batch_09,medium
batch_09,batch_09__r425_olamgroup__20240__annualreport__sbti,r425_olamgroup__20240__annualreport,r425_olamgroup,新加坡奥兰集团,OLAM GROUP,425,SBTi,SBTi,Climate target governance system,气候目标治理体系,Target validation guideline,目标审定指引,Science-based target setting and validation for Scope 1-3 targets.,针对Scope 1-3目标的科学碳目标设定与审定。,Scope 1|Scope 2|Scope 3,范围1|范围2|范围3,Direct emissions|Indirect energy emissions|Other indirect emissions,直接排放|能源间接排放|其他间接排放,Science-based ambition,科学目标约束,no,,Agriculture Sector Roadmap to 1.5oC Global Environment Facility (GEF) Business Ambition for 1.5oC (UN Global Compact) Green Climate Fund (GCF) Science-Based Targets Initiative (SBTi) World Cocoa Foundation Task Force on Climate-related Fina,91,seed_batch_09,medium
batch_09,batch_09__r425_olamgroup__20240__annualreport__ghg_protocol,r425_olamgroup__20240__annualreport,r425_olamgroup,新加坡奥兰集团,OLAM GROUP,425,GHG Protocol,GHG Protocol,GHG accounting system,温室气体核算体系,Accounting standard,核算标准,"Corporate greenhouse-gas inventory, Scope 1-3 boundary and accounting rules.",企业温室气体清单、Scope 1-3边界及核算规则。,Scope 1|Scope 2|Scope 3,范围1|范围2|范围3,Direct emissions|Indirect energy emissions|Other indirect emissions,直接排放|能源间接排放|其他间接排放,Relevance|Completeness|Consistency|Transparency|Accuracy,相关性|完整性|一致性|透明性|准确性,no,,"ions by 30.3% by 2030. Measuring Olam Group’s carbon footprint is the first step in informing our climate transition approach. To improve the accuracy of carbon footprint measurements, we use corporate footprint accounting tools and process",99,seed_batch_09,medium
batch_09,batch_09__r426_qualcomm__20240__other__gri,r426_qualcomm__20240__other,r426_qualcomm,高通,QUALCOMM,426,GRI,GRI,ESG disclosure framework,ESG披露框架,Disclosure standard,披露标准,Sustainability disclosure index and emissions-related reporting indicators.,可持续披露指标索引及排放相关披露指标。,Enterprise-wide disclosure,企业整体披露,Direct emissions|Indirect energy emissions|Other indirect emissions,直接排放|能源间接排放|其他间接排放,Materiality|Comparability,重要性|可比性,no,,Table of Contents OPERATING SUSTAINABLY Environmental Sustainability 39 Resources Management 42 Operational Resilience 45 PROGRESS Progress On Our Goals 47 Performance Summary 48 APPENDIX Global Reporting Initiative (GRI) Index 59 Sustainab,2,seed_batch_09,medium
batch_09,batch_09__r426_qualcomm__20240__other__sasb,r426_qualcomm__20240__other,r426_qualcomm,高通,QUALCOMM,426,SASB,SASB,Industry disclosure framework,行业披露框架,Disclosure guideline,披露指引,Industry-specific sustainability metrics and investor-facing climate indicators.,行业特定可持续指标及投资者导向的气候指标。,Enterprise-wide disclosure,企业整体披露,Direct emissions|Indirect energy emissions|Other indirect emissions,直接排放|能源间接排放|其他间接排放,Financial materiality,财务重要性,no,,Table of Contents OPERATING SUSTAINABLY Environmental Sustainability 39 Resources Management 42 Operational Resilience 45 PROGRESS Progress On Our Goals 47 Performance Summary 48 APPENDIX Global Reporting Initiative (GRI) Index 59 Sustainab,2,seed_batch_09,medium
batch_09,batch_09__r426_qualcomm__20240__other__tcfd,r426_qualcomm__20240__other,r426_qualcomm,高通,QUALCOMM,426,TCFD,TCFD,Climate disclosure framework,气候信息披露框架,Disclosure recommendation,披露建议,"Climate governance, strategy, risk management, and metrics and targets.",气候治理、战略、风险管理以及指标与目标。,Enterprise-wide disclosure,企业整体披露,Direct emissions|Indirect energy emissions|Other indirect emissions,直接排放|能源间接排放|其他间接排放,Materiality|Consistency,重要性|一致性,no,,Table of Contents OPERATING SUSTAINABLY Environmental Sustainability 39 Resources Management 42 Operational Resilience 45 PROGRESS Progress On Our Goals 47 Performance Summary 48 APPENDIX Global Reporting Initiative (GRI) Index 59 Sustainab,2,seed_batch_09,medium
batch_09,batch_09__r426_qualcomm__20240__other__ifrs_s2,r426_qualcomm__20240__other,r426_qualcomm,高通,QUALCOMM,426,IFRS S2,IFRS S2,Climate disclosure standard,气候披露标准,Disclosure standard,披露标准,Climate-related financial disclosures and emissions metrics for investors.,面向投资者的气候相关财务披露及排放指标。,Enterprise-wide disclosure,企业整体披露,Direct emissions|Indirect energy emissions|Other indirect emissions,直接排放|能源间接排放|其他间接排放,Financial materiality|Comparability,财务重要性|可比性,no,,"rting landscape shift over time. Therefore, we monitor our top issues and approach for emerging developments and adjust our reporting and programs accordingly. We worked with a third party in FY24 to implement a materiality assessment exerc",11,seed_batch_09,medium
batch_09,batch_09__r426_qualcomm__20240__other__esrs_csrd,r426_qualcomm__20240__other,r426_qualcomm,高通,QUALCOMM,426,ESRS/CSRD,ESRS/CSRD,EU sustainability disclosure regime,欧盟可持续披露体系,Disclosure standard,披露标准,EU sustainability reporting requirements including climate metrics and governance.,欧盟可持续报告要求，包括气候指标与治理要求。,Enterprise-wide disclosure,企业整体披露,Direct emissions|Indirect energy emissions|Other indirect emissions,直接排放|能源间接排放|其他间接排放,Double materiality|Comparability,双重重要性|可比性,no,,"our whole value chain, both within and outside the Company. It is not the same materiality standard relevant in regulatory or other guidance used around the world, including — but not limited to — SEC purposes or as defined in the standards",40,seed_batch_09,medium
batch_09,batch_09__r426_qualcomm__20240__other__ghg_protocol,r426_qualcomm__20240__other,r426_qualcomm,高通,QUALCOMM,426,GHG Protocol,GHG Protocol,GHG accounting system,温室气体核算体系,Accounting standard,核算标准,"Corporate greenhouse-gas inventory, Scope 1-3 boundary and accounting rules.",企业温室气体清单、Scope 1-3边界及核算规则。,Scope 1|Scope 2|Scope 3,范围1|范围2|范围3,Direct emissions|Indirect energy emissions|Other indirect emissions,直接排放|能源间接排放|其他间接排放,Relevance|Completeness|Consistency|Transparency|Accuracy,相关性|完整性|一致性|透明性|准确性,no,,30 Annual avoided emissions of CO2e due to cumulative investments made for energy efficiency for global facilities. 31 GHG emissions data are calculated using the GHG Protocol Corporate Accounting and Reporting Standard. Our Environment Uni,50,seed_batch_09,medium
batch_09,batch_09__r427_broadcom__20240__other__ghg_protocol,r427_broadcom__20240__other,r427_broadcom,博通公司,BROADCOM,427,GHG Protocol,GHG Protocol,GHG accounting system,温室气体核算体系,Accounting standard,核算标准,"Corporate greenhouse-gas inventory, Scope 1-3 boundary and accounting rules.",企业温室气体清单、Scope 1-3边界及核算规则。,Scope 1|Scope 2|Scope 3,范围1|范围2|范围3,Direct emissions|Indirect energy emissions|Other indirect emissions,直接排放|能源间接排放|其他间接排放,Relevance|Completeness|Consistency|Transparency|Accuracy,相关性|完整性|一致性|透明性|准确性,no,,"GUIDELINES & CONTENT We prepared this report using the Global Reporting Initiative (GRI) Sustainability Reporting Standards (core option), the Sustainability Accounting Standards Board (SASB) Semiconductors and Software and IT Services Indu",2,seed_batch_09,medium
batch_09,batch_09__r427_broadcom__20240__other__gri,r427_broadcom__20240__other,r427_broadcom,博通公司,BROADCOM,427,GRI,GRI,ESG disclosure framework,ESG披露框架,Disclosure standard,披露标准,Sustainability disclosure index and emissions-related reporting indicators.,可持续披露指标索引及排放相关披露指标。,Enterprise-wide disclosure,企业整体披露,Direct emissions|Indirect energy emissions|Other indirect emissions,直接排放|能源间接排放|其他间接排放,Materiality|Comparability,重要性|可比性,no,,"GUIDELINES & CONTENT We prepared this report using the Global Reporting Initiative (GRI) Sustainability Reporting Standards (core option), the Sustainability Accounting Standards Board (SASB) Semiconductors and Software and IT Services Indu",2,seed_batch_09,medium
batch_09,batch_09__r427_broadcom__20240__other__sasb,r427_broadcom__20240__other,r427_broadcom,博通公司,BROADCOM,427,SASB,SASB,Industry disclosure framework,行业披露框架,Disclosure guideline,披露指引,Industry-specific sustainability metrics and investor-facing climate indicators.,行业特定可持续指标及投资者导向的气候指标。,Enterprise-wide disclosure,企业整体披露,Direct emissions|Indirect energy emissions|Other indirect emissions,直接排放|能源间接排放|其他间接排放,Financial materiality,财务重要性,no,,"GUIDELINES & CONTENT We prepared this report using the Global Reporting Initiative (GRI) Sustainability Reporting Standards (core option), the Sustainability Accounting Standards Board (SASB) Semiconductors and Software and IT Services Indu",2,seed_batch_09,medium
batch_09,batch_09__r427_broadcom__20240__other__tcfd,r427_broadcom__20240__other,r427_broadcom,博通公司,BROADCOM,427,TCFD,TCFD,Climate disclosure framework,气候信息披露框架,Disclosure recommendation,披露建议,"Climate governance, strategy, risk management, and metrics and targets.",气候治理、战略、风险管理以及指标与目标。,Enterprise-wide disclosure,企业整体披露,Direct emissions|Indirect energy emissions|Other indirect emissions,直接排放|能源间接排放|其他间接排放,Materiality|Consistency,重要性|一致性,no,,"GUIDELINES & CONTENT We prepared this report using the Global Reporting Initiative (GRI) Sustainability Reporting Standards (core option), the Sustainability Accounting Standards Board (SASB) Semiconductors and Software and IT Services Indu",2,seed_batch_09,medium
batch_09,batch_09__r427_broadcom__20240__other__sbti,r427_broadcom__20240__other,r427_broadcom,博通公司,BROADCOM,427,SBTi,SBTi,Climate target governance system,气候目标治理体系,Target validation guideline,目标审定指引,Science-based target setting and validation for Scope 1-3 targets.,针对Scope 1-3目标的科学碳目标设定与审定。,Scope 1|Scope 2|Scope 3,范围1|范围2|范围3,Direct emissions|Indirect energy emissions|Other indirect emissions,直接排放|能源间接排放|其他间接排放,Science-based ambition,科学目标约束,no,,rmination of our employees and the strength of our business and products. We continue to make progress on our commitment to reduce our Scope 1 and Scope 2 greenhouse gas (GHG) emissions in line with the UN Paris Agreement and Science Based ,3,seed_batch_09,medium
batch_09,batch_09__r428_jfeholdings__20240__sustainabilityreport__tcfd,r428_jfeholdings__20240__sustainabilityreport,r428_jfeholdings,日本钢铁工程控股公司,JFE HOLDINGS,428,TCFD,TCFD,Climate disclosure framework,气候信息披露框架,Disclosure recommendation,披露建议,"Climate governance, strategy, risk management, and metrics and targets.",气候治理、战略、风险管理以及指标与目标。,Enterprise-wide disclosure,企业整体披露,Direct emissions|Indirect energy emissions|Other indirect emissions,直接排放|能源间接排放|其他间接排放,Materiality|Consistency,重要性|一致性,no,,f the Seventh Medium-term Business Plan 26 JFE Group Value Chain 38 Stakeholder Engagement Environment 45 Executive Summary 46 Environmental Management 52 Initiatives to Address Climate Change Issues 90 Policy Engagement 104 Scenario Analys,2,seed_batch_09,medium
batch_09,batch_09__r428_jfeholdings__20240__sustainabilityreport__gri,r428_jfeholdings__20240__sustainabilityreport,r428_jfeholdings,日本钢铁工程控股公司,JFE HOLDINGS,428,GRI,GRI,ESG disclosure framework,ESG披露框架,Disclosure standard,披露标准,Sustainability disclosure index and emissions-related reporting indicators.,可持续披露指标索引及排放相关披露指标。,Enterprise-wide disclosure,企业整体披露,Direct emissions|Indirect energy emissions|Other indirect emissions,直接排放|能源间接排放|其他间接排放,Materiality|Comparability,重要性|可比性,no,,"ernational norms and guidelines referenced: United Nations Guiding Principles on Business and Human Rights, International Bill of Human Rights, ILO’s Core Labor Standards, OECD Guidelines for Multinational Enterprises, Ten Principles of the",172,seed_batch_09,medium
batch_09,batch_09__r431_elo集团__20240__other__esrs_csrd,r431_elo集团__20240__other,r431_elo集团,ELO集团,ELO集团,431,ESRS/CSRD,ESRS/CSRD,EU sustainability disclosure regime,欧盟可持续披露体系,Disclosure standard,披露标准,EU sustainability reporting requirements including climate metrics and governance.,欧盟可持续报告要求，包括气候指标与治理要求。,Enterprise-wide disclosure,企业整体披露,Direct emissions|Indirect energy emissions|Other indirect emissions,直接排放|能源间接排放|其他间接排放,Double materiality|Comparability,双重重要性|可比性,no,,nd management report on the consolidated financial statements 21 2.1 Significant events and main changes in scope 22 2.2 Activities and results 25 2.3 Corporate social responsibility 29 2.4 Subsequent events 29 2.5 Outlook 29 3 Sustainabili,3,seed_batch_09,medium
batch_09,batch_09__r431_elo集团__20240__other__sasb,r431_elo集团__20240__other,r431_elo集团,ELO集团,ELO集团,431,SASB,SASB,Industry disclosure framework,行业披露框架,Disclosure guideline,披露指引,Industry-specific sustainability metrics and investor-facing climate indicators.,行业特定可持续指标及投资者导向的气候指标。,Enterprise-wide disclosure,企业整体披露,Direct emissions|Indirect energy emissions|Other indirect emissions,直接排放|能源间接排放|其他间接排放,Financial materiality,财务重要性,no,,"o the Group's activities includes a sectoral comparative study covering several peers for each of the activities (4 for the Retail activity, 3 for the Real Estate activity), as well as a comparative study with regard to several internationa",71,seed_batch_09,medium
batch_09,batch_09__r431_elo集团__20240__other__ghg_protocol,r431_elo集团__20240__other,r431_elo集团,ELO集团,ELO集团,431,GHG Protocol,GHG Protocol,GHG accounting system,温室气体核算体系,Accounting standard,核算标准,"Corporate greenhouse-gas inventory, Scope 1-3 boundary and accounting rules.",企业温室气体清单、Scope 1-3边界及核算规则。,Scope 1|Scope 2|Scope 3,范围1|范围2|范围3,Direct emissions|Indirect energy emissions|Other indirect emissions,直接排放|能源间接排放|其他间接排放,Relevance|Completeness|Consistency|Transparency|Accuracy,相关性|完整性|一致性|透明性|准确性,no,,"onmental IROs > For climate-related IROs E1.IRO-1 To identify and assess its impact on climate change, and in particular its GHG emissions, the Group carried out a full carbon assessment of all its activities in 2023. This assessment was ca",74,seed_batch_09,medium
batch_09,batch_09__r431_elo集团__20240__other__sbti,r431_elo集团__20240__other,r431_elo集团,ELO集团,ELO集团,431,SBTi,SBTi,Climate target governance system,气候目标治理体系,Target validation guideline,目标审定指引,Science-based target setting and validation for Scope 1-3 targets.,针对Scope 1-3目标的科学碳目标设定与审定。,Scope 1|Scope 2|Scope 3,范围1|范围2|范围3,Direct emissions|Indirect energy emissions|Other indirect emissions,直接排放|能源间接排放|其他间接排放,Science-based ambition,科学目标约束,no,,"rogress has been made within the Retail and Real Estate activities, as described in this section, foreshadowing a future Group-wide consolidated plan. ELO is working on a comprehensive transition plan for 2026. Decarbonisation pathway and t",107,seed_batch_09,medium
batch_09,batch_09__r433_mercadona公司__20240__annualreport__gri,r433_mercadona公司__20240__annualreport,r433_mercadona公司,Mercadona公司,Mercadona公司,433,GRI,GRI,ESG disclosure framework,ESG披露框架,Disclosure standard,披露标准,Sustainability disclosure index and emissions-related reporting indicators.,可持续披露指标索引及排放相关披露指标。,Enterprise-wide disclosure,企业整体披露,Direct emissions|Indirect energy emissions|Other indirect emissions,直接排放|能源间接排放|其他间接排放,Materiality|Comparability,重要性|可比性,no,,"18 Materiality and stakeholders In line with the recommendations of the Global Reporting Initiative (GRI) standards, a materiality analysis has been carried out, identifying issues considered relevant to the business and stakeholders (""The ",19,seed_batch_09,medium
batch_09,batch_09__r433_mercadona公司__20240__annualreport__ghg_protocol,r433_mercadona公司__20240__annualreport,r433_mercadona公司,Mercadona公司,Mercadona公司,433,GHG Protocol,GHG Protocol,GHG accounting system,温室气体核算体系,Accounting standard,核算标准,"Corporate greenhouse-gas inventory, Scope 1-3 boundary and accounting rules.",企业温室气体清单、Scope 1-3边界及核算规则。,Scope 1|Scope 2|Scope 3,范围1|范围2|范围3,Direct emissions|Indirect energy emissions|Other indirect emissions,直接排放|能源间接排放|其他间接排放,Relevance|Completeness|Consistency|Transparency|Accuracy,相关性|完整性|一致性|透明性|准确性,no,,"nd climate change Every year, Mercadona analyses its carbon footprint to determine its evolution and establish new objectives and strategies to accelerate the reduction of its impact. Over the last twelve months, following the application o",87,seed_batch_09,medium
batch_09,batch_09__r433_mercadona公司__20240__annualreport__iso_14064,r433_mercadona公司__20240__annualreport,r433_mercadona公司,Mercadona公司,Mercadona公司,433,ISO 14064,ISO 14064,Other reporting framework,其他报告框架,Guideline,指引,"Referenced in the report as a reporting, assurance or methodological basis.",在报告中作为披露、鉴证或方法学依据被引用。,Enterprise-wide disclosure,企业整体披露,,,,,no,,"nd climate change Every year, Mercadona analyses its carbon footprint to determine its evolution and establish new objectives and strategies to accelerate the reduction of its impact. Over the last twelve months, following the application o",87,seed_batch_09,medium
batch_09,batch_09__r434_drhorton公司__20240__sustainabilityreport__sasb,r434_drhorton公司__20240__sustainabilityreport,r434_drhorton公司,D.R. Horton公司,D.R. Horton公司,434,SASB,SASB,Industry disclosure framework,行业披露框架,Disclosure guideline,披露指引,Industry-specific sustainability metrics and investor-facing climate indicators.,行业特定可持续指标及投资者导向的气候指标。,Enterprise-wide disclosure,企业整体披露,Direct emissions|Indirect energy emissions|Other indirect emissions,直接排放|能源间接排放|其他间接排放,Financial materiality,财务重要性,no,,"Home Quality & Safety 65 Vendors & Suppliers 71 Responsible Land Development 74 Water Management & Efficiency 76 Greenhouse Gas Emissions Appendices 79 2024 Employer Information Report (EEO-1) - D.R. Horton, Inc. 80 Sustainability Accountin",2,seed_batch_09,medium
batch_09,batch_09__r434_drhorton公司__20240__sustainabilityreport__tcfd,r434_drhorton公司__20240__sustainabilityreport,r434_drhorton公司,D.R. Horton公司,D.R. Horton公司,434,TCFD,TCFD,Climate disclosure framework,气候信息披露框架,Disclosure recommendation,披露建议,"Climate governance, strategy, risk management, and metrics and targets.",气候治理、战略、风险管理以及指标与目标。,Enterprise-wide disclosure,企业整体披露,Direct emissions|Indirect energy emissions|Other indirect emissions,直接排放|能源间接排放|其他间接排放,Materiality|Consistency,重要性|一致性,no,,"Home Quality & Safety 65 Vendors & Suppliers 71 Responsible Land Development 74 Water Management & Efficiency 76 Greenhouse Gas Emissions Appendices 79 2024 Employer Information Report (EEO-1) - D.R. Horton, Inc. 80 Sustainability Accountin",2,seed_batch_09,medium
batch_09,batch_09__r434_drhorton公司__20240__sustainabilityreport__ifrs_s2,r434_drhorton公司__20240__sustainabilityreport,r434_drhorton公司,D.R. Horton公司,D.R. Horton公司,434,IFRS S2,IFRS S2,Climate disclosure standard,气候披露标准,Disclosure standard,披露标准,Climate-related financial disclosures and emissions metrics for investors.,面向投资者的气候相关财务披露及排放指标。,Enterprise-wide disclosure,企业整体披露,Direct emissions|Indirect energy emissions|Other indirect emissions,直接排放|能源间接排放|其他间接排放,Financial materiality|Comparability,财务重要性|可比性,no,,"he data presented within this report is as of or for the fiscal year ended September 30, 2024, unless otherwise noted, and is presented in accordance with the homebuilders industry reporting standards prepared by the Sustainability Accounti",5,seed_batch_09,medium
batch_09,batch_09__r434_drhorton公司__20240__sustainabilityreport__ghg_protocol,r434_drhorton公司__20240__sustainabilityreport,r434_drhorton公司,D.R. Horton公司,D.R. Horton公司,434,GHG Protocol,GHG Protocol,GHG accounting system,温室气体核算体系,Accounting standard,核算标准,"Corporate greenhouse-gas inventory, Scope 1-3 boundary and accounting rules.",企业温室气体清单、Scope 1-3边界及核算规则。,Scope 1|Scope 2|Scope 3,范围1|范围2|范围3,Direct emissions|Indirect energy emissions|Other indirect emissions,直接排放|能源间接排放|其他间接排放,Relevance|Completeness|Consistency|Transparency|Accuracy,相关性|完整性|一致性|透明性|准确性,no,,"G emissions used recognized emission factors from The Climate Registry, Intergovernmental Panel on Climate Change (IPCC) and the United States Environmental Protection Agency (EPA). Our GHG emissions were classified into two categories, in ",76,seed_batch_09,medium
batch_09,batch_09__r440_philipmorrisinternational__20240__integratedreport__gri,r440_philipmorrisinternational__20240__integratedreport,r440_philipmorrisinternational,菲利普－莫里斯国际公司,PHILIP MORRIS INTERNATIONAL,440,GRI,GRI,ESG disclosure framework,ESG披露框架,Disclosure standard,披露标准,Sustainability disclosure index and emissions-related reporting indicators.,可持续披露指标索引及排放相关披露指标。,Enterprise-wide disclosure,企业整体披露,Direct emissions|Indirect energy emissions|Other indirect emissions,直接排放|能源间接排放|其他间接排放,Materiality|Comparability,重要性|可比性,no,,accompanied by a set of publications that will be available for download on PMI.com or will be issued shortly after this report publication: • Reporting indices mapping content of this report against the Universal Standards of the Global Re,2,seed_batch_09,medium
batch_09,batch_09__r440_philipmorrisinternational__20240__integratedreport__sasb,r440_philipmorrisinternational__20240__integratedreport,r440_philipmorrisinternational,菲利普－莫里斯国际公司,PHILIP MORRIS INTERNATIONAL,440,SASB,SASB,Industry disclosure framework,行业披露框架,Disclosure guideline,披露指引,Industry-specific sustainability metrics and investor-facing climate indicators.,行业特定可持续指标及投资者导向的气候指标。,Enterprise-wide disclosure,企业整体披露,Direct emissions|Indirect energy emissions|Other indirect emissions,直接排放|能源间接排放|其他间接排放,Financial materiality,财务重要性,no,,accompanied by a set of publications that will be available for download on PMI.com or will be issued shortly after this report publication: • Reporting indices mapping content of this report against the Universal Standards of the Global Re,2,seed_batch_09,medium
batch_09,batch_09__r440_philipmorrisinternational__20240__integratedreport__esrs_csrd,r440_philipmorrisinternational__20240__integratedreport,r440_philipmorrisinternational,菲利普－莫里斯国际公司,PHILIP MORRIS INTERNATIONAL,440,ESRS/CSRD,ESRS/CSRD,EU sustainability disclosure regime,欧盟可持续披露体系,Disclosure standard,披露标准,EU sustainability reporting requirements including climate metrics and governance.,欧盟可持续报告要求，包括气候指标与治理要求。,Enterprise-wide disclosure,企业整体披露,Direct emissions|Indirect energy emissions|Other indirect emissions,直接排放|能源间接排放|其他间接排放,Double materiality|Comparability,双重重要性|可比性,no,,"In 2024, we continued strengthening this commitment through concrete actions. We completed a comprehensive sustainability materiality assessment, following the principles of double materiality, aligned with the EU Corporate Sustainability R",12,seed_batch_09,medium
batch_09,batch_09__r440_philipmorrisinternational__20240__integratedreport__tcfd,r440_philipmorrisinternational__20240__integratedreport,r440_philipmorrisinternational,菲利普－莫里斯国际公司,PHILIP MORRIS INTERNATIONAL,440,TCFD,TCFD,Climate disclosure framework,气候信息披露框架,Disclosure recommendation,披露建议,"Climate governance, strategy, risk management, and metrics and targets.",气候治理、战略、风险管理以及指标与目标。,Enterprise-wide disclosure,企业整体披露,Direct emissions|Indirect energy emissions|Other indirect emissions,直接排放|能源间接排放|其他间接排放,Materiality|Consistency,重要性|一致性,no,,"nts on particular topics, for example related to human rights impact assessments (HRIAs), climate change-related risks and opportunities (CCRO), or nature and biodiversity risks and opportunities (as per the Taskforce on Climate-Related Fin",20,seed_batch_09,medium
batch_09,batch_09__r440_philipmorrisinternational__20240__integratedreport__ghg_protocol,r440_philipmorrisinternational__20240__integratedreport,r440_philipmorrisinternational,菲利普－莫里斯国际公司,PHILIP MORRIS INTERNATIONAL,440,GHG Protocol,GHG Protocol,GHG accounting system,温室气体核算体系,Accounting standard,核算标准,"Corporate greenhouse-gas inventory, Scope 1-3 boundary and accounting rules.",企业温室气体清单、Scope 1-3边界及核算规则。,Scope 1|Scope 2|Scope 3,范围1|范围2|范围3,Direct emissions|Indirect energy emissions|Other indirect emissions,直接排放|能源间接排放|其他间接排放,Relevance|Completeness|Consistency|Transparency|Accuracy,相关性|完整性|一致性|透明性|准确性,no,,"nufacturing emissions intensity than cigarettes. Progress in 2024 122 Philip Morris International Integrated Report 2024 Highlights Challenges Overview of our GHG emission footprint We calculate our GHG emission footprint annually, followin",62,seed_batch_09,medium
batch_09,batch_09__r440_philipmorrisinternational__20240__integratedreport__iso_14064_3,r440_philipmorrisinternational__20240__integratedreport,r440_philipmorrisinternational,菲利普－莫里斯国际公司,PHILIP MORRIS INTERNATIONAL,440,ISO 14064-3,ISO 14064-3,ISO assurance system,ISO鉴证体系,Verification and assurance standard,核查与鉴证标准,Greenhouse-gas statement verification and assurance requirements.,温室气体声明核查与鉴证要求。,Scope 1|Scope 2|Scope 3,范围1|范围2|范围3,Direct emissions|Indirect energy emissions|Other indirect emissions,直接排放|能源间接排放|其他间接排放,Verifiability|Credibility,可核查性|可信性,no,,"nufacturing emissions intensity than cigarettes. Progress in 2024 122 Philip Morris International Integrated Report 2024 Highlights Challenges Overview of our GHG emission footprint We calculate our GHG emission footprint annually, followin",62,seed_batch_09,medium
batch_09,batch_09__r440_philipmorrisinternational__20240__integratedreport__sbti,r440_philipmorrisinternational__20240__integratedreport,r440_philipmorrisinternational,菲利普－莫里斯国际公司,PHILIP MORRIS INTERNATIONAL,440,SBTi,SBTi,Climate target governance system,气候目标治理体系,Target validation guideline,目标审定指引,Science-based target setting and validation for Scope 1-3 targets.,针对Scope 1-3目标的科学碳目标设定与审定。,Scope 1|Scope 2|Scope 3,范围1|范围2|范围3,Direct emissions|Indirect energy emissions|Other indirect emissions,直接排放|能源间接排放|其他间接排放,Science-based ambition,科学目标约束,no,,"uct volume mix, challenges associated with securing renewable electricity certificates in some markets, and the ongoing integration process of Swedish Match, for which a decarbonization strategy is being developed. However, we remain well o",63,seed_batch_09,medium
batch_09,batch_09__r441_paccar__20240__esgreport__sasb,r441_paccar__20240__esgreport,r441_paccar,帕卡公司,PACCAR,441,SASB,SASB,Industry disclosure framework,行业披露框架,Disclosure guideline,披露指引,Industry-specific sustainability metrics and investor-facing climate indicators.,行业特定可持续指标及投资者导向的气候指标。,Enterprise-wide disclosure,企业整体披露,Direct emissions|Indirect energy emissions|Other indirect emissions,直接排放|能源间接排放|其他间接排放,Financial materiality,财务重要性,no,,"1 PACCAR SASB-ESG Report 2024 SASB Standards Disclosure Table Industrial Machinery & Goods Sustainability Accounting Standard Version 2023-12 Topic Metric Disclosure Energy Management See TCFD-CDP Report: C8.2a Total energy consumed 975,978",1,seed_batch_09,medium
batch_09,batch_09__r441_paccar__20240__esgreport__tcfd,r441_paccar__20240__esgreport,r441_paccar,帕卡公司,PACCAR,441,TCFD,TCFD,Climate disclosure framework,气候信息披露框架,Disclosure recommendation,披露建议,"Climate governance, strategy, risk management, and metrics and targets.",气候治理、战略、风险管理以及指标与目标。,Enterprise-wide disclosure,企业整体披露,Direct emissions|Indirect energy emissions|Other indirect emissions,直接排放|能源间接排放|其他间接排放,Materiality|Consistency,重要性|一致性,no,,"1 PACCAR SASB-ESG Report 2024 SASB Standards Disclosure Table Industrial Machinery & Goods Sustainability Accounting Standard Version 2023-12 Topic Metric Disclosure Energy Management See TCFD-CDP Report: C8.2a Total energy consumed 975,978",1,seed_batch_09,medium
batch_09,batch_09__r441_paccar__20240__esgreport__ghg_protocol,r441_paccar__20240__esgreport,r441_paccar,帕卡公司,PACCAR,441,GHG Protocol,GHG Protocol,GHG accounting system,温室气体核算体系,Accounting standard,核算标准,"Corporate greenhouse-gas inventory, Scope 1-3 boundary and accounting rules.",企业温室气体清单、Scope 1-3边界及核算规则。,Scope 1|Scope 2|Scope 3,范围1|范围2|范围3,Direct emissions|Indirect energy emissions|Other indirect emissions,直接排放|能源间接排放|其他间接排放,Relevance|Completeness|Consistency|Transparency|Accuracy,相关性|完整性|一致性|透明性|准确性,no,,"7 • Climate related opportunities, potential financial impact, and response strategy Metrics and Targets • Approved science-based targets • Other climate related targets • Net Zero target, in line with the latest climate science • GHG Proto",7,seed_batch_09,medium
batch_09,batch_09__r441_paccar__20240__esgreport__sbti,r441_paccar__20240__esgreport,r441_paccar,帕卡公司,PACCAR,441,SBTi,SBTi,Climate target governance system,气候目标治理体系,Target validation guideline,目标审定指引,Science-based target setting and validation for Scope 1-3 targets.,针对Scope 1-3目标的科学碳目标设定与审定。,Scope 1|Scope 2|Scope 3,范围1|范围2|范围3,Direct emissions|Indirect energy emissions|Other indirect emissions,直接排放|能源间接排放|其他间接排放,Science-based ambition,科学目标约束,no,,"8 Science Based Targets In 2021, PACCAR established greenhouse emissions reduction targets approved by the Science Based Targets Initiative (SBTi). SBTi works with over 7,480 companies worldwide to create a clearly defined path to reduce gr",8,seed_batch_09,medium
batch_09,batch_09__r441_paccar__20240__esgreport__ifrs_s2,r441_paccar__20240__esgreport,r441_paccar,帕卡公司,PACCAR,441,IFRS S2,IFRS S2,Climate disclosure standard,气候披露标准,Disclosure standard,披露标准,Climate-related financial disclosures and emissions metrics for investors.,面向投资者的气候相关财务披露及排放指标。,Enterprise-wide disclosure,企业整体披露,Direct emissions|Indirect energy emissions|Other indirect emissions,直接排放|能源间接排放|其他间接排放,Financial materiality|Comparability,财务重要性|可比性,no,,"0 suppliers are screened using the International Sustainability Standard Boards (ISSB, part of the International Financial Reporting Standards Foundation) to identify relevant ESG issues attributed to the industry sector associated with eac",9,seed_batch_09,medium
batch_09,batch_09__r443_crh公司__20240__sustainabilityreport__gri,r443_crh公司__20240__sustainabilityreport,r443_crh公司,CRH公司,CRH公司,443,GRI,GRI,ESG disclosure framework,ESG披露框架,Disclosure standard,披露标准,Sustainability disclosure index and emissions-related reporting indicators.,可持续披露指标索引及排放相关披露指标。,Enterprise-wide disclosure,企业整体披露,Direct emissions|Indirect energy emissions|Other indirect emissions,直接排放|能源间接排放|其他间接排放,Materiality|Comparability,重要性|可比性,no,,"hapter 1 Sustainable Leadership Chapter 4 Sustainable Performance Chapter 3 Sustainable Foundations Chapter 2 Sustainable Solutions Our Sustainability Policies 824 Engaging With Our Stakeholders 84 Reporting History, Scope and Basis 86 Data",2,seed_batch_09,medium
batch_09,batch_09__r443_crh公司__20240__sustainabilityreport__sasb,r443_crh公司__20240__sustainabilityreport,r443_crh公司,CRH公司,CRH公司,443,SASB,SASB,Industry disclosure framework,行业披露框架,Disclosure guideline,披露指引,Industry-specific sustainability metrics and investor-facing climate indicators.,行业特定可持续指标及投资者导向的气候指标。,Enterprise-wide disclosure,企业整体披露,Direct emissions|Indirect energy emissions|Other indirect emissions,直接排放|能源间接排放|其他间接排放,Financial materiality,财务重要性,no,,"hapter 1 Sustainable Leadership Chapter 4 Sustainable Performance Chapter 3 Sustainable Foundations Chapter 2 Sustainable Solutions Our Sustainability Policies 824 Engaging With Our Stakeholders 84 Reporting History, Scope and Basis 86 Data",2,seed_batch_09,medium
batch_09,batch_09__r443_crh公司__20240__sustainabilityreport__esrs_csrd,r443_crh公司__20240__sustainabilityreport,r443_crh公司,CRH公司,CRH公司,443,ESRS/CSRD,ESRS/CSRD,EU sustainability disclosure regime,欧盟可持续披露体系,Disclosure standard,披露标准,EU sustainability reporting requirements including climate metrics and governance.,欧盟可持续报告要求，包括气候指标与治理要求。,Enterprise-wide disclosure,企业整体披露,Direct emissions|Indirect energy emissions|Other indirect emissions,直接排放|能源间接排放|其他间接排放,Double materiality|Comparability,双重重要性|可比性,no,,"undertaken reflected the stakeholder groups’ relationship with CRH. Reviewed a wide range of sources for potentially relevant sustainability topics that impact and are impacted by CRH, including: • Media, Global and Industry Trends; • Topi",14,seed_batch_09,medium
batch_09,batch_09__r443_crh公司__20240__sustainabilityreport__sbti,r443_crh公司__20240__sustainabilityreport,r443_crh公司,CRH公司,CRH公司,443,SBTi,SBTi,Climate target governance system,气候目标治理体系,Target validation guideline,目标审定指引,Science-based target setting and validation for Scope 1-3 targets.,针对Scope 1-3目标的科学碳目标设定与审定。,Scope 1|Scope 2|Scope 3,范围1|范围2|范围3,Direct emissions|Indirect energy emissions|Other indirect emissions,直接排放|能源间接排放|其他间接排放,Science-based ambition,科学目标约束,no,,"emissions reduction target of 30% by 2030 (from a 2021 base year) inclusive of organic business growth. This target applies to our group-wide gross carbon emissions and covers our total footprint across Scope 1, 2 and 3. The Science Based T",39,seed_batch_09,medium
batch_09,batch_09__r443_crh公司__20240__sustainabilityreport__tcfd,r443_crh公司__20240__sustainabilityreport,r443_crh公司,CRH公司,CRH公司,443,TCFD,TCFD,Climate disclosure framework,气候信息披露框架,Disclosure recommendation,披露建议,"Climate governance, strategy, risk management, and metrics and targets.",气候治理、战略、风险管理以及指标与目标。,Enterprise-wide disclosure,企业整体披露,Direct emissions|Indirect energy emissions|Other indirect emissions,直接排放|能源间接排放|其他间接排放,Materiality|Consistency,重要性|一致性,no,,"onally recognized just transition principles. Climate-Related Disclosures CRH has reported on our climate performance for many years, through engagement with multiple mandatory and voluntary carbon disclosure requirements, organizations and",44,seed_batch_09,medium
batch_09,batch_09__r445_salesforce__nan__impactreport__esrs_csrd,r445_salesforce__nan__impactreport,r445_salesforce,赛富时,SALESFORCE,445,ESRS/CSRD,ESRS/CSRD,EU sustainability disclosure regime,欧盟可持续披露体系,Disclosure standard,披露标准,EU sustainability reporting requirements including climate metrics and governance.,欧盟可持续报告要求，包括气候指标与治理要求。,Enterprise-wide disclosure,企业整体披露,Direct emissions|Indirect energy emissions|Other indirect emissions,直接排放|能源间接排放|其他间接排放,Double materiality|Comparability,双重重要性|可比性,no,,"nd Development In FY24, we focused on exploring innovative ways to support our customers in their nature commitments and disclosure obligations. From prototyping solutions for the biodiversity standard of the EU’s Corporate Sustainability R",21,seed_batch_09,medium
batch_09,batch_09__r445_salesforce__nan__impactreport__ghg_protocol,r445_salesforce__nan__impactreport,r445_salesforce,赛富时,SALESFORCE,445,GHG Protocol,GHG Protocol,GHG accounting system,温室气体核算体系,Accounting standard,核算标准,"Corporate greenhouse-gas inventory, Scope 1-3 boundary and accounting rules.",企业温室气体清单、Scope 1-3边界及核算规则。,Scope 1|Scope 2|Scope 3,范围1|范围2|范围3,Direct emissions|Indirect energy emissions|Other indirect emissions,直接排放|能源间接排放|其他间接排放,Relevance|Completeness|Consistency|Transparency|Accuracy,相关性|完整性|一致性|透明性|准确性,no,,"to the of CA Senate Bill 253, aimed at standardizing climate data reporting for investors and stakeholders. development and passage Engagement with the Greenhouse Gas Protocol: Actively participated in , proposing key revisions to enhance t",25,seed_batch_09,medium
batch_09,batch_09__r445_salesforce__nan__impactreport__sasb,r445_salesforce__nan__impactreport,r445_salesforce,赛富时,SALESFORCE,445,SASB,SASB,Industry disclosure framework,行业披露框架,Disclosure guideline,披露指引,Industry-specific sustainability metrics and investor-facing climate indicators.,行业特定可持续指标及投资者导向的气候指标。,Enterprise-wide disclosure,企业整体披露,Direct emissions|Indirect energy emissions|Other indirect emissions,直接排放|能源间接排放|其他间接排放,Financial materiality,财务重要性,no,,"t of the organization for actionable guidance in all areas of the organization. Regulations were top-of-mind for businesses in 2023. Net Zero Cloud offers report builders that are tailored to major regulatory standards reporting frameworks,",52,seed_batch_09,medium
batch_09,batch_09__r445_salesforce__nan__impactreport__gri,r445_salesforce__nan__impactreport,r445_salesforce,赛富时,SALESFORCE,445,GRI,GRI,ESG disclosure framework,ESG披露框架,Disclosure standard,披露标准,Sustainability disclosure index and emissions-related reporting indicators.,可持续披露指标索引及排放相关披露指标。,Enterprise-wide disclosure,企业整体披露,Direct emissions|Indirect energy emissions|Other indirect emissions,直接排放|能源间接排放|其他间接排放,Materiality|Comparability,重要性|可比性,no,,"ESG materiality assessments, which identify the topics most important to our stakeholders and to our success as a business. We also look to leading ESG disclosure frameworks and standards, such as (SASB) Software and IT Services sector guid",64,seed_batch_09,medium
batch_09,batch_09__r445_salesforce__nan__impactreport__tcfd,r445_salesforce__nan__impactreport,r445_salesforce,赛富时,SALESFORCE,445,TCFD,TCFD,Climate disclosure framework,气候信息披露框架,Disclosure recommendation,披露建议,"Climate governance, strategy, risk management, and metrics and targets.",气候治理、战略、风险管理以及指标与目标。,Enterprise-wide disclosure,企业整体披露,Direct emissions|Indirect energy emissions|Other indirect emissions,直接排放|能源间接排放|其他间接排放,Materiality|Consistency,重要性|一致性,no,,"ESG materiality assessments, which identify the topics most important to our stakeholders and to our success as a business. We also look to leading ESG disclosure frameworks and standards, such as (SASB) Software and IT Services sector guid",64,seed_batch_09,medium
batch_09,batch_09__r445_salesforce__nan__impactreport__sbti,r445_salesforce__nan__impactreport,r445_salesforce,赛富时,SALESFORCE,445,SBTi,SBTi,Climate target governance system,气候目标治理体系,Target validation guideline,目标审定指引,Science-based target setting and validation for Scope 1-3 targets.,针对Scope 1-3目标的科学碳目标设定与审定。,Scope 1|Scope 2|Scope 3,范围1|范围2|范围3,Direct emissions|Indirect energy emissions|Other indirect emissions,直接排放|能源间接排放|其他间接排放,Science-based ambition,科学目标约束,no,,"fiscal 2041. Both of these goals are calculated from a 2019 base year and are only achievable with additional innovation and investment. See Climate Action Plan for more details. (2) In fiscal 2023, we updated our supplier engagement target",87,seed_batch_09,medium
batch_09,batch_09__r445_salesforce__nan__impactreport__pcaf,r445_salesforce__nan__impactreport,r445_salesforce,赛富时,SALESFORCE,445,PCAF,PCAF,Financed emissions accounting system,投融资排放核算体系,Accounting standard,核算标准,Accounting methodology for financed emissions and investment-related footprints.,投融资排放及投资相关碳足迹核算方法。,Scope 3,范围3,Other indirect emissions,其他间接排放,Attribution|Data quality hierarchy,归因原则|数据质量层级,no,,"th renewable energy applied, if applicable. Category 14: NIA Not applicable. Not relevant or calculated. Franchises Category 15: 0% Internally-developed The Company utilizes a methodology based on the Investments emission factor average-dat",105,seed_batch_09,medium
batch_09,batch_09__r446_aiagroup__nan__esgreport__iso_14064,r446_aiagroup__nan__esgreport,r446_aiagroup,友邦保险控股有限公司,AIA GROUP,446,ISO 14064,ISO 14064,Other reporting framework,其他报告框架,Guideline,指引,"Referenced in the report as a reporting, assurance or methodological basis.",在报告中作为披露、鉴证或方法学依据被引用。,Enterprise-wide disclosure,企业整体披露,,,,,no,,"Song - AIA Journey」計劃向弱勢兒童提供超 過13,000輛自行車，提升他們接受 教育的機會。 「Sac Hong Thang 10 — 粉紅十月」活動旨在提高公 眾對乳癌的認識，而芹滁縣 （Can Gio）撥出10公頃紅樹林用作 支持氣候行動。我們也為受颱風摩 羯吹襲的民眾提供救災物資，並透 過友邦保險「AIA健康校園」計劃 鼓勵20,000多名師生參與。 這些行動體現友邦保險幫助大眾 實踐「健康、長久、好生活」的使 命，同時為可持續發展的未來作 出貢獻。 ",10,seed_batch_09,medium
batch_09,batch_09__r446_aiagroup__nan__esgreport__gri,r446_aiagroup__nan__esgreport,r446_aiagroup,友邦保险控股有限公司,AIA GROUP,446,GRI,GRI,ESG disclosure framework,ESG披露框架,Disclosure standard,披露标准,Sustainability disclosure index and emissions-related reporting indicators.,可持续披露指标索引及排放相关披露指标。,Enterprise-wide disclosure,企业整体披露,Direct emissions|Indirect energy emissions|Other indirect emissions,直接排放|能源间接排放|其他间接排放,Materiality|Comparability,重要性|可比性,no,,。 為履行我們的可持續業務實踐承諾， 友邦保險每兩年與廣泛持份者互動， 進行全面的重要性評估，確保能夠配 合不斷轉變的可持續發展策略優先任 務。我們運用這次評估所收集的意見 制訂友邦保險的環境、社會及管治策 略，為每個已確定的重要議題設計具 針對性的行動計劃。 2024 年，我們與第三方顧問合作， 進行最新一次的雙重重要性評估。這 個程序獲得不同持份者群體的參與， 在了解他們對主要環境、社會及管治 議題的觀點後，我們將之與友邦保險 的五大支柱策略框架配合。我們遵從 全球最佳實,22,seed_batch_09,medium
batch_09,batch_09__r446_aiagroup__nan__esgreport__ifrs_s2,r446_aiagroup__nan__esgreport,r446_aiagroup,友邦保险控股有限公司,AIA GROUP,446,IFRS S2,IFRS S2,Climate disclosure standard,气候披露标准,Disclosure standard,披露标准,Climate-related financial disclosures and emissions metrics for investors.,面向投资者的气候相关财务披露及排放指标。,Enterprise-wide disclosure,企业整体披露,Direct emissions|Indirect energy emissions|Other indirect emissions,直接排放|能源间接排放|其他间接排放,Financial materiality|Comparability,财务重要性|可比性,no,,。 為履行我們的可持續業務實踐承諾， 友邦保險每兩年與廣泛持份者互動， 進行全面的重要性評估，確保能夠配 合不斷轉變的可持續發展策略優先任 務。我們運用這次評估所收集的意見 制訂友邦保險的環境、社會及管治策 略，為每個已確定的重要議題設計具 針對性的行動計劃。 2024 年，我們與第三方顧問合作， 進行最新一次的雙重重要性評估。這 個程序獲得不同持份者群體的參與， 在了解他們對主要環境、社會及管治 議題的觀點後，我們將之與友邦保險 的五大支柱策略框架配合。我們遵從 全球最佳實,22,seed_batch_09,medium
batch_09,batch_09__r446_aiagroup__nan__esgreport__sbti,r446_aiagroup__nan__esgreport,r446_aiagroup,友邦保险控股有限公司,AIA GROUP,446,SBTi,SBTi,Climate target governance system,气候目标治理体系,Target validation guideline,目标审定指引,Science-based target setting and validation for Scope 1-3 targets.,针对Scope 1-3目标的科学碳目标设定与审定。,Scope 1|Scope 2|Scope 3,范围1|范围2|范围3,Direct emissions|Indirect energy emissions|Other indirect emissions,直接排放|能源间接排放|其他间接排放,Science-based ambition,科学目标约束,no,,動以客為 本的創新，優先推出有助提升整體醫 護體驗的健康計劃。我們在年內運用 數據驅動的見解及分析來改善醫療保 健服務的質素，為服務供應者提供具 參考價值的資訊，以優化患者護理質 素及結果。透過持續改進友邦保險的 方針，我們為未來塑造一個更高效、 更共融及可持續發展的醫療保健生態 系統。 可持續投資 本支柱透過尋找可持續的投資成果、 為未來投資，以及與我們所投資公司 互動，從而實現我們的短期投資目標 和淨零排放承諾，藉此創造長期 價值。 在2024 年，我們在實現於2023 ,24,seed_batch_09,medium
batch_09,batch_09__r446_aiagroup__nan__esgreport__ghg_protocol,r446_aiagroup__nan__esgreport,r446_aiagroup,友邦保险控股有限公司,AIA GROUP,446,GHG Protocol,GHG Protocol,GHG accounting system,温室气体核算体系,Accounting standard,核算标准,"Corporate greenhouse-gas inventory, Scope 1-3 boundary and accounting rules.",企业温室气体清单、Scope 1-3边界及核算规则。,Scope 1|Scope 2|Scope 3,范围1|范围2|范围3,Direct emissions|Indirect energy emissions|Other indirect emissions,直接排放|能源间接排放|其他间接排放,Relevance|Completeness|Consistency|Transparency|Accuracy,相关性|完整性|一致性|透明性|准确性,no,,變化。 經驗證的數據 為了確保數據及相關流程的可靠性， 節選的可持續發展資料已皆由友邦保 險的外部核數師（「羅兵咸永道」） 鑒證。友邦保險 2024 年子報告：員 工與文化中的關鍵績效指標，包括按 性別和年齡劃分的員工流失率（第6 頁）以及按市場、性別、年齡及職級 劃分的員工結構概覽（第10 頁）依 據獨立執業會計師就友邦保險控股有 限公司的經識別的可持續發展資料的 有限保證鑒證報告進行鑒證。請參閱 第32 頁以獲取此數據鑒證工作中涵 蓋的細分營運範圍。 數據計量方法 友邦保,58,seed_batch_09,medium
