batch_id,methodology_id,report_id,company_id,company_name_zh,company_name_en,world500_rank,entity_id,entity_type,scope_en,scope_zh,emission_type_en,emission_type_zh,scope3_category_code,scope3_category_en,scope3_category_zh,activity_category_en,activity_category_zh,data_source_type_en,data_source_type_zh,assurance_stage_en,assurance_stage_zh,calculation_method_en,calculation_method_zh,boundary_type_en,boundary_type_zh,classification_stage_en,classification_stage_zh,estimate_basis_en,estimate_basis_zh,evidence_page,review_status,confidence_level
batch_14,batch_14__r457_molinahealthcare公司__20240__other__p12__scope_1__0001,r457_molinahealthcare公司__20240__other,r457_molinahealthcare公司,Molina Healthcare公司,Molina Healthcare公司,457,r457_molinahealthcare公司,company,Scope 1,范围1,Direct emissions,直接排放,6,Category 6,类别6 商务差旅,Business travel,商务差旅,,,Report disclosure,报告披露,,,,,Explicit mention,原文明确提及,"for business travel. Less travel not only translates to lower fuel consumption and transportation- related emissions but also reduces the environmental impact associated with accommodations, dining and other travel-related activities. Green",,12,seed_batch_14,medium
batch_14,batch_14__r457_molinahealthcare公司__20240__other__p12__scope_1__0002,r457_molinahealthcare公司__20240__other,r457_molinahealthcare公司,Molina Healthcare公司,Molina Healthcare公司,457,r457_molinahealthcare公司,company,Scope 1,范围1,Direct emissions,直接排放,6,Category 6,类别6 商务差旅,,,,,Report disclosure,报告披露,,,,,Explicit mention,原文明确提及,"for business travel. Less travel not only translates to lower fuel consumption and transportation- related emissions but also reduces the environmental impact associated with accommodations, dining and other travel-related activities. Green",,12,seed_batch_14,medium
batch_14,batch_14__r457_molinahealthcare公司__20240__other__p12__scope_2__0003,r457_molinahealthcare公司__20240__other,r457_molinahealthcare公司,Molina Healthcare公司,Molina Healthcare公司,457,r457_molinahealthcare公司,company,Scope 2,范围2,Indirect energy emissions,能源间接排放,6,Category 6,类别6 商务差旅,Business travel,商务差旅,,,Report disclosure,报告披露,,,,,Explicit mention,原文明确提及,"for business travel. Less travel not only translates to lower fuel consumption and transportation- related emissions but also reduces the environmental impact associated with accommodations, dining and other travel-related activities. Green",,12,seed_batch_14,medium
batch_14,batch_14__r457_molinahealthcare公司__20240__other__p12__scope_2__0004,r457_molinahealthcare公司__20240__other,r457_molinahealthcare公司,Molina Healthcare公司,Molina Healthcare公司,457,r457_molinahealthcare公司,company,Scope 2,范围2,Indirect energy emissions,能源间接排放,6,Category 6,类别6 商务差旅,,,,,Report disclosure,报告披露,,,,,Explicit mention,原文明确提及,"for business travel. Less travel not only translates to lower fuel consumption and transportation- related emissions but also reduces the environmental impact associated with accommodations, dining and other travel-related activities. Green",,12,seed_batch_14,medium
batch_14,batch_14__r457_molinahealthcare公司__20240__other__p12__scope_3__0005,r457_molinahealthcare公司__20240__other,r457_molinahealthcare公司,Molina Healthcare公司,Molina Healthcare公司,457,r457_molinahealthcare公司,company,Scope 3,范围3,Other indirect emissions,其他间接排放,6,Category 6,类别6 商务差旅,Business travel,商务差旅,,,Report disclosure,报告披露,,,,,Explicit mention,原文明确提及,"for business travel. Less travel not only translates to lower fuel consumption and transportation- related emissions but also reduces the environmental impact associated with accommodations, dining and other travel-related activities. Green",,12,seed_batch_14,medium
batch_14,batch_14__r457_molinahealthcare公司__20240__other__p12__scope_3__0006,r457_molinahealthcare公司__20240__other,r457_molinahealthcare公司,Molina Healthcare公司,Molina Healthcare公司,457,r457_molinahealthcare公司,company,Scope 3,范围3,Other indirect emissions,其他间接排放,6,Category 6,类别6 商务差旅,,,,,Report disclosure,报告披露,,,,,Explicit mention,原文明确提及,"for business travel. Less travel not only translates to lower fuel consumption and transportation- related emissions but also reduces the environmental impact associated with accommodations, dining and other travel-related activities. Green",,12,seed_batch_14,medium
batch_14,batch_14__r473_vtbbank__20240__sustainabilityreport__p107__scope_1__0007,r473_vtbbank__20240__sustainabilityreport,r473_vtbbank,俄罗斯外贸银行,VTB BANK,473,r473_vtbbank,company,Scope 1,范围1,Direct emissions,直接排放,,,,,,Secondary data,次级数据,Report disclosure,报告披露,,,,,Explicit mention,原文明确提及,"s) using emission factors in accordance with Order No. 371 of the Ministry of Natural Resources and Environment of the Russian Federation dated 27 May 2022, “On the approval of methodologies for the quantitative determination of GHG emissio",,107,seed_batch_14,medium
batch_14,batch_14__r473_vtbbank__20240__sustainabilityreport__p122__inventory__0008,r473_vtbbank__20240__sustainabilityreport,r473_vtbbank,俄罗斯外贸银行,VTB BANK,473,r473_vtbbank,company,,,,,,,,Stationary emission source,固定排放源,,,Report disclosure,报告披露,,,,,Explicit mention,原文明确提及,"ement (hazard classes I–V), including by category: waste recycled; waste neutralized; waste landﬁlled; waste reused; waste processed; waste generation reduced. Reducing overall environmental impact 86 MED-19 Mass of pollutants emitted into ",,122,seed_batch_14,medium
batch_14,batch_14__r473_vtbbank__20240__sustainabilityreport__p107__scope_2__0009,r473_vtbbank__20240__sustainabilityreport,r473_vtbbank,俄罗斯外贸银行,VTB BANK,473,r473_vtbbank,company,Scope 2,范围2,Indirect energy emissions,能源间接排放,,,,,,Secondary data,次级数据,Report disclosure,报告披露,,,,,Explicit mention,原文明确提及,"metric tons of CO equivalent ₂ Direct (Scope 1) and indirect energy-related (Scope 2) greenhouse gas emissions by VTB Bank (PJSC) during the reporting period. Direct GHG emissions are calculated based on fuel consumption (gasoline, diesel, ",,107,seed_batch_14,medium
batch_14,batch_14__r473_vtbbank__20240__sustainabilityreport__p14__scope_1__0010,r473_vtbbank__20240__sustainabilityreport,r473_vtbbank,俄罗斯外贸银行,VTB BANK,473,r473_vtbbank,company,Scope 1,范围1,Direct emissions,直接排放,15,Category 15,类别15 投资,,,,,Report disclosure,报告披露,,,,,Explicit mention,原文明确提及,allocating 50% of the Group’s IFRS net proﬁt and ensuring equal dividend yields across all types of shares Carbon footprint and responsible investments The Bank launched a project to calculate other indirect greenhouse gas emissions (Scope ,,14,seed_batch_14,medium
batch_14,batch_14__r473_vtbbank__20240__sustainabilityreport__p14__scope_3__0011,r473_vtbbank__20240__sustainabilityreport,r473_vtbbank,俄罗斯外贸银行,VTB BANK,473,r473_vtbbank,company,Scope 3,范围3,Other indirect emissions,其他间接排放,15,Category 15,类别15 投资,,,,,Report disclosure,报告披露,,,,,Explicit mention,原文明确提及,allocating 50% of the Group’s IFRS net proﬁt and ensuring equal dividend yields across all types of shares Carbon footprint and responsible investments The Bank launched a project to calculate other indirect greenhouse gas emissions (Scope ,,14,seed_batch_14,medium
batch_14,batch_14__r477_truistfinancial公司__20240__sustainabilityreport__p12__inventory__0012,r477_truistfinancial公司__20240__sustainabilityreport,r477_truistfinancial公司,Truist Financial公司,Truist Financial公司,477,r477_truistfinancial公司,company,,,,,,,,,,,,Assurance,鉴证,,,Business-unit boundary,业务单元边界,Explicit mention,原文明确提及,es and procedures to guide and oversee the execution of ERM Framework requirements across Truist and independently identify and escalate issues. Third Line of Defense. Truist Audit Services (Truist’s internal audit function) provides indepe,,12,seed_batch_14,medium
batch_14,batch_14__r477_truistfinancial公司__20240__sustainabilityreport__p39__inventory__0013,r477_truistfinancial公司__20240__sustainabilityreport,r477_truistfinancial公司,Truist Financial公司,Truist Financial公司,477,r477_truistfinancial公司,company,,,,,,,,,,Estimated data,估算数据,Report disclosure,报告披露,,,,,Explicit mention,原文明确提及,"—renamed The Truist Championship. As one of eight Signature Events on the PGA TOUR, The Truist Championship will bring the world’s top golfers to Philadelphia in 2025, and Quail Hollow in Charlotte, N.C. beginning in 2026. The event is expe",,39,seed_batch_14,medium
batch_14,batch_14__r477_truistfinancial公司__20240__sustainabilityreport__p43__inventory__0014,r477_truistfinancial公司__20240__sustainabilityreport,r477_truistfinancial公司,Truist Financial公司,Truist Financial公司,477,r477_truistfinancial公司,company,,,,,,,,,,Estimated data,估算数据,Report disclosure,报告披露,,,,,Explicit mention,原文明确提及,"heast, reaching communities where more than 13,000 Truist teammates live and work. In Truist’s home state of North Carolina, historic flooding led to loss of life and extensive damage to homes and businesses in the communities we serve. “I ",,43,seed_batch_14,medium
batch_14,batch_14__r477_truistfinancial公司__20240__sustainabilityreport__p46__scope_1__0015,r477_truistfinancial公司__20240__sustainabilityreport,r477_truistfinancial公司,Truist Financial公司,Truist Financial公司,477,r477_truistfinancial公司,company,Scope 1,范围1,Direct emissions,直接排放,,,,,,,,Report disclosure,报告披露,Location-based,位置法,,,Explicit mention,原文明确提及,"s and reducing energy usage. This includes investing in energy-efficient technologies like LED lighting, HVAC systems, and energy management technology, and assessing opportunities to purchase renewable power. Our nearer-term goals include ",,46,seed_batch_14,medium
batch_14,batch_14__r477_truistfinancial公司__20240__sustainabilityreport__p46__scope_1__0016,r477_truistfinancial公司__20240__sustainabilityreport,r477_truistfinancial公司,Truist Financial公司,Truist Financial公司,477,r477_truistfinancial公司,company,Scope 1,范围1,Direct emissions,直接排放,,,,Process emissions,过程排放,,,Report disclosure,报告披露,Location-based,位置法,,,Explicit mention,原文明确提及,"s and reducing energy usage. This includes investing in energy-efficient technologies like LED lighting, HVAC systems, and energy management technology, and assessing opportunities to purchase renewable power. Our nearer-term goals include ",,46,seed_batch_14,medium
batch_14,batch_14__r477_truistfinancial公司__20240__sustainabilityreport__p46__scope_2__0017,r477_truistfinancial公司__20240__sustainabilityreport,r477_truistfinancial公司,Truist Financial公司,Truist Financial公司,477,r477_truistfinancial公司,company,Scope 2,范围2,Indirect energy emissions,能源间接排放,,,,,,,,Report disclosure,报告披露,Location-based,位置法,,,Explicit mention,原文明确提及,"s and reducing energy usage. This includes investing in energy-efficient technologies like LED lighting, HVAC systems, and energy management technology, and assessing opportunities to purchase renewable power. Our nearer-term goals include ",,46,seed_batch_14,medium
batch_14,batch_14__r477_truistfinancial公司__20240__sustainabilityreport__p46__scope_2__0018,r477_truistfinancial公司__20240__sustainabilityreport,r477_truistfinancial公司,Truist Financial公司,Truist Financial公司,477,r477_truistfinancial公司,company,Scope 2,范围2,Indirect energy emissions,能源间接排放,,,,Process emissions,过程排放,,,Report disclosure,报告披露,Location-based,位置法,,,Explicit mention,原文明确提及,"s and reducing energy usage. This includes investing in energy-efficient technologies like LED lighting, HVAC systems, and energy management technology, and assessing opportunities to purchase renewable power. Our nearer-term goals include ",,46,seed_batch_14,medium
batch_14,batch_14__r489_3m公司__20250__impactreport__p26__scope_1__0019,r489_3m公司__20250__impactreport,r489_3m公司,3M公司,3M公司,489,r489_3m公司,company,Scope 1,范围1,Direct emissions,直接排放,,,,Value-chain activities,价值链活动,,,Report disclosure,报告披露,,,,,Explicit mention,原文明确提及,"e year 59.1% reduction in absolute scope 1 and 2 GHG emissions since 2019 Target: Reduce absolute scope 3 GHG emissions 42% by 2030 from a 2021 base year 30.7% reduction in absolute scope 3 GHG emissions since 2021, aligning with SBTi Scope",,26,seed_batch_14,medium
batch_14,batch_14__r489_3m公司__20250__impactreport__p26__scope_2__0020,r489_3m公司__20250__impactreport,r489_3m公司,3M公司,3M公司,489,r489_3m公司,company,Scope 2,范围2,Indirect energy emissions,能源间接排放,,,,Value-chain activities,价值链活动,,,Report disclosure,报告披露,,,,,Explicit mention,原文明确提及,"e year 59.1% reduction in absolute scope 1 and 2 GHG emissions since 2019 Target: Reduce absolute scope 3 GHG emissions 42% by 2030 from a 2021 base year 30.7% reduction in absolute scope 3 GHG emissions since 2021, aligning with SBTi Scope",,26,seed_batch_14,medium
batch_14,batch_14__r489_3m公司__20250__impactreport__p26__scope_3__0021,r489_3m公司__20250__impactreport,r489_3m公司,3M公司,3M公司,489,r489_3m公司,company,Scope 3,范围3,Other indirect emissions,其他间接排放,,,,Value-chain activities,价值链活动,,,Report disclosure,报告披露,,,,,Explicit mention,原文明确提及,"e year 59.1% reduction in absolute scope 1 and 2 GHG emissions since 2019 Target: Reduce absolute scope 3 GHG emissions 42% by 2030 from a 2021 base year 30.7% reduction in absolute scope 3 GHG emissions since 2021, aligning with SBTi Scope",,26,seed_batch_14,medium
batch_14,batch_14__r489_3m公司__20250__impactreport__p19__inventory__0022,r489_3m公司__20250__impactreport,r489_3m公司,3M公司,3M公司,489,r489_3m公司,company,,,,,,,,,,Estimated data,估算数据,Report disclosure,报告披露,,,,,Explicit mention,原文明确提及,"ductions We repurposed a byproduct of our roofing granules into 3M™ Natural Pozzolans, which can be used as a partial cement replacement. • Helps lower the CO2 emissions of concrete • For every ton of natural pozzolans used, CO2 emissions c",,19,seed_batch_14,medium
batch_14,batch_14__r489_3m公司__20250__impactreport__p19__inventory__0023,r489_3m公司__20250__impactreport,r489_3m公司,3M公司,3M公司,489,r489_3m公司,company,,,,,,,,Process emissions,过程排放,Estimated data,估算数据,Report disclosure,报告披露,,,,,Explicit mention,原文明确提及,"ductions We repurposed a byproduct of our roofing granules into 3M™ Natural Pozzolans, which can be used as a partial cement replacement. • Helps lower the CO2 emissions of concrete • For every ton of natural pozzolans used, CO2 emissions c",,19,seed_batch_14,medium
batch_14,batch_14__r489_3m公司__20250__impactreport__p41__inventory__0024,r489_3m公司__20250__impactreport,r489_3m公司,3M公司,3M公司,489,r489_3m公司,company,,,,,,,,Value-chain activities,价值链活动,,,Verification,核查,,,,,Explicit mention,原文明确提及,Diligence Management System guides our improvement efforts: Values – Establish strong policies and management systems Transparency – Identify and assess risks in the supply chain Transformation – Design and implement a strategy to respond t,,41,seed_batch_14,medium
batch_14,batch_14__r489_3m公司__20250__impactreport__p43__inventory__0025,r489_3m公司__20250__impactreport,r489_3m公司,3M公司,3M公司,489,r489_3m公司,company,,,,,,,,,,Derived data,推导数据,Report disclosure,报告披露,,,,,Explicit mention,原文明确提及,"elate to the purpose, ambitions, aims, commitments, targets, plans, and objectives of 3M; sustainability progress; and the ambition to deliver on 3M’s promise to improve lives by helping solve the world’s greatest challenges; (2) financial ",,43,seed_batch_14,medium
batch_14,batch_14__r489_3m公司__20250__impactreport__p44__inventory__0026,r489_3m公司__20250__impactreport,r489_3m公司,3M公司,3M公司,489,r489_3m公司,company,,,,,,,,,,Derived data,推导数据,Verification,核查,,,,,Explicit mention,原文明确提及,"t, health, and safety data through the corporatewide EHS reporting systems (e.g., EHS 360, Compliance and Auditing Management and Metrics System (CAMMS), etc.). • Social data – Information regarding employees, social practices, and communit",,44,seed_batch_14,medium
batch_14,batch_14__r489_3m公司__20250__impactreport__p46__scope_3__0027,r489_3m公司__20250__impactreport,r489_3m公司,3M公司,3M公司,489,r489_3m公司,company,Scope 3,范围3,Other indirect emissions,其他间接排放,,,,Value-chain activities,价值链活动,,,Assurance,鉴证,,,,,Explicit mention,原文明确提及,"zation’s sustainability reporting About report, scope, and boundaries 2-3 Reporting period, frequency and contact point About report, scope, and boundaries Sustainability@mmm.com 2-4 Restatements of information About report, scope, and boun",,46,seed_batch_14,medium
batch_14,batch_14__r489_3m公司__20250__impactreport__p27__scope_3__0028,r489_3m公司__20250__impactreport,r489_3m公司,3M公司,3M公司,489,r489_3m公司,company,Scope 3,范围3,Other indirect emissions,其他间接排放,,,,Value-chain activities,价值链活动,,,Report disclosure,报告披露,,,,,Explicit mention,原文明确提及,"ects like heat recovery. While we act to convert our operations to renewable electricity sources, we also support the global renewable energy sector by offering our customers solutions that help improve the reliability and efficiency of ren",,27,seed_batch_14,medium
batch_14,batch_14__r491_apolloglobalmanagement__20240__sustainabilityreport__p31__scope_1__0029,r491_apolloglobalmanagement__20240__sustainabilityreport,r491_apolloglobalmanagement,阿波罗全球管理公司,APOLLO GLOBAL MANAGEMENT,491,r491_apolloglobalmanagement,company,Scope 1,范围1,Direct emissions,直接排放,,,,,,Estimated data,估算数据,Report disclosure,报告披露,,,,,Explicit mention,原文明确提及,"mprovements. 17 2022 and 2023 Scope 1 GHG emissions data is calculated in accordance with the GHG Protocol corporate standard methodology. Data includes emissions from the on-site combustion of natural gas for heating, on-site combustion of",,31,seed_batch_14,medium
batch_14,batch_14__r491_apolloglobalmanagement__20240__sustainabilityreport__p31__scope_1__0030,r491_apolloglobalmanagement__20240__sustainabilityreport,r491_apolloglobalmanagement,阿波罗全球管理公司,APOLLO GLOBAL MANAGEMENT,491,r491_apolloglobalmanagement,company,Scope 1,范围1,Direct emissions,直接排放,,,,Mobile emission source,移动排放源,Estimated data,估算数据,Report disclosure,报告披露,,,,,Explicit mention,原文明确提及,"mprovements. 17 2022 and 2023 Scope 1 GHG emissions data is calculated in accordance with the GHG Protocol corporate standard methodology. Data includes emissions from the on-site combustion of natural gas for heating, on-site combustion of",,31,seed_batch_14,medium
batch_14,batch_14__r491_apolloglobalmanagement__20240__sustainabilityreport__p32__scope_1__0031,r491_apolloglobalmanagement__20240__sustainabilityreport,r491_apolloglobalmanagement,阿波罗全球管理公司,APOLLO GLOBAL MANAGEMENT,491,r491_apolloglobalmanagement,company,Scope 1,范围1,Direct emissions,直接排放,,,,,,Estimated data,估算数据,Report disclosure,报告披露,,,,,Explicit mention,原文明确提及,"80 2.25 2.30 17 2022 and 2023 Scope 1 GHG emissions data is calculated in accordance with the GHG Protocol corporate standard methodology. Data includes emissions from the on-site combustion of natural gas for heating, on-site combustion of",,32,seed_batch_14,medium
batch_14,batch_14__r491_apolloglobalmanagement__20240__sustainabilityreport__p32__scope_1__0032,r491_apolloglobalmanagement__20240__sustainabilityreport,r491_apolloglobalmanagement,阿波罗全球管理公司,APOLLO GLOBAL MANAGEMENT,491,r491_apolloglobalmanagement,company,Scope 1,范围1,Direct emissions,直接排放,,,,Mobile emission source,移动排放源,Estimated data,估算数据,Report disclosure,报告披露,,,,,Explicit mention,原文明确提及,"80 2.25 2.30 17 2022 and 2023 Scope 1 GHG emissions data is calculated in accordance with the GHG Protocol corporate standard methodology. Data includes emissions from the on-site combustion of natural gas for heating, on-site combustion of",,32,seed_batch_14,medium
batch_14,batch_14__r491_apolloglobalmanagement__20240__sustainabilityreport__p13__inventory__0033,r491_apolloglobalmanagement__20240__sustainabilityreport,r491_apolloglobalmanagement,阿波罗全球管理公司,APOLLO GLOBAL MANAGEMENT,491,r491_apolloglobalmanagement,company,,,,,,,,,,Estimated data,估算数据,Report disclosure,报告披露,,,,,Explicit mention,原文明确提及,"are financed is evolving. From modernizing infrastructure to expanding digital connectivity and accelerating the clean energy transition, the demand for capital is significant. This transformation — known as the Global Industrial Renaissanc",,13,seed_batch_14,medium
batch_14,batch_14__r491_apolloglobalmanagement__20240__sustainabilityreport__p30__inventory__0034,r491_apolloglobalmanagement__20240__sustainabilityreport,r491_apolloglobalmanagement,阿波罗全球管理公司,APOLLO GLOBAL MANAGEMENT,491,r491_apolloglobalmanagement,company,,,,,,,,,,Derived data,推导数据,Report disclosure,报告披露,,,,,Explicit mention,原文明确提及,"office now have access to: • Environmentally friendly products, including Forest Stewardship Council®-certified paper products, Green Stripe items made from renewable sources, renewable and compostable bowls made from sugarcane and products",,30,seed_batch_14,medium
batch_14,batch_14__r491_apolloglobalmanagement__20240__sustainabilityreport__p31__inventory__0035,r491_apolloglobalmanagement__20240__sustainabilityreport,r491_apolloglobalmanagement,阿波罗全球管理公司,APOLLO GLOBAL MANAGEMENT,491,r491_apolloglobalmanagement,company,,,,,,,,,,Estimated data,估算数据,Report disclosure,报告披露,,,,,Explicit mention,原文明确提及,"ENVIRONMENT APOLLO SUSTAINABILITY REPORT 2024 VOLUME 16 31 OPERATIONAL WATER & WASTE METRICS 2022 2023 2024 WATER CONSUMPTION (M3) (ESTIMATED)12 72,115 56,604 71,140 NON-HAZARDOUS WASTE TO LANDFILL (MT) (ESTIMATED)13 417 204 390 PAPER RECYC",,31,seed_batch_14,medium
batch_14,batch_14__r491_apolloglobalmanagement__20240__sustainabilityreport__p34__scope_1__0036,r491_apolloglobalmanagement__20240__sustainabilityreport,r491_apolloglobalmanagement,阿波罗全球管理公司,APOLLO GLOBAL MANAGEMENT,491,r491_apolloglobalmanagement,company,Scope 1,范围1,Direct emissions,直接排放,,,,,,Estimated data,估算数据,Report disclosure,报告披露,,,,,Explicit mention,原文明确提及,"projects. Since its inception, Chestnut Carbon has enrolled more than 160K acres across 36 states in its restoration and improved forest management projects in the US. The offsets from these projects broadly reflect the regions where the Sc",,34,seed_batch_14,medium
batch_14,batch_14__r491_apolloglobalmanagement__20240__sustainabilityreport__p35__scope_3__0037,r491_apolloglobalmanagement__20240__sustainabilityreport,r491_apolloglobalmanagement,阿波罗全球管理公司,APOLLO GLOBAL MANAGEMENT,491,r491_apolloglobalmanagement,company,Scope 3,范围3,Other indirect emissions,其他间接排放,,,,,,Derived data,推导数据,Assurance,鉴证,PCAF financed emissions methodology,PCAF投融资排放方法,,,Explicit mention,原文明确提及,"ber 31, 2024. Apollo teams engaged with Persefoni — a climate management and carbon accounting software vendor — to implement the PCAF accounting standard for financed emissions and contracted with Sproule ERCE — an independent verifier — f",,35,seed_batch_14,medium
batch_14,batch_14__r491_apolloglobalmanagement__20240__sustainabilityreport__p35__scope_3__0038,r491_apolloglobalmanagement__20240__sustainabilityreport,r491_apolloglobalmanagement,阿波罗全球管理公司,APOLLO GLOBAL MANAGEMENT,491,r491_apolloglobalmanagement,company,Scope 3,范围3,Other indirect emissions,其他间接排放,15,Category 15,类别15 投资,Financed emissions,投融资排放,Derived data,推导数据,Assurance,鉴证,PCAF financed emissions methodology,PCAF投融资排放方法,,,Explicit mention,原文明确提及,"ber 31, 2024. Apollo teams engaged with Persefoni — a climate management and carbon accounting software vendor — to implement the PCAF accounting standard for financed emissions and contracted with Sproule ERCE — an independent verifier — f",,35,seed_batch_14,medium
batch_14,batch_14__r491_apolloglobalmanagement__20240__sustainabilityreport__p35__scope_3__0039,r491_apolloglobalmanagement__20240__sustainabilityreport,r491_apolloglobalmanagement,阿波罗全球管理公司,APOLLO GLOBAL MANAGEMENT,491,r491_apolloglobalmanagement,company,Scope 3,范围3,Other indirect emissions,其他间接排放,15,Category 15,类别15 投资,,,Derived data,推导数据,Assurance,鉴证,PCAF financed emissions methodology,PCAF投融资排放方法,,,Explicit mention,原文明确提及,"ber 31, 2024. Apollo teams engaged with Persefoni — a climate management and carbon accounting software vendor — to implement the PCAF accounting standard for financed emissions and contracted with Sproule ERCE — an independent verifier — f",,35,seed_batch_14,medium
batch_14,batch_14__r491_apolloglobalmanagement__20240__sustainabilityreport__p95__scope_3__0040,r491_apolloglobalmanagement__20240__sustainabilityreport,r491_apolloglobalmanagement,阿波罗全球管理公司,APOLLO GLOBAL MANAGEMENT,491,r491_apolloglobalmanagement,company,Scope 3,范围3,Other indirect emissions,其他间接排放,,,,Value-chain activities,价值链活动,,,Verification,核查,,,,,Explicit mention,原文明确提及,rt. GRI 2-4 Restatements of information • Information on restatements of sustainability data is included in the footnotes to the tables in the Operations section of this report. GRI 2-5 External Assurance • GHG emissions data for the report,,95,seed_batch_14,medium
batch_14,batch_14__r491_apolloglobalmanagement__20240__sustainabilityreport__p8__scope_3__0041,r491_apolloglobalmanagement__20240__sustainabilityreport,r491_apolloglobalmanagement,阿波罗全球管理公司,APOLLO GLOBAL MANAGEMENT,491,r491_apolloglobalmanagement,company,Scope 3,范围3,Other indirect emissions,其他间接排放,,,,,,Estimated data,估算数据,Report disclosure,报告披露,,,,,Explicit mention,原文明确提及,"ign. In its 2024 campaign, 92% of Athene employees gave a total of over $3M.6 $3M Broadened the application of our Sustainability Risk Assessment methodology to several new investment strategies, including certain structured real estate tra",,8,seed_batch_14,medium
batch_14,batch_14__r491_apolloglobalmanagement__20240__sustainabilityreport__p8__scope_3__0042,r491_apolloglobalmanagement__20240__sustainabilityreport,r491_apolloglobalmanagement,阿波罗全球管理公司,APOLLO GLOBAL MANAGEMENT,491,r491_apolloglobalmanagement,company,Scope 3,范围3,Other indirect emissions,其他间接排放,,,,Value-chain activities,价值链活动,Estimated data,估算数据,Report disclosure,报告披露,,,,,Explicit mention,原文明确提及,"ign. In its 2024 campaign, 92% of Athene employees gave a total of over $3M.6 $3M Broadened the application of our Sustainability Risk Assessment methodology to several new investment strategies, including certain structured real estate tra",,8,seed_batch_14,medium
batch_14,batch_14__r491_apolloglobalmanagement__20240__sustainabilityreport__p32__scope_1__0043,r491_apolloglobalmanagement__20240__sustainabilityreport,r491_apolloglobalmanagement,阿波罗全球管理公司,APOLLO GLOBAL MANAGEMENT,491,r491_apolloglobalmanagement,company,Scope 1,范围1,Direct emissions,直接排放,,,,,,,,Report disclosure,报告披露,Market-based,市场法,,,Explicit mention,原文明确提及,"ENVIRONMENT APOLLO SUSTAINABILITY REPORT 2024 VOLUME 16 32 OPERATIONAL GHG EMISSIONS METRICS 2022 2023 2024 SCOPE 1 GHG EMISSIONS (MT OF CO2e) 1,17117 1,18220 1,23118 SCOPE 2 GHG EMISSIONS (LOCATION-BASED) (MT OF CO2e) — 9,802 10,854 SCOPE ",,32,seed_batch_14,medium
batch_14,batch_14__r491_apolloglobalmanagement__20240__sustainabilityreport__p32__scope_2__0044,r491_apolloglobalmanagement__20240__sustainabilityreport,r491_apolloglobalmanagement,阿波罗全球管理公司,APOLLO GLOBAL MANAGEMENT,491,r491_apolloglobalmanagement,company,Scope 2,范围2,Indirect energy emissions,能源间接排放,,,,,,,,Report disclosure,报告披露,Market-based,市场法,,,Explicit mention,原文明确提及,"ENVIRONMENT APOLLO SUSTAINABILITY REPORT 2024 VOLUME 16 32 OPERATIONAL GHG EMISSIONS METRICS 2022 2023 2024 SCOPE 1 GHG EMISSIONS (MT OF CO2e) 1,17117 1,18220 1,23118 SCOPE 2 GHG EMISSIONS (LOCATION-BASED) (MT OF CO2e) — 9,802 10,854 SCOPE ",,32,seed_batch_14,medium
batch_14,batch_14__r491_apolloglobalmanagement__20240__sustainabilityreport__p32__scope_3__0045,r491_apolloglobalmanagement__20240__sustainabilityreport,r491_apolloglobalmanagement,阿波罗全球管理公司,APOLLO GLOBAL MANAGEMENT,491,r491_apolloglobalmanagement,company,Scope 3,范围3,Other indirect emissions,其他间接排放,,,,,,,,Report disclosure,报告披露,Market-based,市场法,,,Explicit mention,原文明确提及,"ENVIRONMENT APOLLO SUSTAINABILITY REPORT 2024 VOLUME 16 32 OPERATIONAL GHG EMISSIONS METRICS 2022 2023 2024 SCOPE 1 GHG EMISSIONS (MT OF CO2e) 1,17117 1,18220 1,23118 SCOPE 2 GHG EMISSIONS (LOCATION-BASED) (MT OF CO2e) — 9,802 10,854 SCOPE ",,32,seed_batch_14,medium
batch_14,batch_14__r491_apolloglobalmanagement__20240__sustainabilityreport__p35__scope_1__0046,r491_apolloglobalmanagement__20240__sustainabilityreport,r491_apolloglobalmanagement,阿波罗全球管理公司,APOLLO GLOBAL MANAGEMENT,491,r491_apolloglobalmanagement,company,Scope 1,范围1,Direct emissions,直接排放,,,,,,,,Report disclosure,报告披露,Average-data method,平均数据法,,,Explicit mention,原文明确提及,"business loans categories; and meeting a minimum weighted average data-quality threshold of PCAF level four or better for public disclosure inclusion. PCAF calculations are based on a variety of inputs, including the investment entity's fin",,35,seed_batch_14,medium
batch_14,batch_14__r491_apolloglobalmanagement__20240__sustainabilityreport__p65__scope_1__0047,r491_apolloglobalmanagement__20240__sustainabilityreport,r491_apolloglobalmanagement,阿波罗全球管理公司,APOLLO GLOBAL MANAGEMENT,491,r491_apolloglobalmanagement,company,Scope 1,范围1,Direct emissions,直接排放,,,,,,,,Report disclosure,报告披露,,,Business-unit boundary,业务单元边界,Explicit mention,原文明确提及,"ves, market conditions, and investments’ financial performance. Actual performance of any investment may differ materially from those reflected or contemplated. Note: Portfolio Company J operates a unique business model in which business un",,65,seed_batch_14,medium
batch_14,batch_14__r491_apolloglobalmanagement__20240__sustainabilityreport__p65__scope_1__0048,r491_apolloglobalmanagement__20240__sustainabilityreport,r491_apolloglobalmanagement,阿波罗全球管理公司,APOLLO GLOBAL MANAGEMENT,491,r491_apolloglobalmanagement,company,Scope 1,范围1,Direct emissions,直接排放,15,Category 15,类别15 投资,,,,,Report disclosure,报告披露,,,Business-unit boundary,业务单元边界,Explicit mention,原文明确提及,"ves, market conditions, and investments’ financial performance. Actual performance of any investment may differ materially from those reflected or contemplated. Note: Portfolio Company J operates a unique business model in which business un",,65,seed_batch_14,medium
batch_14,batch_14__r498_瑞士abb集团__20240__sustainabilityreport__p31__inventory__0049,r498_瑞士abb集团__20240__sustainabilityreport,r498_瑞士abb集团,瑞士ABB集团,瑞士ABB集团,498,r498_瑞士abb集团,company,,,,,,,,Process emissions,过程排放,,,Report disclosure,报告披露,,,,,Explicit mention,原文明确提及,ABB SUSTAINABILITY STATEMENT 2024 29 We chose the “Net Zero Emissions by 2050” scenario of the International Energy Agency (IEA) as the basis for the transition scenario analysis as it features net zero CO2 energy sector and industrial proc,,31,seed_batch_14,medium
batch_14,batch_14__r498_瑞士abb集团__20240__sustainabilityreport__p36__scope_1__0050,r498_瑞士abb集团__20240__sustainabilityreport,r498_瑞士abb集团,瑞士ABB集团,瑞士ABB集团,498,r498_瑞士abb集团,company,Scope 1,范围1,Direct emissions,直接排放,,,,,,,,Report disclosure,报告披露,Market-based,市场法,,,Explicit mention,原文明确提及,"market-based 138 151 Total scope 1+2 GHG emissions, location-based 405 423 Gross indirect (scope 3) GHG emissions 1 Purchased goods and services1 12,172 12,566 2 Capital goods1 85 69 3 Fuel and energy-related Activities (not included in sco",,36,seed_batch_14,medium
batch_14,batch_14__r498_瑞士abb集团__20240__sustainabilityreport__p36__scope_1__0051,r498_瑞士abb集团__20240__sustainabilityreport,r498_瑞士abb集团,瑞士ABB集团,瑞士ABB集团,498,r498_瑞士abb集团,company,Scope 1,范围1,Direct emissions,直接排放,5,Category 5,类别5 运营产生的废弃物,Waste in operations,运营废弃物,,,Report disclosure,报告披露,Market-based,市场法,,,Explicit mention,原文明确提及,"market-based 138 151 Total scope 1+2 GHG emissions, location-based 405 423 Gross indirect (scope 3) GHG emissions 1 Purchased goods and services1 12,172 12,566 2 Capital goods1 85 69 3 Fuel and energy-related Activities (not included in sco",,36,seed_batch_14,medium
batch_14,batch_14__r498_瑞士abb集团__20240__sustainabilityreport__p36__scope_1__0052,r498_瑞士abb集团__20240__sustainabilityreport,r498_瑞士abb集团,瑞士ABB集团,瑞士ABB集团,498,r498_瑞士abb集团,company,Scope 1,范围1,Direct emissions,直接排放,6,Category 6,类别6 商务差旅,Business travel,商务差旅,,,Report disclosure,报告披露,Market-based,市场法,,,Explicit mention,原文明确提及,"market-based 138 151 Total scope 1+2 GHG emissions, location-based 405 423 Gross indirect (scope 3) GHG emissions 1 Purchased goods and services1 12,172 12,566 2 Capital goods1 85 69 3 Fuel and energy-related Activities (not included in sco",,36,seed_batch_14,medium
batch_14,batch_14__r498_瑞士abb集团__20240__sustainabilityreport__p36__scope_1__0053,r498_瑞士abb集团__20240__sustainabilityreport,r498_瑞士abb集团,瑞士ABB集团,瑞士ABB集团,498,r498_瑞士abb集团,company,Scope 1,范围1,Direct emissions,直接排放,1,Category 1,类别1 购买的商品和服务,Value-chain activities,价值链活动,,,Report disclosure,报告披露,Market-based,市场法,,,Explicit mention,原文明确提及,"market-based 138 151 Total scope 1+2 GHG emissions, location-based 405 423 Gross indirect (scope 3) GHG emissions 1 Purchased goods and services1 12,172 12,566 2 Capital goods1 85 69 3 Fuel and energy-related Activities (not included in sco",,36,seed_batch_14,medium
batch_14,batch_14__r498_瑞士abb集团__20240__sustainabilityreport__p36__scope_1__0054,r498_瑞士abb集团__20240__sustainabilityreport,r498_瑞士abb集团,瑞士ABB集团,瑞士ABB集团,498,r498_瑞士abb集团,company,Scope 1,范围1,Direct emissions,直接排放,1,Category 1,类别1 购买的商品和服务,,,,,Report disclosure,报告披露,Market-based,市场法,,,Explicit mention,原文明确提及,"market-based 138 151 Total scope 1+2 GHG emissions, location-based 405 423 Gross indirect (scope 3) GHG emissions 1 Purchased goods and services1 12,172 12,566 2 Capital goods1 85 69 3 Fuel and energy-related Activities (not included in sco",,36,seed_batch_14,medium
batch_14,batch_14__r498_瑞士abb集团__20240__sustainabilityreport__p36__scope_1__0055,r498_瑞士abb集团__20240__sustainabilityreport,r498_瑞士abb集团,瑞士ABB集团,瑞士ABB集团,498,r498_瑞士abb集团,company,Scope 1,范围1,Direct emissions,直接排放,5,Category 5,类别5 运营产生的废弃物,,,,,Report disclosure,报告披露,Market-based,市场法,,,Explicit mention,原文明确提及,"market-based 138 151 Total scope 1+2 GHG emissions, location-based 405 423 Gross indirect (scope 3) GHG emissions 1 Purchased goods and services1 12,172 12,566 2 Capital goods1 85 69 3 Fuel and energy-related Activities (not included in sco",,36,seed_batch_14,medium
batch_14,batch_14__r498_瑞士abb集团__20240__sustainabilityreport__p36__scope_1__0056,r498_瑞士abb集团__20240__sustainabilityreport,r498_瑞士abb集团,瑞士ABB集团,瑞士ABB集团,498,r498_瑞士abb集团,company,Scope 1,范围1,Direct emissions,直接排放,6,Category 6,类别6 商务差旅,,,,,Report disclosure,报告披露,Market-based,市场法,,,Explicit mention,原文明确提及,"market-based 138 151 Total scope 1+2 GHG emissions, location-based 405 423 Gross indirect (scope 3) GHG emissions 1 Purchased goods and services1 12,172 12,566 2 Capital goods1 85 69 3 Fuel and energy-related Activities (not included in sco",,36,seed_batch_14,medium
batch_14,batch_14__r498_瑞士abb集团__20240__sustainabilityreport__p36__scope_3__0057,r498_瑞士abb集团__20240__sustainabilityreport,r498_瑞士abb集团,瑞士ABB集团,瑞士ABB集团,498,r498_瑞士abb集团,company,Scope 3,范围3,Other indirect emissions,其他间接排放,,,,,,,,Report disclosure,报告披露,Market-based,市场法,,,Explicit mention,原文明确提及,"market-based 138 151 Total scope 1+2 GHG emissions, location-based 405 423 Gross indirect (scope 3) GHG emissions 1 Purchased goods and services1 12,172 12,566 2 Capital goods1 85 69 3 Fuel and energy-related Activities (not included in sco",,36,seed_batch_14,medium
batch_14,batch_14__r498_瑞士abb集团__20240__sustainabilityreport__p36__scope_3__0058,r498_瑞士abb集团__20240__sustainabilityreport,r498_瑞士abb集团,瑞士ABB集团,瑞士ABB集团,498,r498_瑞士abb集团,company,Scope 3,范围3,Other indirect emissions,其他间接排放,5,Category 5,类别5 运营产生的废弃物,Waste in operations,运营废弃物,,,Report disclosure,报告披露,Market-based,市场法,,,Explicit mention,原文明确提及,"market-based 138 151 Total scope 1+2 GHG emissions, location-based 405 423 Gross indirect (scope 3) GHG emissions 1 Purchased goods and services1 12,172 12,566 2 Capital goods1 85 69 3 Fuel and energy-related Activities (not included in sco",,36,seed_batch_14,medium
batch_14,batch_14__r498_瑞士abb集团__20240__sustainabilityreport__p36__scope_3__0059,r498_瑞士abb集团__20240__sustainabilityreport,r498_瑞士abb集团,瑞士ABB集团,瑞士ABB集团,498,r498_瑞士abb集团,company,Scope 3,范围3,Other indirect emissions,其他间接排放,6,Category 6,类别6 商务差旅,Business travel,商务差旅,,,Report disclosure,报告披露,Market-based,市场法,,,Explicit mention,原文明确提及,"market-based 138 151 Total scope 1+2 GHG emissions, location-based 405 423 Gross indirect (scope 3) GHG emissions 1 Purchased goods and services1 12,172 12,566 2 Capital goods1 85 69 3 Fuel and energy-related Activities (not included in sco",,36,seed_batch_14,medium
batch_14,batch_14__r498_瑞士abb集团__20240__sustainabilityreport__p36__scope_3__0060,r498_瑞士abb集团__20240__sustainabilityreport,r498_瑞士abb集团,瑞士ABB集团,瑞士ABB集团,498,r498_瑞士abb集团,company,Scope 3,范围3,Other indirect emissions,其他间接排放,1,Category 1,类别1 购买的商品和服务,Value-chain activities,价值链活动,,,Report disclosure,报告披露,Market-based,市场法,,,Explicit mention,原文明确提及,"market-based 138 151 Total scope 1+2 GHG emissions, location-based 405 423 Gross indirect (scope 3) GHG emissions 1 Purchased goods and services1 12,172 12,566 2 Capital goods1 85 69 3 Fuel and energy-related Activities (not included in sco",,36,seed_batch_14,medium
batch_14,batch_14__r498_瑞士abb集团__20240__sustainabilityreport__p36__scope_3__0061,r498_瑞士abb集团__20240__sustainabilityreport,r498_瑞士abb集团,瑞士ABB集团,瑞士ABB集团,498,r498_瑞士abb集团,company,Scope 3,范围3,Other indirect emissions,其他间接排放,1,Category 1,类别1 购买的商品和服务,,,,,Report disclosure,报告披露,Market-based,市场法,,,Explicit mention,原文明确提及,"market-based 138 151 Total scope 1+2 GHG emissions, location-based 405 423 Gross indirect (scope 3) GHG emissions 1 Purchased goods and services1 12,172 12,566 2 Capital goods1 85 69 3 Fuel and energy-related Activities (not included in sco",,36,seed_batch_14,medium
batch_14,batch_14__r498_瑞士abb集团__20240__sustainabilityreport__p36__scope_3__0062,r498_瑞士abb集团__20240__sustainabilityreport,r498_瑞士abb集团,瑞士ABB集团,瑞士ABB集团,498,r498_瑞士abb集团,company,Scope 3,范围3,Other indirect emissions,其他间接排放,5,Category 5,类别5 运营产生的废弃物,,,,,Report disclosure,报告披露,Market-based,市场法,,,Explicit mention,原文明确提及,"market-based 138 151 Total scope 1+2 GHG emissions, location-based 405 423 Gross indirect (scope 3) GHG emissions 1 Purchased goods and services1 12,172 12,566 2 Capital goods1 85 69 3 Fuel and energy-related Activities (not included in sco",,36,seed_batch_14,medium
batch_14,batch_14__r498_瑞士abb集团__20240__sustainabilityreport__p36__scope_3__0063,r498_瑞士abb集团__20240__sustainabilityreport,r498_瑞士abb集团,瑞士ABB集团,瑞士ABB集团,498,r498_瑞士abb集团,company,Scope 3,范围3,Other indirect emissions,其他间接排放,6,Category 6,类别6 商务差旅,,,,,Report disclosure,报告披露,Market-based,市场法,,,Explicit mention,原文明确提及,"market-based 138 151 Total scope 1+2 GHG emissions, location-based 405 423 Gross indirect (scope 3) GHG emissions 1 Purchased goods and services1 12,172 12,566 2 Capital goods1 85 69 3 Fuel and energy-related Activities (not included in sco",,36,seed_batch_14,medium
batch_14,batch_14__r498_瑞士abb集团__20240__sustainabilityreport__p37__scope_2__0064,r498_瑞士abb集团__20240__sustainabilityreport,r498_瑞士abb集团,瑞士ABB集团,瑞士ABB集团,498,r498_瑞士abb集团,company,Scope 2,范围2,Indirect energy emissions,能源间接排放,,,,,,Secondary data,次级数据,Report disclosure,报告披露,Market-based,市场法,,,Explicit mention,原文明确提及,"to-road factor based on the vehicle’s location. Emissions from the on-site use of fuel, coolants and SF6 are calculated using data reported quarterly or annually, depending on the facility size, with site-specific emissions factors. For sco",,37,seed_batch_14,medium
batch_14,batch_14__r498_瑞士abb集团__20240__sustainabilityreport__p37__scope_2__0065,r498_瑞士abb集团__20240__sustainabilityreport,r498_瑞士abb集团,瑞士ABB集团,瑞士ABB集团,498,r498_瑞士abb集团,company,Scope 2,范围2,Indirect energy emissions,能源间接排放,,,,Purchased electricity,外购电力,Secondary data,次级数据,Report disclosure,报告披露,Market-based,市场法,,,Explicit mention,原文明确提及,"to-road factor based on the vehicle’s location. Emissions from the on-site use of fuel, coolants and SF6 are calculated using data reported quarterly or annually, depending on the facility size, with site-specific emissions factors. For sco",,37,seed_batch_14,medium
batch_14,batch_14__r498_瑞士abb集团__20240__sustainabilityreport__p38__scope_1__0066,r498_瑞士abb集团__20240__sustainabilityreport,r498_瑞士abb集团,瑞士ABB集团,瑞士ABB集团,498,r498_瑞士abb集团,company,Scope 1,范围1,Direct emissions,直接排放,,,,,,,,Report disclosure,报告披露,Spend-based,支出法,,,Explicit mention,原文明确提及,"36 ABB SUSTAINABILITY STATEMENT 2024 Remaining scope 3 emissions (everything apart from category 11) encompass a broad range of indirect emissions. Data sources include, for example, spend figures for purchased products and services, transp",,38,seed_batch_14,medium
batch_14,batch_14__r498_瑞士abb集团__20240__sustainabilityreport__p38__scope_1__0067,r498_瑞士abb集团__20240__sustainabilityreport,r498_瑞士abb集团,瑞士ABB集团,瑞士ABB集团,498,r498_瑞士abb集团,company,Scope 1,范围1,Direct emissions,直接排放,6,Category 6,类别6 商务差旅,Business travel,商务差旅,,,Report disclosure,报告披露,Spend-based,支出法,,,Explicit mention,原文明确提及,"36 ABB SUSTAINABILITY STATEMENT 2024 Remaining scope 3 emissions (everything apart from category 11) encompass a broad range of indirect emissions. Data sources include, for example, spend figures for purchased products and services, transp",,38,seed_batch_14,medium
batch_14,batch_14__r498_瑞士abb集团__20240__sustainabilityreport__p38__scope_1__0068,r498_瑞士abb集团__20240__sustainabilityreport,r498_瑞士abb集团,瑞士ABB集团,瑞士ABB集团,498,r498_瑞士abb集团,company,Scope 1,范围1,Direct emissions,直接排放,1,Category 1,类别1 购买的商品和服务,,,,,Report disclosure,报告披露,Spend-based,支出法,,,Explicit mention,原文明确提及,"36 ABB SUSTAINABILITY STATEMENT 2024 Remaining scope 3 emissions (everything apart from category 11) encompass a broad range of indirect emissions. Data sources include, for example, spend figures for purchased products and services, transp",,38,seed_batch_14,medium
batch_14,batch_14__r498_瑞士abb集团__20240__sustainabilityreport__p38__scope_1__0069,r498_瑞士abb集团__20240__sustainabilityreport,r498_瑞士abb集团,瑞士ABB集团,瑞士ABB集团,498,r498_瑞士abb集团,company,Scope 1,范围1,Direct emissions,直接排放,6,Category 6,类别6 商务差旅,,,,,Report disclosure,报告披露,Spend-based,支出法,,,Explicit mention,原文明确提及,"36 ABB SUSTAINABILITY STATEMENT 2024 Remaining scope 3 emissions (everything apart from category 11) encompass a broad range of indirect emissions. Data sources include, for example, spend figures for purchased products and services, transp",,38,seed_batch_14,medium
batch_14,batch_14__r498_瑞士abb集团__20240__sustainabilityreport__p38__scope_1__0070,r498_瑞士abb集团__20240__sustainabilityreport,r498_瑞士abb集团,瑞士ABB集团,瑞士ABB集团,498,r498_瑞士abb集团,company,Scope 1,范围1,Direct emissions,直接排放,11,Category 11,类别11 销售产品的使用,,,,,Report disclosure,报告披露,Spend-based,支出法,,,Explicit mention,原文明确提及,"36 ABB SUSTAINABILITY STATEMENT 2024 Remaining scope 3 emissions (everything apart from category 11) encompass a broad range of indirect emissions. Data sources include, for example, spend figures for purchased products and services, transp",,38,seed_batch_14,medium
batch_14,batch_14__r498_瑞士abb集团__20240__sustainabilityreport__p38__scope_3__0071,r498_瑞士abb集团__20240__sustainabilityreport,r498_瑞士abb集团,瑞士ABB集团,瑞士ABB集团,498,r498_瑞士abb集团,company,Scope 3,范围3,Other indirect emissions,其他间接排放,,,,,,,,Report disclosure,报告披露,Spend-based,支出法,,,Explicit mention,原文明确提及,"36 ABB SUSTAINABILITY STATEMENT 2024 Remaining scope 3 emissions (everything apart from category 11) encompass a broad range of indirect emissions. Data sources include, for example, spend figures for purchased products and services, transp",,38,seed_batch_14,medium
batch_14,batch_14__r498_瑞士abb集团__20240__sustainabilityreport__p38__scope_3__0072,r498_瑞士abb集团__20240__sustainabilityreport,r498_瑞士abb集团,瑞士ABB集团,瑞士ABB集团,498,r498_瑞士abb集团,company,Scope 3,范围3,Other indirect emissions,其他间接排放,6,Category 6,类别6 商务差旅,Business travel,商务差旅,,,Report disclosure,报告披露,Spend-based,支出法,,,Explicit mention,原文明确提及,"36 ABB SUSTAINABILITY STATEMENT 2024 Remaining scope 3 emissions (everything apart from category 11) encompass a broad range of indirect emissions. Data sources include, for example, spend figures for purchased products and services, transp",,38,seed_batch_14,medium
batch_14,batch_14__r498_瑞士abb集团__20240__sustainabilityreport__p38__scope_3__0073,r498_瑞士abb集团__20240__sustainabilityreport,r498_瑞士abb集团,瑞士ABB集团,瑞士ABB集团,498,r498_瑞士abb集团,company,Scope 3,范围3,Other indirect emissions,其他间接排放,1,Category 1,类别1 购买的商品和服务,,,,,Report disclosure,报告披露,Spend-based,支出法,,,Explicit mention,原文明确提及,"36 ABB SUSTAINABILITY STATEMENT 2024 Remaining scope 3 emissions (everything apart from category 11) encompass a broad range of indirect emissions. Data sources include, for example, spend figures for purchased products and services, transp",,38,seed_batch_14,medium
batch_14,batch_14__r498_瑞士abb集团__20240__sustainabilityreport__p38__scope_3__0074,r498_瑞士abb集团__20240__sustainabilityreport,r498_瑞士abb集团,瑞士ABB集团,瑞士ABB集团,498,r498_瑞士abb集团,company,Scope 3,范围3,Other indirect emissions,其他间接排放,6,Category 6,类别6 商务差旅,,,,,Report disclosure,报告披露,Spend-based,支出法,,,Explicit mention,原文明确提及,"36 ABB SUSTAINABILITY STATEMENT 2024 Remaining scope 3 emissions (everything apart from category 11) encompass a broad range of indirect emissions. Data sources include, for example, spend figures for purchased products and services, transp",,38,seed_batch_14,medium
batch_14,batch_14__r498_瑞士abb集团__20240__sustainabilityreport__p38__scope_3__0075,r498_瑞士abb集团__20240__sustainabilityreport,r498_瑞士abb集团,瑞士ABB集团,瑞士ABB集团,498,r498_瑞士abb集团,company,Scope 3,范围3,Other indirect emissions,其他间接排放,11,Category 11,类别11 销售产品的使用,,,,,Report disclosure,报告披露,Spend-based,支出法,,,Explicit mention,原文明确提及,"36 ABB SUSTAINABILITY STATEMENT 2024 Remaining scope 3 emissions (everything apart from category 11) encompass a broad range of indirect emissions. Data sources include, for example, spend figures for purchased products and services, transp",,38,seed_batch_14,medium
batch_14,batch_14__r498_瑞士abb集团__20240__sustainabilityreport__p131__scope_1__0076,r498_瑞士abb集团__20240__sustainabilityreport,r498_瑞士abb集团,瑞士ABB集团,瑞士ABB集团,498,r498_瑞士abb集团,company,Scope 1,范围1,Direct emissions,直接排放,,,,Stationary emission source,固定排放源,,,Report disclosure,报告披露,,,,,Explicit mention,原文明确提及,"e released during the combustion of fossil fuels, such as coal, oil, or natural gas. At ABB, we use the metric ton of CO2- equivalent (CO2e) to calculate our GHG emissions and to measure progress toward our emissions reduction targets. — Sc",,131,seed_batch_14,medium
batch_14,batch_14__r498_瑞士abb集团__20240__sustainabilityreport__p131__scope_2__0077,r498_瑞士abb集团__20240__sustainabilityreport,r498_瑞士abb集团,瑞士ABB集团,瑞士ABB集团,498,r498_瑞士abb集团,company,Scope 2,范围2,Indirect energy emissions,能源间接排放,,,,Stationary emission source,固定排放源,,,Report disclosure,报告披露,,,,,Explicit mention,原文明确提及,"e released during the combustion of fossil fuels, such as coal, oil, or natural gas. At ABB, we use the metric ton of CO2- equivalent (CO2e) to calculate our GHG emissions and to measure progress toward our emissions reduction targets. — Sc",,131,seed_batch_14,medium
batch_14,batch_14__r498_瑞士abb集团__20240__sustainabilityreport__p5__scope_3__0078,r498_瑞士abb集团__20240__sustainabilityreport,r498_瑞士abb集团,瑞士ABB集团,瑞士ABB集团,498,r498_瑞士abb集团,company,Scope 3,范围3,Other indirect emissions,其他间接排放,,,,,,Primary data,初级数据,Report disclosure,报告披露,,,,,Explicit mention,原文明确提及,"DISCLOSURES IN RELATION TO SPECIFIC CIRCUMSTANCES TIME HORIZONS In this statement, we comply with the medium- or long-term time horizons defined by ESRS 1 section 6.4 of short-, medium- and long-term for reporting purposes. VALUE CHAIN ESTI",,5,seed_batch_14,medium
batch_14,batch_14__r498_瑞士abb集团__20240__sustainabilityreport__p5__scope_3__0079,r498_瑞士abb集团__20240__sustainabilityreport,r498_瑞士abb集团,瑞士ABB集团,瑞士ABB集团,498,r498_瑞士abb集团,company,Scope 3,范围3,Other indirect emissions,其他间接排放,,,,Value-chain activities,价值链活动,Primary data,初级数据,Report disclosure,报告披露,,,,,Explicit mention,原文明确提及,"DISCLOSURES IN RELATION TO SPECIFIC CIRCUMSTANCES TIME HORIZONS In this statement, we comply with the medium- or long-term time horizons defined by ESRS 1 section 6.4 of short-, medium- and long-term for reporting purposes. VALUE CHAIN ESTI",,5,seed_batch_14,medium
batch_14,batch_14__r498_瑞士abb集团__20240__sustainabilityreport__p30__inventory__0080,r498_瑞士abb集团__20240__sustainabilityreport,r498_瑞士abb集团,瑞士ABB集团,瑞士ABB集团,498,r498_瑞士abb集团,company,,,,,,,,,,Derived data,推导数据,Report disclosure,报告披露,,,,,Explicit mention,原文明确提及,"s). In line with the categories of policy and legal, technology, market and reputation for risks and resource efficiency, energy source, products and services, markets and resilience for opportunities, the corresponding risk and opportunity",,30,seed_batch_14,medium
batch_14,batch_14__r498_瑞士abb集团__20240__sustainabilityreport__p36__inventory__0081,r498_瑞士abb集团__20240__sustainabilityreport,r498_瑞士abb集团,瑞士ABB集团,瑞士ABB集团,498,r498_瑞士abb集团,company,,,,,,,,,,Primary data,初级数据,Assurance,鉴证,Location-based,位置法,,,Explicit mention,原文明确提及,"nd 3 GHG emissions (location-based) (assured) 395,357 447,848 Due to rounding, numbers presented may not add to the totals provided. 1 Cat. 1, 2, 12 and 15 emissions were adjusted for prior years due to a refined calculation of inflation im",,36,seed_batch_14,medium
batch_14,batch_14__r498_瑞士abb集团__20240__sustainabilityreport__p37__inventory__0082,r498_瑞士abb集团__20240__sustainabilityreport,r498_瑞士abb集团,瑞士ABB集团,瑞士ABB集团,498,r498_瑞士abb集团,company,,,,,,,,,,Estimated data,估算数据,Report disclosure,报告披露,,,,,Explicit mention,原文明确提及,"cope 1 emissions from our fleet vehicles, we collect vehicle-specific data, such as fuel type, distance traveled and emissions profiles for every vehicle in the fleet. If this is not available, estimations are applied. In particular, the di",,37,seed_batch_14,medium
batch_14,batch_14__r498_瑞士abb集团__20240__sustainabilityreport__p37__inventory__0083,r498_瑞士abb集团__20240__sustainabilityreport,r498_瑞士abb集团,瑞士ABB集团,瑞士ABB集团,498,r498_瑞士abb集团,company,,,,,,,,Mobile emission source,移动排放源,Estimated data,估算数据,Report disclosure,报告披露,,,,,Explicit mention,原文明确提及,"cope 1 emissions from our fleet vehicles, we collect vehicle-specific data, such as fuel type, distance traveled and emissions profiles for every vehicle in the fleet. If this is not available, estimations are applied. In particular, the di",,37,seed_batch_14,medium
batch_14,batch_14__r498_瑞士abb集团__20240__sustainabilityreport__p38__inventory__0084,r498_瑞士abb集团__20240__sustainabilityreport,r498_瑞士abb集团,瑞士ABB集团,瑞士ABB集团,498,r498_瑞士abb集团,company,,,,,,,,,,Secondary data,次级数据,Report disclosure,报告披露,Spend-based,支出法,,,Explicit mention,原文明确提及,"g on the category, we use different methods to calculate these emissions: • Spend-Based Method: Applied to categories such as purchased goods and services or capital goods, where we calculated emissions based on the financial expenditure. E",,38,seed_batch_14,medium
batch_14,batch_14__r498_瑞士abb集团__20240__sustainabilityreport__p38__inventory__0085,r498_瑞士abb集团__20240__sustainabilityreport,r498_瑞士abb集团,瑞士ABB集团,瑞士ABB集团,498,r498_瑞士abb集团,company,,,,,6,Category 6,类别6 商务差旅,Business travel,商务差旅,Secondary data,次级数据,Report disclosure,报告披露,Spend-based,支出法,,,Explicit mention,原文明确提及,"g on the category, we use different methods to calculate these emissions: • Spend-Based Method: Applied to categories such as purchased goods and services or capital goods, where we calculated emissions based on the financial expenditure. E",,38,seed_batch_14,medium
batch_14,batch_14__r498_瑞士abb集团__20240__sustainabilityreport__p38__inventory__0086,r498_瑞士abb集团__20240__sustainabilityreport,r498_瑞士abb集团,瑞士ABB集团,瑞士ABB集团,498,r498_瑞士abb集团,company,,,,,1,Category 1,类别1 购买的商品和服务,,,Secondary data,次级数据,Report disclosure,报告披露,Spend-based,支出法,,,Explicit mention,原文明确提及,"g on the category, we use different methods to calculate these emissions: • Spend-Based Method: Applied to categories such as purchased goods and services or capital goods, where we calculated emissions based on the financial expenditure. E",,38,seed_batch_14,medium
batch_14,batch_14__r498_瑞士abb集团__20240__sustainabilityreport__p38__inventory__0087,r498_瑞士abb集团__20240__sustainabilityreport,r498_瑞士abb集团,瑞士ABB集团,瑞士ABB集团,498,r498_瑞士abb集团,company,,,,,6,Category 6,类别6 商务差旅,,,Secondary data,次级数据,Report disclosure,报告披露,Spend-based,支出法,,,Explicit mention,原文明确提及,"g on the category, we use different methods to calculate these emissions: • Spend-Based Method: Applied to categories such as purchased goods and services or capital goods, where we calculated emissions based on the financial expenditure. E",,38,seed_batch_14,medium
batch_14,batch_14__r498_瑞士abb集团__20240__sustainabilityreport__p39__scope_1__0088,r498_瑞士abb集团__20240__sustainabilityreport,r498_瑞士abb集团,瑞士ABB集团,瑞士ABB集团,498,r498_瑞士abb集团,company,Scope 1,范围1,Direct emissions,直接排放,,,,,,Secondary data,次级数据,Report disclosure,报告披露,Life-cycle assessment,生命周期评价,,,Explicit mention,原文明确提及,"r the product’s or solution’s Life Cycle Assessment, or expert opinion if not available. Reporting periods of value chain and ABB entities do not differ significantly, and limited effects on our GHG emission reporting are expected. Currentl",,39,seed_batch_14,medium
batch_14,batch_14__r498_瑞士abb集团__20240__sustainabilityreport__p39__scope_1__0089,r498_瑞士abb集团__20240__sustainabilityreport,r498_瑞士abb集团,瑞士ABB集团,瑞士ABB集团,498,r498_瑞士abb集团,company,Scope 1,范围1,Direct emissions,直接排放,,,,Value-chain activities,价值链活动,Secondary data,次级数据,Report disclosure,报告披露,Life-cycle assessment,生命周期评价,,,Explicit mention,原文明确提及,"r the product’s or solution’s Life Cycle Assessment, or expert opinion if not available. Reporting periods of value chain and ABB entities do not differ significantly, and limited effects on our GHG emission reporting are expected. Currentl",,39,seed_batch_14,medium
batch_14,batch_14__r498_瑞士abb集团__20240__sustainabilityreport__p39__scope_2__0090,r498_瑞士abb集团__20240__sustainabilityreport,r498_瑞士abb集团,瑞士ABB集团,瑞士ABB集团,498,r498_瑞士abb集团,company,Scope 2,范围2,Indirect energy emissions,能源间接排放,,,,,,Secondary data,次级数据,Report disclosure,报告披露,Life-cycle assessment,生命周期评价,,,Explicit mention,原文明确提及,"r the product’s or solution’s Life Cycle Assessment, or expert opinion if not available. Reporting periods of value chain and ABB entities do not differ significantly, and limited effects on our GHG emission reporting are expected. Currentl",,39,seed_batch_14,medium
batch_14,batch_14__r498_瑞士abb集团__20240__sustainabilityreport__p39__scope_2__0091,r498_瑞士abb集团__20240__sustainabilityreport,r498_瑞士abb集团,瑞士ABB集团,瑞士ABB集团,498,r498_瑞士abb集团,company,Scope 2,范围2,Indirect energy emissions,能源间接排放,,,,Value-chain activities,价值链活动,Secondary data,次级数据,Report disclosure,报告披露,Life-cycle assessment,生命周期评价,,,Explicit mention,原文明确提及,"r the product’s or solution’s Life Cycle Assessment, or expert opinion if not available. Reporting periods of value chain and ABB entities do not differ significantly, and limited effects on our GHG emission reporting are expected. Currentl",,39,seed_batch_14,medium
batch_14,batch_14__r498_瑞士abb集团__20240__sustainabilityreport__p39__scope_3__0092,r498_瑞士abb集团__20240__sustainabilityreport,r498_瑞士abb集团,瑞士ABB集团,瑞士ABB集团,498,r498_瑞士abb集团,company,Scope 3,范围3,Other indirect emissions,其他间接排放,,,,,,Secondary data,次级数据,Report disclosure,报告披露,Life-cycle assessment,生命周期评价,,,Explicit mention,原文明确提及,"r the product’s or solution’s Life Cycle Assessment, or expert opinion if not available. Reporting periods of value chain and ABB entities do not differ significantly, and limited effects on our GHG emission reporting are expected. Currentl",,39,seed_batch_14,medium
batch_14,batch_14__r498_瑞士abb集团__20240__sustainabilityreport__p39__scope_3__0093,r498_瑞士abb集团__20240__sustainabilityreport,r498_瑞士abb集团,瑞士ABB集团,瑞士ABB集团,498,r498_瑞士abb集团,company,Scope 3,范围3,Other indirect emissions,其他间接排放,,,,Value-chain activities,价值链活动,Secondary data,次级数据,Report disclosure,报告披露,Life-cycle assessment,生命周期评价,,,Explicit mention,原文明确提及,"r the product’s or solution’s Life Cycle Assessment, or expert opinion if not available. Reporting periods of value chain and ABB entities do not differ significantly, and limited effects on our GHG emission reporting are expected. Currentl",,39,seed_batch_14,medium
batch_14,batch_14__r498_瑞士abb集团__20240__sustainabilityreport__p46__inventory__0094,r498_瑞士abb集团__20240__sustainabilityreport,r498_瑞士abb集团,瑞士ABB集团,瑞士ABB集团,498,r498_瑞士abb集团,company,,,,,,,,,,Estimated data,估算数据,Report disclosure,报告披露,,,,,Explicit mention,原文明确提及,"Sustainability report. Total annual water consumption is calculated on Group level with information from the sites, namely withdrawal and discharge. While the data on water withdrawal typically comes from direct measurements, the water disc",,46,seed_batch_14,medium
batch_14,batch_14__r498_瑞士abb集团__20240__sustainabilityreport__p53__inventory__0095,r498_瑞士abb集团__20240__sustainabilityreport,r498_瑞士abb集团,瑞士ABB集团,瑞士ABB集团,498,r498_瑞士abb集团,company,,,,,,,,,,Derived data,推导数据,Report disclosure,报告披露,,,,,Explicit mention,原文明确提及,"res and comparable information from 2023. The KPIs for year-end 2024 were calculated using financial data available on December 31, 2024. TURNOVER KPI The proportion of Taxonomy-eligible and/or -aligned turnover has been calculated as the p",,53,seed_batch_14,medium
batch_14,batch_14__r498_瑞士abb集团__20240__sustainabilityreport__p54__inventory__0096,r498_瑞士abb集团__20240__sustainabilityreport,r498_瑞士abb集团,瑞士ABB集团,瑞士ABB集团,498,r498_瑞士abb集团,company,,,,,,,,,,Derived data,推导数据,Report disclosure,报告披露,,,,,Explicit mention,原文明确提及,"eciation, amortization, revaluations and impairments, which are included in the Capital expenditures as presented in Note 24 “Operating segment and geographic data” of the Financial Report 2024. • Leases (finance and operating), where corre",,54,seed_batch_14,medium
batch_14,batch_14__r498_瑞士abb集团__20240__sustainabilityreport__p55__inventory__0097,r498_瑞士abb集团__20240__sustainabilityreport,r498_瑞士abb集团,瑞士ABB集团,瑞士ABB集团,498,r498_瑞士abb集团,company,,,,,,,,,,Derived data,推导数据,Report disclosure,报告披露,,,,,Explicit mention,原文明确提及,"maintenance, building renovation measures, and any other direct expenditures associated with the day-to-day servicing of assets including property, plant and equipment. Following this definition and our accounting policy, our total OpEx inc",,55,seed_batch_14,medium
batch_14,batch_14__r498_瑞士abb集团__20240__sustainabilityreport__p89__inventory__0098,r498_瑞士abb集团__20240__sustainabilityreport,r498_瑞士abb集团,瑞士ABB集团,瑞士ABB集团,498,r498_瑞士abb集团,company,,,,,,,,Value-chain activities,价值链活动,,,Assurance,鉴证,,,,,Explicit mention,原文明确提及,"ber companies. The RMI, of which ABB is an active member, is an organization working to address responsible mineral sourcing in the supply chain. In 2024, we led the RMI outreach to tin smelters in Indonesia to have them undergo the RMI’s R",,89,seed_batch_14,medium
batch_14,batch_14__r498_瑞士abb集团__20240__sustainabilityreport__p92__inventory__0099,r498_瑞士abb集团__20240__sustainabilityreport,r498_瑞士abb集团,瑞士ABB集团,瑞士ABB集团,498,r498_瑞士abb集团,company,,,,,,,,,,Derived data,推导数据,Report disclosure,报告披露,,,,,Explicit mention,原文明确提及,"our business areas built on the success of these training modules to develop their own tailored learnings, adapted for and specific to roles and certain at-risk areas within each business. The divisions also carried out ABAC risk assessment",,92,seed_batch_14,medium
batch_14,batch_14__r498_瑞士abb集团__20240__sustainabilityreport__p106__scope_3__0100,r498_瑞士abb集团__20240__sustainabilityreport,r498_瑞士abb集团,瑞士ABB集团,瑞士ABB集团,498,r498_瑞士abb集团,company,Scope 3,范围3,Other indirect emissions,其他间接排放,,,,,,Estimated data,估算数据,Report disclosure,报告披露,,,,,Explicit mention,原文明确提及,a Disclosure of definitions of medium- or long-term time horizons 3 IFRS S2.10(d)4 ESRS 2 BP-2 9 b Disclosure of reasons for applying different definitions of time horizons 3 IFRS S2.10(d)4 ESRS 2 BP-2 10 a Disclosure of metrics that includ,,106,seed_batch_14,medium
batch_14,batch_14__r498_瑞士abb集团__20240__sustainabilityreport__p106__scope_3__0101,r498_瑞士abb集团__20240__sustainabilityreport,r498_瑞士abb集团,瑞士ABB集团,瑞士ABB集团,498,r498_瑞士abb集团,company,Scope 3,范围3,Other indirect emissions,其他间接排放,,,,Value-chain activities,价值链活动,Estimated data,估算数据,Report disclosure,报告披露,,,,,Explicit mention,原文明确提及,a Disclosure of definitions of medium- or long-term time horizons 3 IFRS S2.10(d)4 ESRS 2 BP-2 9 b Disclosure of reasons for applying different definitions of time horizons 3 IFRS S2.10(d)4 ESRS 2 BP-2 10 a Disclosure of metrics that includ,,106,seed_batch_14,medium
batch_14,batch_14__r498_瑞士abb集团__20240__sustainabilityreport__p113__scope_1__0102,r498_瑞士abb集团__20240__sustainabilityreport,r498_瑞士abb集团,瑞士ABB集团,瑞士ABB集团,498,r498_瑞士abb集团,company,Scope 1,范围1,Direct emissions,直接排放,,,,,,Primary data,初级数据,Report disclosure,报告披露,,,,,Explicit mention,原文明确提及,generation or for unbundled energy attribute claims 35 GRI 305: Emissions 2016: 305-1 Direct (Scope 1) GHG emissions GRI 305: Emissions 2016: 305-2 Energy indirect (Scope 2) GHG emissions IFRS S2.B31 E1 E1-6 AR 46 g Percentage of GHG scope ,,113,seed_batch_14,medium
batch_14,batch_14__r498_瑞士abb集团__20240__sustainabilityreport__p113__scope_2__0103,r498_瑞士abb集团__20240__sustainabilityreport,r498_瑞士abb集团,瑞士ABB集团,瑞士ABB集团,498,r498_瑞士abb集团,company,Scope 2,范围2,Indirect energy emissions,能源间接排放,,,,,,Primary data,初级数据,Report disclosure,报告披露,,,,,Explicit mention,原文明确提及,generation or for unbundled energy attribute claims 35 GRI 305: Emissions 2016: 305-1 Direct (Scope 1) GHG emissions GRI 305: Emissions 2016: 305-2 Energy indirect (Scope 2) GHG emissions IFRS S2.B31 E1 E1-6 AR 46 g Percentage of GHG scope ,,113,seed_batch_14,medium
batch_14,batch_14__r498_瑞士abb集团__20240__sustainabilityreport__p113__scope_3__0104,r498_瑞士abb集团__20240__sustainabilityreport,r498_瑞士abb集团,瑞士ABB集团,瑞士ABB集团,498,r498_瑞士abb集团,company,Scope 3,范围3,Other indirect emissions,其他间接排放,,,,,,Primary data,初级数据,Report disclosure,报告披露,,,,,Explicit mention,原文明确提及,generation or for unbundled energy attribute claims 35 GRI 305: Emissions 2016: 305-1 Direct (Scope 1) GHG emissions GRI 305: Emissions 2016: 305-2 Energy indirect (Scope 2) GHG emissions IFRS S2.B31 E1 E1-6 AR 46 g Percentage of GHG scope ,,113,seed_batch_14,medium
batch_14,batch_14__r498_瑞士abb集团__20240__sustainabilityreport__p128__inventory__0105,r498_瑞士abb集团__20240__sustainabilityreport,r498_瑞士abb集团,瑞士ABB集团,瑞士ABB集团,498,r498_瑞士abb集团,company,,,,,,,,,,Estimated data,估算数据,Report disclosure,报告披露,,,,,Explicit mention,原文明确提及,"sources and analyses and external data for comparison purposes is limited or not available. In time, as the external guidance in the sector evolves and data precision improves, the determination of avoided emissions will be subject to less ",,128,seed_batch_14,medium
batch_14,batch_14__r498_瑞士abb集团__20240__sustainabilityreport__p130__inventory__0106,r498_瑞士abb集团__20240__sustainabilityreport,r498_瑞士abb集团,瑞士ABB集团,瑞士ABB集团,498,r498_瑞士abb集团,company,,,,,,,,,,Estimated data,估算数据,Assurance,鉴证,,,,,Explicit mention,原文明确提及,"128 Analytically assessing the data and trends of the quantitative disclosures included in the scope of the limited assurance engagement; With respect to the avoided emissions calculated by ABB, reviewing the internally developed methodolog",,130,seed_batch_14,medium
batch_14,batch_14__r498_瑞士abb集团__20240__sustainabilityreport__p33__scope_1__0107,r498_瑞士abb集团__20240__sustainabilityreport,r498_瑞士abb集团,瑞士ABB集团,瑞士ABB集团,498,r498_瑞士abb集团,company,Scope 1,范围1,Direct emissions,直接排放,,,,Mobile emission source,移动排放源,,,Report disclosure,报告披露,,,,,Explicit mention,原文明确提及,ABB SUSTAINABILITY STATEMENT 2024 31 We have also committed to three initiatives of the Climate Group to help us to achieve our near-term scope 1 and 2 GHG emissions reduction target: • Consume 100 percent of our electricity from renewable ,,33,seed_batch_14,medium
batch_14,batch_14__r498_瑞士abb集团__20240__sustainabilityreport__p36__scope_1__0108,r498_瑞士abb集团__20240__sustainabilityreport,r498_瑞士abb集团,瑞士ABB集团,瑞士ABB集团,498,r498_瑞士abb集团,company,Scope 1,范围1,Direct emissions,直接排放,,,,Mobile emission source,移动排放源,,,Assurance,鉴证,,,,,Explicit mention,原文明确提及,"34 ABB SUSTAINABILITY STATEMENT 2024 OVERVIEW OF SCOPE 1, 2 AND 3 GHG EMISSIONS (kt CO₂e) 2024 2023 Gross scope 1 GHG emissions, of which Use of fuels 67 70 Coolants 4 4 SF6 8 9 Transport by own fleet 40 44 Emissions from biofuels — — Total",,36,seed_batch_14,medium
batch_14,batch_14__r498_瑞士abb集团__20240__sustainabilityreport__p36__scope_2__0109,r498_瑞士abb集团__20240__sustainabilityreport,r498_瑞士abb集团,瑞士ABB集团,瑞士ABB集团,498,r498_瑞士abb集团,company,Scope 2,范围2,Indirect energy emissions,能源间接排放,,,,Mobile emission source,移动排放源,,,Assurance,鉴证,,,,,Explicit mention,原文明确提及,"34 ABB SUSTAINABILITY STATEMENT 2024 OVERVIEW OF SCOPE 1, 2 AND 3 GHG EMISSIONS (kt CO₂e) 2024 2023 Gross scope 1 GHG emissions, of which Use of fuels 67 70 Coolants 4 4 SF6 8 9 Transport by own fleet 40 44 Emissions from biofuels — — Total",,36,seed_batch_14,medium
batch_14,batch_14__r498_瑞士abb集团__20240__sustainabilityreport__p37__scope_1__0110,r498_瑞士abb集团__20240__sustainabilityreport,r498_瑞士abb集团,瑞士ABB集团,瑞士ABB集团,498,r498_瑞士abb集团,company,Scope 1,范围1,Direct emissions,直接排放,,,,,,Estimated data,估算数据,Report disclosure,报告披露,,,,,Explicit mention,原文明确提及,"ABB SUSTAINABILITY STATEMENT 2024 35 We calculate our scope 1 and 2 GHG emissions using detailed methodologies that incorporate assumptions and standardized emissions factors. For scope 1 emissions from our fleet vehicles, we collect vehicl",,37,seed_batch_14,medium
batch_14,batch_14__r498_瑞士abb集团__20240__sustainabilityreport__p37__scope_1__0111,r498_瑞士abb集团__20240__sustainabilityreport,r498_瑞士abb集团,瑞士ABB集团,瑞士ABB集团,498,r498_瑞士abb集团,company,Scope 1,范围1,Direct emissions,直接排放,,,,Mobile emission source,移动排放源,Estimated data,估算数据,Report disclosure,报告披露,,,,,Explicit mention,原文明确提及,"ABB SUSTAINABILITY STATEMENT 2024 35 We calculate our scope 1 and 2 GHG emissions using detailed methodologies that incorporate assumptions and standardized emissions factors. For scope 1 emissions from our fleet vehicles, we collect vehicl",,37,seed_batch_14,medium
batch_14,batch_14__r498_瑞士abb集团__20240__sustainabilityreport__p38__scope_1__0112,r498_瑞士abb集团__20240__sustainabilityreport,r498_瑞士abb集团,瑞士ABB集团,瑞士ABB集团,498,r498_瑞士abb集团,company,Scope 1,范围1,Direct emissions,直接排放,6,Category 6,类别6 商务差旅,Business travel,商务差旅,,,Report disclosure,报告披露,,,,,Explicit mention,原文明确提及,"36 ABB SUSTAINABILITY STATEMENT 2024 Remaining scope 3 emissions (everything apart from category 11) encompass a broad range of indirect emissions. Data sources include, for example, spend figures for purchased products and services, transp",,38,seed_batch_14,medium
batch_14,batch_14__r498_瑞士abb集团__20240__sustainabilityreport__p38__scope_1__0113,r498_瑞士abb集团__20240__sustainabilityreport,r498_瑞士abb集团,瑞士ABB集团,瑞士ABB集团,498,r498_瑞士abb集团,company,Scope 1,范围1,Direct emissions,直接排放,1,Category 1,类别1 购买的商品和服务,,,,,Report disclosure,报告披露,,,,,Explicit mention,原文明确提及,"36 ABB SUSTAINABILITY STATEMENT 2024 Remaining scope 3 emissions (everything apart from category 11) encompass a broad range of indirect emissions. Data sources include, for example, spend figures for purchased products and services, transp",,38,seed_batch_14,medium
batch_14,batch_14__r498_瑞士abb集团__20240__sustainabilityreport__p38__scope_1__0114,r498_瑞士abb集团__20240__sustainabilityreport,r498_瑞士abb集团,瑞士ABB集团,瑞士ABB集团,498,r498_瑞士abb集团,company,Scope 1,范围1,Direct emissions,直接排放,6,Category 6,类别6 商务差旅,,,,,Report disclosure,报告披露,,,,,Explicit mention,原文明确提及,"36 ABB SUSTAINABILITY STATEMENT 2024 Remaining scope 3 emissions (everything apart from category 11) encompass a broad range of indirect emissions. Data sources include, for example, spend figures for purchased products and services, transp",,38,seed_batch_14,medium
batch_14,batch_14__r498_瑞士abb集团__20240__sustainabilityreport__p38__scope_1__0115,r498_瑞士abb集团__20240__sustainabilityreport,r498_瑞士abb集团,瑞士ABB集团,瑞士ABB集团,498,r498_瑞士abb集团,company,Scope 1,范围1,Direct emissions,直接排放,11,Category 11,类别11 销售产品的使用,,,,,Report disclosure,报告披露,,,,,Explicit mention,原文明确提及,"36 ABB SUSTAINABILITY STATEMENT 2024 Remaining scope 3 emissions (everything apart from category 11) encompass a broad range of indirect emissions. Data sources include, for example, spend figures for purchased products and services, transp",,38,seed_batch_14,medium
batch_14,batch_14__r498_瑞士abb集团__20240__sustainabilityreport__p38__scope_3__0116,r498_瑞士abb集团__20240__sustainabilityreport,r498_瑞士abb集团,瑞士ABB集团,瑞士ABB集团,498,r498_瑞士abb集团,company,Scope 3,范围3,Other indirect emissions,其他间接排放,6,Category 6,类别6 商务差旅,Business travel,商务差旅,,,Report disclosure,报告披露,,,,,Explicit mention,原文明确提及,"36 ABB SUSTAINABILITY STATEMENT 2024 Remaining scope 3 emissions (everything apart from category 11) encompass a broad range of indirect emissions. Data sources include, for example, spend figures for purchased products and services, transp",,38,seed_batch_14,medium
batch_14,batch_14__r498_瑞士abb集团__20240__sustainabilityreport__p38__scope_3__0117,r498_瑞士abb集团__20240__sustainabilityreport,r498_瑞士abb集团,瑞士ABB集团,瑞士ABB集团,498,r498_瑞士abb集团,company,Scope 3,范围3,Other indirect emissions,其他间接排放,1,Category 1,类别1 购买的商品和服务,,,,,Report disclosure,报告披露,,,,,Explicit mention,原文明确提及,"36 ABB SUSTAINABILITY STATEMENT 2024 Remaining scope 3 emissions (everything apart from category 11) encompass a broad range of indirect emissions. Data sources include, for example, spend figures for purchased products and services, transp",,38,seed_batch_14,medium
batch_14,batch_14__r498_瑞士abb集团__20240__sustainabilityreport__p38__scope_3__0118,r498_瑞士abb集团__20240__sustainabilityreport,r498_瑞士abb集团,瑞士ABB集团,瑞士ABB集团,498,r498_瑞士abb集团,company,Scope 3,范围3,Other indirect emissions,其他间接排放,6,Category 6,类别6 商务差旅,,,,,Report disclosure,报告披露,,,,,Explicit mention,原文明确提及,"36 ABB SUSTAINABILITY STATEMENT 2024 Remaining scope 3 emissions (everything apart from category 11) encompass a broad range of indirect emissions. Data sources include, for example, spend figures for purchased products and services, transp",,38,seed_batch_14,medium
batch_14,batch_14__r498_瑞士abb集团__20240__sustainabilityreport__p38__scope_3__0119,r498_瑞士abb集团__20240__sustainabilityreport,r498_瑞士abb集团,瑞士ABB集团,瑞士ABB集团,498,r498_瑞士abb集团,company,Scope 3,范围3,Other indirect emissions,其他间接排放,11,Category 11,类别11 销售产品的使用,,,,,Report disclosure,报告披露,,,,,Explicit mention,原文明确提及,"36 ABB SUSTAINABILITY STATEMENT 2024 Remaining scope 3 emissions (everything apart from category 11) encompass a broad range of indirect emissions. Data sources include, for example, spend figures for purchased products and services, transp",,38,seed_batch_14,medium
batch_14,batch_14__r498_瑞士abb集团__20240__sustainabilityreport__p39__scope_1__0120,r498_瑞士abb集团__20240__sustainabilityreport,r498_瑞士abb集团,瑞士ABB集团,瑞士ABB集团,498,r498_瑞士abb集团,company,Scope 1,范围1,Direct emissions,直接排放,,,,,,Secondary data,次级数据,Report disclosure,报告披露,,,Operational control,运营控制边界,Explicit mention,原文明确提及,". Currently, we primarily use secondary data to calculate scope 3 emissions. Certain scope 3 GHG emission categories are not applicable to ABB such as category 8 (upstream leased assets) has been excluded as we already account for our lease",,39,seed_batch_14,medium
batch_14,batch_14__r498_瑞士abb集团__20240__sustainabilityreport__p39__scope_1__0121,r498_瑞士abb集团__20240__sustainabilityreport,r498_瑞士abb集团,瑞士ABB集团,瑞士ABB集团,498,r498_瑞士abb集团,company,Scope 1,范围1,Direct emissions,直接排放,1,Category 1,类别1 购买的商品和服务,Value-chain activities,价值链活动,Secondary data,次级数据,Report disclosure,报告披露,,,Operational control,运营控制边界,Explicit mention,原文明确提及,". Currently, we primarily use secondary data to calculate scope 3 emissions. Certain scope 3 GHG emission categories are not applicable to ABB such as category 8 (upstream leased assets) has been excluded as we already account for our lease",,39,seed_batch_14,medium
batch_14,batch_14__r498_瑞士abb集团__20240__sustainabilityreport__p39__scope_1__0122,r498_瑞士abb集团__20240__sustainabilityreport,r498_瑞士abb集团,瑞士ABB集团,瑞士ABB集团,498,r498_瑞士abb集团,company,Scope 1,范围1,Direct emissions,直接排放,1,Category 1,类别1 购买的商品和服务,,,Secondary data,次级数据,Report disclosure,报告披露,,,Operational control,运营控制边界,Explicit mention,原文明确提及,". Currently, we primarily use secondary data to calculate scope 3 emissions. Certain scope 3 GHG emission categories are not applicable to ABB such as category 8 (upstream leased assets) has been excluded as we already account for our lease",,39,seed_batch_14,medium
batch_14,batch_14__r498_瑞士abb集团__20240__sustainabilityreport__p39__scope_2__0123,r498_瑞士abb集团__20240__sustainabilityreport,r498_瑞士abb集团,瑞士ABB集团,瑞士ABB集团,498,r498_瑞士abb集团,company,Scope 2,范围2,Indirect energy emissions,能源间接排放,,,,,,Secondary data,次级数据,Report disclosure,报告披露,,,Operational control,运营控制边界,Explicit mention,原文明确提及,". Currently, we primarily use secondary data to calculate scope 3 emissions. Certain scope 3 GHG emission categories are not applicable to ABB such as category 8 (upstream leased assets) has been excluded as we already account for our lease",,39,seed_batch_14,medium
batch_14,batch_14__r498_瑞士abb集团__20240__sustainabilityreport__p39__scope_2__0124,r498_瑞士abb集团__20240__sustainabilityreport,r498_瑞士abb集团,瑞士ABB集团,瑞士ABB集团,498,r498_瑞士abb集团,company,Scope 2,范围2,Indirect energy emissions,能源间接排放,1,Category 1,类别1 购买的商品和服务,Value-chain activities,价值链活动,Secondary data,次级数据,Report disclosure,报告披露,,,Operational control,运营控制边界,Explicit mention,原文明确提及,". Currently, we primarily use secondary data to calculate scope 3 emissions. Certain scope 3 GHG emission categories are not applicable to ABB such as category 8 (upstream leased assets) has been excluded as we already account for our lease",,39,seed_batch_14,medium
batch_14,batch_14__r498_瑞士abb集团__20240__sustainabilityreport__p39__scope_2__0125,r498_瑞士abb集团__20240__sustainabilityreport,r498_瑞士abb集团,瑞士ABB集团,瑞士ABB集团,498,r498_瑞士abb集团,company,Scope 2,范围2,Indirect energy emissions,能源间接排放,1,Category 1,类别1 购买的商品和服务,,,Secondary data,次级数据,Report disclosure,报告披露,,,Operational control,运营控制边界,Explicit mention,原文明确提及,". Currently, we primarily use secondary data to calculate scope 3 emissions. Certain scope 3 GHG emission categories are not applicable to ABB such as category 8 (upstream leased assets) has been excluded as we already account for our lease",,39,seed_batch_14,medium
batch_14,batch_14__r498_瑞士abb集团__20240__sustainabilityreport__p39__scope_3__0126,r498_瑞士abb集团__20240__sustainabilityreport,r498_瑞士abb集团,瑞士ABB集团,瑞士ABB集团,498,r498_瑞士abb集团,company,Scope 3,范围3,Other indirect emissions,其他间接排放,,,,,,Secondary data,次级数据,Report disclosure,报告披露,,,Operational control,运营控制边界,Explicit mention,原文明确提及,". Currently, we primarily use secondary data to calculate scope 3 emissions. Certain scope 3 GHG emission categories are not applicable to ABB such as category 8 (upstream leased assets) has been excluded as we already account for our lease",,39,seed_batch_14,medium
batch_14,batch_14__r498_瑞士abb集团__20240__sustainabilityreport__p39__scope_3__0127,r498_瑞士abb集团__20240__sustainabilityreport,r498_瑞士abb集团,瑞士ABB集团,瑞士ABB集团,498,r498_瑞士abb集团,company,Scope 3,范围3,Other indirect emissions,其他间接排放,1,Category 1,类别1 购买的商品和服务,Value-chain activities,价值链活动,Secondary data,次级数据,Report disclosure,报告披露,,,Operational control,运营控制边界,Explicit mention,原文明确提及,". Currently, we primarily use secondary data to calculate scope 3 emissions. Certain scope 3 GHG emission categories are not applicable to ABB such as category 8 (upstream leased assets) has been excluded as we already account for our lease",,39,seed_batch_14,medium
batch_14,batch_14__r498_瑞士abb集团__20240__sustainabilityreport__p39__scope_3__0128,r498_瑞士abb集团__20240__sustainabilityreport,r498_瑞士abb集团,瑞士ABB集团,瑞士ABB集团,498,r498_瑞士abb集团,company,Scope 3,范围3,Other indirect emissions,其他间接排放,1,Category 1,类别1 购买的商品和服务,,,Secondary data,次级数据,Report disclosure,报告披露,,,Operational control,运营控制边界,Explicit mention,原文明确提及,". Currently, we primarily use secondary data to calculate scope 3 emissions. Certain scope 3 GHG emission categories are not applicable to ABB such as category 8 (upstream leased assets) has been excluded as we already account for our lease",,39,seed_batch_14,medium
batch_14,batch_14__r498_瑞士abb集团__20240__sustainabilityreport__p113__scope_1__0129,r498_瑞士abb集团__20240__sustainabilityreport,r498_瑞士abb集团,瑞士ABB集团,瑞士ABB集团,498,r498_瑞士abb集团,company,Scope 1,范围1,Direct emissions,直接排放,,,,,,Estimated data,估算数据,Report disclosure,报告披露,,,,,Explicit mention,原文明确提及,"AINABILITY STATEMENT 2024 111 ESRS reference Related AR Name Location GRI1 ISSB2 E1 E1-6 AR 39 b Disclosure of methodologies, significant assumptions and emissions factors used to calculate or measure GHG emissions 35–37 GRI 305: Emissions ",,113,seed_batch_14,medium
batch_14,batch_14__r498_瑞士abb集团__20240__sustainabilityreport__p113__scope_2__0130,r498_瑞士abb集团__20240__sustainabilityreport,r498_瑞士abb集团,瑞士ABB集团,瑞士ABB集团,498,r498_瑞士abb集团,company,Scope 2,范围2,Indirect energy emissions,能源间接排放,,,,,,Estimated data,估算数据,Report disclosure,报告披露,,,,,Explicit mention,原文明确提及,"AINABILITY STATEMENT 2024 111 ESRS reference Related AR Name Location GRI1 ISSB2 E1 E1-6 AR 39 b Disclosure of methodologies, significant assumptions and emissions factors used to calculate or measure GHG emissions 35–37 GRI 305: Emissions ",,113,seed_batch_14,medium
batch_14,batch_14__r498_瑞士abb集团__20240__sustainabilityreport__p113__scope_3__0131,r498_瑞士abb集团__20240__sustainabilityreport,r498_瑞士abb集团,瑞士ABB集团,瑞士ABB集团,498,r498_瑞士abb集团,company,Scope 3,范围3,Other indirect emissions,其他间接排放,,,,,,Estimated data,估算数据,Report disclosure,报告披露,,,,,Explicit mention,原文明确提及,"AINABILITY STATEMENT 2024 111 ESRS reference Related AR Name Location GRI1 ISSB2 E1 E1-6 AR 39 b Disclosure of methodologies, significant assumptions and emissions factors used to calculate or measure GHG emissions 35–37 GRI 305: Emissions ",,113,seed_batch_14,medium
