company_id,company_name_en,company_name_zh,world500_rank,scope_en,basis_en,boundary_en,value_mtco2e,evidence_page,source_file,source_path,missing_emission_factor_application,missing_gwp_version_fact,missing_energy_consumption_fact,missing_economic_instrument_fact,required_action_zh,reviewer_factor_id,reviewer_gwp_version,reviewer_energy_record_id,reviewer_economic_instrument_id,reviewer_note_zh
r001_walmart,WALMART,沃尔玛,1,Scope 1,,,9.03,106,FY2025-Walmart-ESG-Report.pdf,C:\Users\lenovo\Desktop\一些任务\董敬轩\知识图谱\世界500强10份\世界500强10份\FY2025-Walmart-ESG-Report.pdf,yes,yes,yes,yes,补 EmissionFactor 引用、GWP 版本、能耗活动数据、经济工具/成本侧事实；没有披露时标注未披露，不得推断。,,,,,
r001_walmart,WALMART,沃尔玛,1,Scope 2,Market-Based,,6.61,106,FY2025-Walmart-ESG-Report.pdf,C:\Users\lenovo\Desktop\一些任务\董敬轩\知识图谱\世界500强10份\世界500强10份\FY2025-Walmart-ESG-Report.pdf,yes,yes,yes,yes,补 EmissionFactor 引用、GWP 版本、能耗活动数据、经济工具/成本侧事实；没有披露时标注未披露，不得推断。,,,,,
r001_walmart,WALMART,沃尔玛,1,Scope 3,,,636.57,106,FY2025-Walmart-ESG-Report.pdf,C:\Users\lenovo\Desktop\一些任务\董敬轩\知识图谱\世界500强10份\世界500强10份\FY2025-Walmart-ESG-Report.pdf,yes,yes,yes,yes,补 EmissionFactor 引用、GWP 版本、能耗活动数据、经济工具/成本侧事实；没有披露时标注未披露，不得推断。,,,,,
r002_amazoncom,AMAZON.COM,亚马逊,2,Scope 1,,,15.13,50,2024-amazon-sustainability-report.pdf,C:\Users\lenovo\Desktop\一些任务\董敬轩\知识图谱\世界500强10份\世界500强10份\2024-amazon-sustainability-report.pdf,yes,yes,yes,yes,补 EmissionFactor 引用、GWP 版本、能耗活动数据、经济工具/成本侧事实；没有披露时标注未披露，不得推断。,,,,,
r002_amazoncom,AMAZON.COM,亚马逊,2,Scope 2,Market-Based,,2.8,50,2024-amazon-sustainability-report.pdf,C:\Users\lenovo\Desktop\一些任务\董敬轩\知识图谱\世界500强10份\世界500强10份\2024-amazon-sustainability-report.pdf,yes,yes,yes,yes,补 EmissionFactor 引用、GWP 版本、能耗活动数据、经济工具/成本侧事实；没有披露时标注未披露，不得推断。,,,,,
r002_amazoncom,AMAZON.COM,亚马逊,2,Scope 3,,,50.32,50,2024-amazon-sustainability-report.pdf,C:\Users\lenovo\Desktop\一些任务\董敬轩\知识图谱\世界500强10份\世界500强10份\2024-amazon-sustainability-report.pdf,yes,yes,yes,yes,补 EmissionFactor 引用、GWP 版本、能耗活动数据、经济工具/成本侧事实；没有披露时标注未披露，不得推断。,,,,,
r007_apple,APPLE,苹果公司,7,Scope 1,,,0.0552,104,Apple_Environmental_Progress_Report_2025.pdf,C:\Users\lenovo\Desktop\一些任务\董敬轩\知识图谱\2024世界500强及碳中和报告\2024世界500强及碳中和报告\Apple_Environmental_Progress_Report_2025.pdf,yes,yes,yes,yes,补 EmissionFactor 引用、GWP 版本、能耗活动数据、经济工具/成本侧事实；没有披露时标注未披露，不得推断。,,,,,
r007_apple,APPLE,苹果公司,7,Scope 1,,,0.06371,99,Apple_Environmental_Progress_Report_2025.pdf,C:\Users\lenovo\Desktop\一些任务\董敬轩\知识图谱\世界500强10份\世界500强10份\Apple_Environmental_Progress_Report_2025.pdf,yes,yes,yes,yes,补 EmissionFactor 引用、GWP 版本、能耗活动数据、经济工具/成本侧事实；没有披露时标注未披露，不得推断。,,,,,
r007_apple,APPLE,苹果公司,7,Scope 2,Market-Based,,1.2245,104,Apple_Environmental_Progress_Report_2025.pdf,C:\Users\lenovo\Desktop\一些任务\董敬轩\知识图谱\2024世界500强及碳中和报告\2024世界500强及碳中和报告\Apple_Environmental_Progress_Report_2025.pdf,yes,yes,yes,yes,补 EmissionFactor 引用、GWP 版本、能耗活动数据、经济工具/成本侧事实；没有披露时标注未披露，不得推断。,,,,,
r007_apple,APPLE,苹果公司,7,Scope 2,Market-Based,,0.0033,99,Apple_Environmental_Progress_Report_2025.pdf,C:\Users\lenovo\Desktop\一些任务\董敬轩\知识图谱\世界500强10份\世界500强10份\Apple_Environmental_Progress_Report_2025.pdf,yes,yes,yes,yes,补 EmissionFactor 引用、GWP 版本、能耗活动数据、经济工具/成本侧事实；没有披露时标注未披露，不得推断。,,,,,
r007_apple,APPLE,苹果公司,7,Scope 3,,,15.19099,105,Apple_Environmental_Progress_Report_2025.pdf,C:\Users\lenovo\Desktop\一些任务\董敬轩\知识图谱\世界500强10份\世界500强10份\Apple_Environmental_Progress_Report_2025.pdf,yes,yes,yes,yes,补 EmissionFactor 引用、GWP 版本、能耗活动数据、经济工具/成本侧事实；没有披露时标注未披露，不得推断。,,,,,
r007_apple,APPLE,苹果公司,7,Scope 3,,,35.73,106,Apple_Environmental_Progress_Report_2025.pdf,C:\Users\lenovo\Desktop\一些任务\董敬轩\知识图谱\2024世界500强及碳中和报告\2024世界500强及碳中和报告\Apple_Environmental_Progress_Report_2025.pdf,yes,yes,yes,yes,补 EmissionFactor 引用、GWP 版本、能耗活动数据、经济工具/成本侧事实；没有披露时标注未披露，不得推断。,,,,,
r008_unitedhealthgroup,UNITEDHEALTH GROUP,联合健康集团,8,Scope 1,,,0.105782,81,UNITEDHEALTH GROUP—2024-sustainability-report.pdf,C:\Users\lenovo\Desktop\一些任务\董敬轩\知识图谱\世界500强10份\世界500强10份\UNITEDHEALTH GROUP—2024-sustainability-report.pdf,yes,yes,yes,yes,补 EmissionFactor 引用、GWP 版本、能耗活动数据、经济工具/成本侧事实；没有披露时标注未披露，不得推断。,,,,,
r008_unitedhealthgroup,UNITEDHEALTH GROUP,联合健康集团,8,Scope 2,Market-Based,,0.265661,81,UNITEDHEALTH GROUP—2024-sustainability-report.pdf,C:\Users\lenovo\Desktop\一些任务\董敬轩\知识图谱\世界500强10份\世界500强10份\UNITEDHEALTH GROUP—2024-sustainability-report.pdf,yes,yes,yes,yes,补 EmissionFactor 引用、GWP 版本、能耗活动数据、经济工具/成本侧事实；没有披露时标注未披露，不得推断。,,,,,
r008_unitedhealthgroup,UNITEDHEALTH GROUP,联合健康集团,8,Scope 3,,,17.977601,82,UNITEDHEALTH GROUP—2024-sustainability-report.pdf,C:\Users\lenovo\Desktop\一些任务\董敬轩\知识图谱\世界500强10份\世界500强10份\UNITEDHEALTH GROUP—2024-sustainability-report.pdf,yes,yes,yes,yes,补 EmissionFactor 引用、GWP 版本、能耗活动数据、经济工具/成本侧事实；没有披露时标注未披露，不得推断。,,,,,
r008_unitedhealthgroup,UNITEDHEALTH GROUP,联合健康集团,8,Scope 3,,,13.811453,82,UNITEDHEALTH GROUP—2024-sustainability-report.pdf,C:\Users\lenovo\Desktop\一些任务\董敬轩\知识图谱\2024世界500强及碳中和报告\2024世界500强及碳中和报告\UNITEDHEALTH GROUP—2024-sustainability-report.pdf,yes,yes,yes,yes,补 EmissionFactor 引用、GWP 版本、能耗活动数据、经济工具/成本侧事实；没有披露时标注未披露，不得推断。,,,,,
r011_volkswagen,VOLKSWAGEN,大众公司,11,Scope 1,,,4.03,66,2023_Volkswagen_Group_Sustainability_Report.pdf,C:\Users\lenovo\Desktop\一些任务\董敬轩\知识图谱\世界500强10份\世界500强10份\2023_Volkswagen_Group_Sustainability_Report.pdf,yes,yes,yes,yes,补 EmissionFactor 引用、GWP 版本、能耗活动数据、经济工具/成本侧事实；没有披露时标注未披露，不得推断。,,,,,
r011_volkswagen,VOLKSWAGEN,大众公司,11,Scope 2,,,1.96,66,2023_Volkswagen_Group_Sustainability_Report.pdf,C:\Users\lenovo\Desktop\一些任务\董敬轩\知识图谱\世界500强10份\世界500强10份\2023_Volkswagen_Group_Sustainability_Report.pdf,yes,yes,yes,yes,补 EmissionFactor 引用、GWP 版本、能耗活动数据、经济工具/成本侧事实；没有披露时标注未披露，不得推断。,,,,,
r011_volkswagen,VOLKSWAGEN,大众公司,11,Scope 3,,,413.95,66,2023_Volkswagen_Group_Sustainability_Report.pdf,C:\Users\lenovo\Desktop\一些任务\董敬轩\知识图谱\世界500强10份\世界500强10份\2023_Volkswagen_Group_Sustainability_Report.pdf,yes,yes,yes,yes,补 EmissionFactor 引用、GWP 版本、能耗活动数据、经济工具/成本侧事实；没有披露时标注未披露，不得推断。,,,,,
r013_shell,SHELL,壳牌公司,13,Scope 1,,,50.0,109,shell-annual-report-2024.pdf,C:\Users\lenovo\Desktop\一些任务\董敬轩\知识图谱\2024世界500强及碳中和报告\2024世界500强及碳中和报告\shell-annual-report-2024.pdf,yes,yes,yes,yes,补 EmissionFactor 引用、GWP 版本、能耗活动数据、经济工具/成本侧事实；没有披露时标注未披露，不得推断。,,,,,
r013_shell,SHELL,壳牌公司,13,Scope 2,Location-Based,,8.0,109,shell-annual-report-2024.pdf,C:\Users\lenovo\Desktop\一些任务\董敬轩\知识图谱\2024世界500强及碳中和报告\2024世界500强及碳中和报告\shell-annual-report-2024.pdf,yes,yes,yes,yes,补 EmissionFactor 引用、GWP 版本、能耗活动数据、经济工具/成本侧事实；没有披露时标注未披露，不得推断。,,,,,
r013_shell,SHELL,壳牌公司,13,Scope 2,Market-Based,,8.0,109,shell-annual-report-2024.pdf,C:\Users\lenovo\Desktop\一些任务\董敬轩\知识图谱\2024世界500强及碳中和报告\2024世界500强及碳中和报告\shell-annual-report-2024.pdf,yes,yes,yes,yes,补 EmissionFactor 引用、GWP 版本、能耗活动数据、经济工具/成本侧事实；没有披露时标注未披露，不得推断。,,,,,
r016_mckesson,MCKESSON,麦克森公司,16,Scope 1,,,2e-06,64,McKesson Impact Report 2024.pdf,C:\Users\lenovo\Desktop\一些任务\董敬轩\知识图谱\2024世界500强及碳中和报告\2024世界500强及碳中和报告\McKesson Impact Report 2024.pdf,yes,yes,yes,yes,补 EmissionFactor 引用、GWP 版本、能耗活动数据、经济工具/成本侧事实；没有披露时标注未披露，不得推断。,,,,,
r016_mckesson,MCKESSON,麦克森公司,16,Scope 2,Location-Based,,1e-06,69,McKesson Impact Report 2024.pdf,C:\Users\lenovo\Desktop\一些任务\董敬轩\知识图谱\2024世界500强及碳中和报告\2024世界500强及碳中和报告\McKesson Impact Report 2024.pdf,yes,yes,yes,yes,补 EmissionFactor 引用、GWP 版本、能耗活动数据、经济工具/成本侧事实；没有披露时标注未披露，不得推断。,,,,,
r017_alphabet公司,Alphabet,Alphabet,17,Scope 1,,,0.0731,105,google-2025-environmental-report.pdf,C:\Users\lenovo\Desktop\一些任务\董敬轩\知识图谱\2024世界500强及碳中和报告\2024世界500强及碳中和报告\google-2025-environmental-report.pdf,yes,yes,yes,yes,补 EmissionFactor 引用、GWP 版本、能耗活动数据、经济工具/成本侧事实；没有披露时标注未披露，不得推断。,,,,,
r017_alphabet公司,Alphabet,Alphabet,17,Scope 2,Market-Based,,3.0591,105,google-2025-environmental-report.pdf,C:\Users\lenovo\Desktop\一些任务\董敬轩\知识图谱\2024世界500强及碳中和报告\2024世界500强及碳中和报告\google-2025-environmental-report.pdf,yes,yes,yes,yes,补 EmissionFactor 引用、GWP 版本、能耗活动数据、经济工具/成本侧事实；没有披露时标注未披露，不得推断。,,,,,
r017_alphabet公司,Alphabet,Alphabet,17,Scope 3,,,12.052999999999999,105,google-2025-environmental-report.pdf,C:\Users\lenovo\Desktop\一些任务\董敬轩\知识图谱\2024世界500强及碳中和报告\2024世界500强及碳中和报告\google-2025-environmental-report.pdf,yes,yes,yes,yes,补 EmissionFactor 引用、GWP 版本、能耗活动数据、经济工具/成本侧事实；没有披露时标注未披露，不得推断。,,,,,
r021_jpmorganchase,JPMORGAN CHASE,摩根大通公司,21,Scope 1,,,115.0,27,JPMORGAN CHASE-Climate-Report-2024.pdf,C:\Users\lenovo\Desktop\一些任务\董敬轩\知识图谱\2024世界500强及碳中和报告\2024世界500强及碳中和报告\JPMORGAN CHASE-Climate-Report-2024.pdf,yes,yes,yes,yes,补 EmissionFactor 引用、GWP 版本、能耗活动数据、经济工具/成本侧事实；没有披露时标注未披露，不得推断。,,,,,
r022_industrialandcommercialbankofchina,INDUSTRIAL & COMMERCIAL BANK OF CHINA,中国工商银行股份有限公司,22,Scope 1,,,0.0996,45,ICBC_2024_Sustainability_Report.pdf,C:\Users\lenovo\Desktop\一些任务\董敬轩\知识图谱\2024世界500强及碳中和报告\2024世界500强及碳中和报告\ICBC_2024_Sustainability_Report.pdf,yes,yes,yes,yes,补 EmissionFactor 引用、GWP 版本、能耗活动数据、经济工具/成本侧事实；没有披露时标注未披露，不得推断。,,,,,
r022_industrialandcommercialbankofchina,INDUSTRIAL & COMMERCIAL BANK OF CHINA,中国工商银行股份有限公司,22,Scope 2,,,1.776,45,ICBC_2024_Sustainability_Report.pdf,C:\Users\lenovo\Desktop\一些任务\董敬轩\知识图谱\2024世界500强及碳中和报告\2024世界500强及碳中和报告\ICBC_2024_Sustainability_Report.pdf,yes,yes,yes,yes,补 EmissionFactor 引用、GWP 版本、能耗活动数据、经济工具/成本侧事实；没有披露时标注未披露，不得推断。,,,,,
r023_totalenergies,TOTALENERGIES,道达尔能源公司,23,Scope 1,,,43.0,106,totalenergies_sustainability-climate-2025-progress-report_2025_en.pdf,C:\Users\lenovo\Desktop\一些任务\董敬轩\知识图谱\世界500强10份\世界500强10份\totalenergies_sustainability-climate-2025-progress-report_2025_en.pdf,yes,yes,yes,yes,补 EmissionFactor 引用、GWP 版本、能耗活动数据、经济工具/成本侧事实；没有披露时标注未披露，不得推断。,,,,,
r023_totalenergies,TOTALENERGIES,道达尔能源公司,23,Scope 2,Market-Based,,2.0,106,totalenergies_sustainability-climate-2025-progress-report_2025_en.pdf,C:\Users\lenovo\Desktop\一些任务\董敬轩\知识图谱\世界500强10份\世界500强10份\totalenergies_sustainability-climate-2025-progress-report_2025_en.pdf,yes,yes,yes,yes,补 EmissionFactor 引用、GWP 版本、能耗活动数据、经济工具/成本侧事实；没有披露时标注未披露，不得推断。,,,,,
r023_totalenergies,TOTALENERGIES,道达尔能源公司,23,Scope 3,,,342.0,107,totalenergies_sustainability-climate-2025-progress-report_2025_en.pdf,C:\Users\lenovo\Desktop\一些任务\董敬轩\知识图谱\世界500强10份\世界500强10份\totalenergies_sustainability-climate-2025-progress-report_2025_en.pdf,yes,yes,yes,yes,补 EmissionFactor 引用、GWP 版本、能耗活动数据、经济工具/成本侧事实；没有披露时标注未披露，不得推断。,,,,,
r023_totalenergies,TOTALENERGIES,道达尔能源公司,23,Scope 3,,,0.002023,107,totalenergies_sustainability-climate-2025-progress-report_2025_en.pdf,C:\Users\lenovo\Desktop\一些任务\董敬轩\知识图谱\2024世界500强及碳中和报告\2024世界500强及碳中和报告\totalenergies_sustainability-climate-2025-progress-report_2025_en.pdf,yes,yes,yes,yes,补 EmissionFactor 引用、GWP 版本、能耗活动数据、经济工具/成本侧事实；没有披露时标注未披露，不得推断。,,,,,
r024_glencore,GLENCORE,嘉能可,24,Scope 1,,,16.2,65,Glencore_2024_Sustainability_Report.pdf,C:\Users\lenovo\Desktop\一些任务\董敬轩\知识图谱\2024世界500强及碳中和报告\2024世界500强及碳中和报告\Glencore_2024_Sustainability_Report.pdf,yes,yes,yes,yes,补 EmissionFactor 引用、GWP 版本、能耗活动数据、经济工具/成本侧事实；没有披露时标注未披露，不得推断。,,,,,
r024_glencore,GLENCORE,嘉能可,24,Scope 2,,,10.9,65,Glencore_2024_Sustainability_Report.pdf,C:\Users\lenovo\Desktop\一些任务\董敬轩\知识图谱\2024世界500强及碳中和报告\2024世界500强及碳中和报告\Glencore_2024_Sustainability_Report.pdf,yes,yes,yes,yes,补 EmissionFactor 引用、GWP 版本、能耗活动数据、经济工具/成本侧事实；没有披露时标注未披露，不得推断。,,,,,
r025_bp,BP,英国石油公司,25,Scope 1,,,32.8,50,bp-sustainability-report-2024.pdf,C:\Users\lenovo\Desktop\一些任务\董敬轩\知识图谱\2024世界500强及碳中和报告\2024世界500强及碳中和报告\bp-sustainability-report-2024.pdf,yes,yes,yes,yes,补 EmissionFactor 引用、GWP 版本、能耗活动数据、经济工具/成本侧事实；没有披露时标注未披露，不得推断。,,,,,
r025_bp,BP,英国石油公司,25,Scope 1,,,32.2,50,bp-sustainability-report-2024.pdf,C:\Users\lenovo\Desktop\一些任务\董敬轩\知识图谱\2024世界500强及碳中和报告\2024世界500强及碳中和报告\bp-sustainability-report-2024.pdf,yes,yes,yes,yes,补 EmissionFactor 引用、GWP 版本、能耗活动数据、经济工具/成本侧事实；没有披露时标注未披露，不得推断。,,,,,
r025_bp,BP,英国石油公司,25,Scope 2,Market-Based,,0.8,50,bp-sustainability-report-2024.pdf,C:\Users\lenovo\Desktop\一些任务\董敬轩\知识图谱\2024世界500强及碳中和报告\2024世界500强及碳中和报告\bp-sustainability-report-2024.pdf,yes,yes,yes,yes,补 EmissionFactor 引用、GWP 版本、能耗活动数据、经济工具/成本侧事实；没有披露时标注未披露，不得推断。,,,,,
r025_bp,BP,英国石油公司,25,Scope 2,Market-Based,,1.3,50,bp-sustainability-report-2024.pdf,C:\Users\lenovo\Desktop\一些任务\董敬轩\知识图谱\2024世界500强及碳中和报告\2024世界500强及碳中和报告\bp-sustainability-report-2024.pdf,yes,yes,yes,yes,补 EmissionFactor 引用、GWP 版本、能耗活动数据、经济工具/成本侧事实；没有披露时标注未披露，不得推断。,,,,,
r027_cardinalhealth,CARDINAL HEALTH,嘉德诺健康集团,27,Scope 1,,,0.16015,80,cardinal-health-fy24-ESG-report.pdf,C:\Users\lenovo\Desktop\一些任务\董敬轩\知识图谱\2024世界500强及碳中和报告\2024世界500强及碳中和报告\cardinal-health-fy24-ESG-report.pdf,yes,yes,yes,yes,补 EmissionFactor 引用、GWP 版本、能耗活动数据、经济工具/成本侧事实；没有披露时标注未披露，不得推断。,,,,,
r029_chevron,CHEVRON,雪佛龙,29,Scope 1,,,54.0,10,chevron-sustainability-highlights-2024.pdf,C:\Users\lenovo\Desktop\一些任务\董敬轩\知识图谱\2024世界500强及碳中和报告\2024世界500强及碳中和报告\chevron-sustainability-highlights-2024.pdf,yes,yes,yes,yes,补 EmissionFactor 引用、GWP 版本、能耗活动数据、经济工具/成本侧事实；没有披露时标注未披露，不得推断。,,,,,
r029_chevron,CHEVRON,雪佛龙,29,Scope 1,,,53.0,14,chevron-sustainability-highlights-2024.pdf,C:\Users\lenovo\Desktop\一些任务\董敬轩\知识图谱\2024世界500强及碳中和报告\2024世界500强及碳中和报告\chevron-sustainability-highlights-2024.pdf,yes,yes,yes,yes,补 EmissionFactor 引用、GWP 版本、能耗活动数据、经济工具/成本侧事实；没有披露时标注未披露，不得推断。,,,,,
r029_chevron,CHEVRON,雪佛龙,29,Scope 2,Location-Based,,4.0,12,chevron-sustainability-highlights-2024.pdf,C:\Users\lenovo\Desktop\一些任务\董敬轩\知识图谱\2024世界500强及碳中和报告\2024世界500强及碳中和报告\chevron-sustainability-highlights-2024.pdf,yes,yes,yes,yes,补 EmissionFactor 引用、GWP 版本、能耗活动数据、经济工具/成本侧事实；没有披露时标注未披露，不得推断。,,,,,
r029_chevron,CHEVRON,雪佛龙,29,Scope 2,Location-Based,,2.0,16,chevron-sustainability-highlights-2024.pdf,C:\Users\lenovo\Desktop\一些任务\董敬轩\知识图谱\2024世界500强及碳中和报告\2024世界500强及碳中和报告\chevron-sustainability-highlights-2024.pdf,yes,yes,yes,yes,补 EmissionFactor 引用、GWP 版本、能耗活动数据、经济工具/成本侧事实；没有披露时标注未披露，不得推断。,,,,,
r029_chevron,CHEVRON,雪佛龙,29,Scope 2,Market-Based,,4.0,12,chevron-sustainability-highlights-2024.pdf,C:\Users\lenovo\Desktop\一些任务\董敬轩\知识图谱\2024世界500强及碳中和报告\2024世界500强及碳中和报告\chevron-sustainability-highlights-2024.pdf,yes,yes,yes,yes,补 EmissionFactor 引用、GWP 版本、能耗活动数据、经济工具/成本侧事实；没有披露时标注未披露，不得推断。,,,,,
r029_chevron,CHEVRON,雪佛龙,29,Scope 2,Market-Based,,2.0,16,chevron-sustainability-highlights-2024.pdf,C:\Users\lenovo\Desktop\一些任务\董敬轩\知识图谱\2024世界500强及碳中和报告\2024世界500强及碳中和报告\chevron-sustainability-highlights-2024.pdf,yes,yes,yes,yes,补 EmissionFactor 引用、GWP 版本、能耗活动数据、经济工具/成本侧事实；没有披露时标注未披露，不得推断。,,,,,
r031_samsungelectronics,SAMSUNG ELECTRONICS,三星电子,31,Scope 3,,,0.002021,62,SAMSUNG ELECTRONICS_Sustainability_report_2024_en.pdf,C:\Users\lenovo\Desktop\一些任务\董敬轩\知识图谱\2024世界500强及碳中和报告\2024世界500强及碳中和报告\SAMSUNG ELECTRONICS_Sustainability_report_2024_en.pdf,yes,yes,yes,yes,补 EmissionFactor 引用、GWP 版本、能耗活动数据、经济工具/成本侧事实；没有披露时标注未披露，不得推断。,,,,,
r036_fordmotor,FORD MOTOR,福特汽车公司,36,Scope 2,Location-Based,,2.0766999999999998,235,2025-integrated-sustainability-and-financial-report-FORD MOTOR.pdf,C:\Users\lenovo\Desktop\一些任务\董敬轩\知识图谱\2024世界500强及碳中和报告\2024世界500强及碳中和报告\2025-integrated-sustainability-and-financial-report-FORD MOTOR.pdf,yes,yes,yes,yes,补 EmissionFactor 引用、GWP 版本、能耗活动数据、经济工具/成本侧事实；没有披露时标注未披露，不得推断。,,,,,
r036_fordmotor,FORD MOTOR,福特汽车公司,36,Scope 3,,,354.14,237,2025-integrated-sustainability-and-financial-report-FORD MOTOR.pdf,C:\Users\lenovo\Desktop\一些任务\董敬轩\知识图谱\2024世界500强及碳中和报告\2024世界500强及碳中和报告\2025-integrated-sustainability-and-financial-report-FORD MOTOR.pdf,yes,yes,yes,yes,补 EmissionFactor 引用、GWP 版本、能耗活动数据、经济工具/成本侧事实；没有披露时标注未披露，不得推断。,,,,,
r042_mercedesbenzgroup,MERCEDES-BENZ GROUP,梅赛德斯-奔驰集团,42,Scope 1,,,0.65,4,mercedes-benz-ir-sustainability-targets-and-metrics-summary-2024.pdf,C:\Users\lenovo\Desktop\一些任务\董敬轩\知识图谱\2024世界500强及碳中和报告\2024世界500强及碳中和报告\mercedes-benz-ir-sustainability-targets-and-metrics-summary-2024.pdf,yes,yes,yes,yes,补 EmissionFactor 引用、GWP 版本、能耗活动数据、经济工具/成本侧事实；没有披露时标注未披露，不得推断。,,,,,
r046_centene公司,Centene,Centene,46,Scope 1,,,0.013694,73,Centene-Corporate-Responsibility-2024.pdf,C:\Users\lenovo\Desktop\一些任务\董敬轩\知识图谱\2024世界500强及碳中和报告\2024世界500强及碳中和报告\Centene-Corporate-Responsibility-2024.pdf,yes,yes,yes,yes,补 EmissionFactor 引用、GWP 版本、能耗活动数据、经济工具/成本侧事实；没有披露时标注未披露，不得推断。,,,,,
r046_centene公司,Centene,Centene,46,Scope 3,,,0.002019,58,Centene-Corporate-Responsibility-2024.pdf,C:\Users\lenovo\Desktop\一些任务\董敬轩\知识图谱\2024世界500强及碳中和报告\2024世界500强及碳中和报告\Centene-Corporate-Responsibility-2024.pdf,yes,yes,yes,yes,补 EmissionFactor 引用、GWP 版本、能耗活动数据、经济工具/成本侧事实；没有披露时标注未披露，不得推断。,,,,,
r048_homedepot,HOME DEPOT,家得宝,48,Scope 1,,,0.628,45,2024_ESG_Report_The_Home_Depot.pdf,C:\Users\lenovo\Desktop\一些任务\董敬轩\知识图谱\2024世界500强及碳中和报告\2024世界500强及碳中和报告\2024_ESG_Report_The_Home_Depot.pdf,yes,yes,yes,yes,补 EmissionFactor 引用、GWP 版本、能耗活动数据、经济工具/成本侧事实；没有披露时标注未披露，不得推断。,,,,,
r048_homedepot,HOME DEPOT,家得宝,48,Scope 2,Market-Based,,0.7338,45,2024_ESG_Report_The_Home_Depot.pdf,C:\Users\lenovo\Desktop\一些任务\董敬轩\知识图谱\2024世界500强及碳中和报告\2024世界500强及碳中和报告\2024_ESG_Report_The_Home_Depot.pdf,yes,yes,yes,yes,补 EmissionFactor 引用、GWP 版本、能耗活动数据、经济工具/成本侧事实；没有披露时标注未披露，不得推断。,,,,,
r048_homedepot,HOME DEPOT,家得宝,48,Scope 3,,,192.934,95,2024_ESG_Report_The_Home_Depot.pdf,C:\Users\lenovo\Desktop\一些任务\董敬轩\知识图谱\2024世界500强及碳中和报告\2024世界500强及碳中和报告\2024_ESG_Report_The_Home_Depot.pdf,yes,yes,yes,yes,补 EmissionFactor 引用、GWP 版本、能耗活动数据、经济工具/成本侧事实；没有披露时标注未披露，不得推断。,,,,,
r049_electricitédefrance,ELECTRICITÉ DE FRANCE,法国电力公司,49,Scope 1,,,17.0,204,edf-urd-annual-financial-report-2024-en-accessible.pdf,C:\Users\lenovo\Desktop\一些任务\董敬轩\知识图谱\2024世界500强及碳中和报告\2024世界500强及碳中和报告\edf-urd-annual-financial-report-2024-en-accessible.pdf,yes,yes,yes,yes,补 EmissionFactor 引用、GWP 版本、能耗活动数据、经济工具/成本侧事实；没有披露时标注未披露，不得推断。,,,,,
r049_electricitédefrance,ELECTRICITÉ DE FRANCE,法国电力公司,49,Scope 2,,,0.66,204,edf-urd-annual-financial-report-2024-en-accessible.pdf,C:\Users\lenovo\Desktop\一些任务\董敬轩\知识图谱\2024世界500强及碳中和报告\2024世界500强及碳中和报告\edf-urd-annual-financial-report-2024-en-accessible.pdf,yes,yes,yes,yes,补 EmissionFactor 引用、GWP 版本、能耗活动数据、经济工具/成本侧事实；没有披露时标注未披露，不得推断。,,,,,
r052_phillips66公司,Phillips 66,Phillips 66,52,Scope 1,,,32.7,48,PHILLIPS 66-2025-0023_3_Sustainability and People Report_DIGITAL 0623.pdf,C:\Users\lenovo\Desktop\一些任务\董敬轩\知识图谱\2024世界500强及碳中和报告\2024世界500强及碳中和报告\PHILLIPS 66-2025-0023_3_Sustainability and People Report_DIGITAL 0623.pdf,yes,yes,yes,yes,补 EmissionFactor 引用、GWP 版本、能耗活动数据、经济工具/成本侧事实；没有披露时标注未披露，不得推断。,,,,,
r052_phillips66公司,Phillips 66,Phillips 66,52,Scope 2,,,9.0,48,PHILLIPS 66-2025-0023_3_Sustainability and People Report_DIGITAL 0623.pdf,C:\Users\lenovo\Desktop\一些任务\董敬轩\知识图谱\2024世界500强及碳中和报告\2024世界500强及碳中和报告\PHILLIPS 66-2025-0023_3_Sustainability and People Report_DIGITAL 0623.pdf,yes,yes,yes,yes,补 EmissionFactor 引用、GWP 版本、能耗活动数据、经济工具/成本侧事实；没有披露时标注未披露，不得推断。,,,,,
r053_pinganinsurance,PING AN INSURANCE,中国平安保险（集团）股份有限公司,53,Scope 3,,,0.042193,136,2024中国平安可持续报告.pdf,C:\Users\lenovo\Desktop\一些任务\董敬轩\知识图谱\2024世界500强及碳中和报告\2024世界500强及碳中和报告\2024中国平安可持续报告.pdf,yes,yes,yes,yes,补 EmissionFactor 引用、GWP 版本、能耗活动数据、经济工具/成本侧事实；没有披露时标注未披露，不得推断。,,,,,
r061_valeroenergy,VALERO ENERGY,瓦莱罗能源公司,61,Scope 1,,,24.9,76,VALERO ENERGY-2024 ESG Report 0823 FINAL pages.pdf,C:\Users\lenovo\Desktop\一些任务\董敬轩\知识图谱\2024世界500强及碳中和报告\2024世界500强及碳中和报告\VALERO ENERGY-2024 ESG Report 0823 FINAL pages.pdf,yes,yes,yes,yes,补 EmissionFactor 引用、GWP 版本、能耗活动数据、经济工具/成本侧事实；没有披露时标注未披露，不得推断。,,,,,
r061_valeroenergy,VALERO ENERGY,瓦莱罗能源公司,61,Scope 2,Market-Based,,4.9,20,VALERO ENERGY-2024 ESG Report 0823 FINAL pages.pdf,C:\Users\lenovo\Desktop\一些任务\董敬轩\知识图谱\2024世界500强及碳中和报告\2024世界500强及碳中和报告\VALERO ENERGY-2024 ESG Report 0823 FINAL pages.pdf,yes,yes,yes,yes,补 EmissionFactor 引用、GWP 版本、能耗活动数据、经济工具/成本侧事实；没有披露时标注未披露，不得推断。,,,,,
r066_metaplatforms公司,Meta Platforms,Meta Platforms,66,Scope 1,,,0.048951999999999996,78,Meta-2024-Sustainability-Report.pdf,C:\Users\lenovo\Desktop\一些任务\董敬轩\知识图谱\2024世界500强及碳中和报告\2024世界500强及碳中和报告\Meta-2024-Sustainability-Report.pdf,yes,yes,yes,yes,补 EmissionFactor 引用、GWP 版本、能耗活动数据、经济工具/成本侧事实；没有披露时标注未披露，不得推断。,,,,,
r066_metaplatforms公司,Meta Platforms,Meta Platforms,66,Scope 2,Market-Based,,0.002019,80,Meta-2024-Sustainability-Report.pdf,C:\Users\lenovo\Desktop\一些任务\董敬轩\知识图谱\2024世界500强及碳中和报告\2024世界500强及碳中和报告\Meta-2024-Sustainability-Report.pdf,yes,yes,yes,yes,补 EmissionFactor 引用、GWP 版本、能耗活动数据、经济工具/成本侧事实；没有披露时标注未披露，不得推断。,,,,,
r066_metaplatforms公司,Meta Platforms,Meta Platforms,66,Scope 3,,,7.445621,21,Meta-2024-Sustainability-Report.pdf,C:\Users\lenovo\Desktop\一些任务\董敬轩\知识图谱\2024世界500强及碳中和报告\2024世界500强及碳中和报告\Meta-2024-Sustainability-Report.pdf,yes,yes,yes,yes,补 EmissionFactor 引用、GWP 版本、能耗活动数据、经济工具/成本侧事实；没有披露时标注未披露，不得推断。,,,,,
r070_alibabagroupholding,ALIBABA GROUP HOLDING,阿里巴巴集团控股有限公司,70,Scope 1,,,0.00267,112,2025 阿里巴巴环境、社会和治理（ESG）报告.pdf,C:\Users\lenovo\Desktop\一些任务\董敬轩\知识图谱\2024世界500强及碳中和报告\2024世界500强及碳中和报告\2025 阿里巴巴环境、社会和治理（ESG）报告.pdf,yes,yes,yes,yes,补 EmissionFactor 引用、GWP 版本、能耗活动数据、经济工具/成本侧事实；没有披露时标注未披露，不得推断。,,,,,
r070_alibabagroupholding,ALIBABA GROUP HOLDING,阿里巴巴集团控股有限公司,70,Scope 2,Location-Based,,2.178169,112,2025 阿里巴巴环境、社会和治理（ESG）报告.pdf,C:\Users\lenovo\Desktop\一些任务\董敬轩\知识图谱\2024世界500强及碳中和报告\2024世界500强及碳中和报告\2025 阿里巴巴环境、社会和治理（ESG）报告.pdf,yes,yes,yes,yes,补 EmissionFactor 引用、GWP 版本、能耗活动数据、经济工具/成本侧事实；没有披露时标注未披露，不得推断。,,,,,
r071_citicgroup,CITIC GROUP,中国中信集团有限公司,71,Scope 1,,,7e-06,127,2024中国中信集团有限公司环境、社会及管治报告.pdf,C:\Users\lenovo\Desktop\一些任务\董敬轩\知识图谱\2024世界500强及碳中和报告\2024世界500强及碳中和报告\2024中国中信集团有限公司环境、社会及管治报告.pdf,yes,yes,yes,yes,补 EmissionFactor 引用、GWP 版本、能耗活动数据、经济工具/成本侧事实；没有披露时标注未披露，不得推断。,,,,,
r073_hyundaimotor,HYUNDAI MOTOR,现代汽车,73,Scope 2,Market-Based,,1.6841199999999998,41,HYUNDAI MOTOR-hmc-2025-sustainability-report-en-v13.pdf,C:\Users\lenovo\Desktop\一些任务\董敬轩\知识图谱\2024世界500强及碳中和报告\2024世界500强及碳中和报告\HYUNDAI MOTOR-hmc-2025-sustainability-report-en-v13.pdf,yes,yes,yes,yes,补 EmissionFactor 引用、GWP 版本、能耗活动数据、经济工具/成本侧事实；没有披露时标注未披露，不得推断。,,,,,
r073_hyundaimotor,HYUNDAI MOTOR,现代汽车,73,Scope 3,,,147.253154,135,HYUNDAI MOTOR-hmc-2025-sustainability-report-en-v13.pdf,C:\Users\lenovo\Desktop\一些任务\董敬轩\知识图谱\2024世界500强及碳中和报告\2024世界500强及碳中和报告\HYUNDAI MOTOR-hmc-2025-sustainability-report-en-v13.pdf,yes,yes,yes,yes,补 EmissionFactor 引用、GWP 版本、能耗活动数据、经济工具/成本侧事实；没有披露时标注未披露，不得推断。,,,,,
r079_uniper公司,Uniper,Uniper,79,Scope 1,,,9.5,27,2025_08_07_Uniper_Climate_Transition_Plan_2025.pdf,C:\Users\lenovo\Desktop\一些任务\董敬轩\知识图谱\2024世界500强及碳中和报告\2024世界500强及碳中和报告\2025_08_07_Uniper_Climate_Transition_Plan_2025.pdf,yes,yes,yes,yes,补 EmissionFactor 引用、GWP 版本、能耗活动数据、经济工具/成本侧事实；没有披露时标注未披露，不得推断。,,,,,
r089_rosneftoil,ROSNEFT OIL,俄罗斯石油公司,89,Scope 1,,,14.3,63,ROSNEFT OIL-Rosneft_SR2024_ENG.pdf,C:\Users\lenovo\Desktop\一些任务\董敬轩\知识图谱\2024世界500强及碳中和报告\2024世界500强及碳中和报告\ROSNEFT OIL-Rosneft_SR2024_ENG.pdf,yes,yes,yes,yes,补 EmissionFactor 引用、GWP 版本、能耗活动数据、经济工具/成本侧事实；没有披露时标注未披露，不得推断。,,,,,
r091_equinor公司,Equinor,Equinor,91,Scope 1,,,8.331465,117,annual-report-2024-equinor.pdf,C:\Users\lenovo\Desktop\一些任务\董敬轩\知识图谱\2024世界500强及碳中和报告\2024世界500强及碳中和报告\annual-report-2024-equinor.pdf,yes,yes,yes,yes,补 EmissionFactor 引用、GWP 版本、能耗活动数据、经济工具/成本侧事实；没有披露时标注未披露，不得推断。,,,,,
r091_equinor公司,Equinor,Equinor,91,Scope 2,Location-Based,,0.076333,117,annual-report-2024-equinor.pdf,C:\Users\lenovo\Desktop\一些任务\董敬轩\知识图谱\2024世界500强及碳中和报告\2024世界500强及碳中和报告\annual-report-2024-equinor.pdf,yes,yes,yes,yes,补 EmissionFactor 引用、GWP 版本、能耗活动数据、经济工具/成本侧事实；没有披露时标注未披露，不得推断。,,,,,
r091_equinor公司,Equinor,Equinor,91,Scope 2,Market-Based,,1.492572,117,annual-report-2024-equinor.pdf,C:\Users\lenovo\Desktop\一些任务\董敬轩\知识图谱\2024世界500强及碳中和报告\2024世界500强及碳中和报告\annual-report-2024-equinor.pdf,yes,yes,yes,yes,补 EmissionFactor 引用、GWP 版本、能耗活动数据、经济工具/成本侧事实；没有披露时标注未披露，不得推断。,,,,,
r091_equinor公司,Equinor,Equinor,91,Scope 3,,,278.128188,117,annual-report-2024-equinor.pdf,C:\Users\lenovo\Desktop\一些任务\董敬轩\知识图谱\2024世界500强及碳中和报告\2024世界500强及碳中和报告\annual-report-2024-equinor.pdf,yes,yes,yes,yes,补 EmissionFactor 引用、GWP 版本、能耗活动数据、经济工具/成本侧事实；没有披露时标注未披露，不得推断。,,,,,
r093_saicmotor,SAIC MOTOR,上海汽车集团股份有限公司,93,Scope 1,,,0.0036929999999999997,50,2024-上海汽车集团股份有限公司ESG报告.pdf,C:\Users\lenovo\Desktop\一些任务\董敬轩\知识图谱\2024世界500强及碳中和报告\2024世界500强及碳中和报告\2024-上海汽车集团股份有限公司ESG报告.pdf,yes,yes,yes,yes,补 EmissionFactor 引用、GWP 版本、能耗活动数据、经济工具/成本侧事实；没有披露时标注未披露，不得推断。,,,,,
r095_lifeinsurancecorpofindia,LIFE INSURANCE CORP. OF INDIA,印度人寿保险公司,95,Scope 1,,,0.013107889999999999,299,LIC_Annual_Report_2023_2024.pdf,C:\Users\lenovo\Desktop\一些任务\董敬轩\知识图谱\2024世界500强及碳中和报告\2024世界500强及碳中和报告\LIC_Annual_Report_2023_2024.pdf,yes,yes,yes,yes,补 EmissionFactor 引用、GWP 版本、能耗活动数据、经济工具/成本侧事实；没有披露时标注未披露，不得推断。,,,,,
r096_nestlé,NESTLÉ,雀巢公司,96,Scope 1,,,33.6,152,NESTLÉ-non-financial-statement-2024.pdf,C:\Users\lenovo\Desktop\一些任务\董敬轩\知识图谱\2024世界500强及碳中和报告\2024世界500强及碳中和报告\NESTLÉ-non-financial-statement-2024.pdf,yes,yes,yes,yes,补 EmissionFactor 引用、GWP 版本、能耗活动数据、经济工具/成本侧事实；没有披露时标注未披露，不得推断。,,,,,
r096_nestlé,NESTLÉ,雀巢公司,96,Scope 2,Market-Based,,2.59,40,NESTLÉ-non-financial-statement-2024.pdf,C:\Users\lenovo\Desktop\一些任务\董敬轩\知识图谱\2024世界500强及碳中和报告\2024世界500强及碳中和报告\NESTLÉ-non-financial-statement-2024.pdf,yes,yes,yes,yes,补 EmissionFactor 引用、GWP 版本、能耗活动数据、经济工具/成本侧事实；没有披露时标注未披露，不得推断。,,,,,
r101_eon,E.ON,意昂集团,101,Scope 1,,,3.0,46,E.ON-GB24-gesamt-EN_final.pdf,C:\Users\lenovo\Desktop\一些任务\董敬轩\知识图谱\2024世界500强及碳中和报告\2024世界500强及碳中和报告\E.ON-GB24-gesamt-EN_final.pdf,yes,yes,yes,yes,补 EmissionFactor 引用、GWP 版本、能耗活动数据、经济工具/成本侧事实；没有披露时标注未披露，不得推断。,,,,,
r101_eon,E.ON,意昂集团,101,Scope 2,Location-Based,,3.66,44,E.ON-GB24-gesamt-EN_final.pdf,C:\Users\lenovo\Desktop\一些任务\董敬轩\知识图谱\2024世界500强及碳中和报告\2024世界500强及碳中和报告\E.ON-GB24-gesamt-EN_final.pdf,yes,yes,yes,yes,补 EmissionFactor 引用、GWP 版本、能耗活动数据、经济工具/成本侧事实；没有披露时标注未披露，不得推断。,,,,,
r113_brookfield,BROOKFIELD,博枫公司,113,Scope 2,Market-Based,,255.0,60,BROOKFIELD-BAM Ltd. 2024 Sustainability Report.pdf,C:\Users\lenovo\Desktop\一些任务\董敬轩\知识图谱\2024世界500强及碳中和报告\2024世界500强及碳中和报告\BROOKFIELD-BAM Ltd. 2024 Sustainability Report.pdf,yes,yes,yes,yes,补 EmissionFactor 引用、GWP 版本、能耗活动数据、经济工具/成本侧事实；没有披露时标注未披露，不得推断。,,,,,
r116_indianoil,INDIAN OIL,印度石油公司,116,Scope 3,,,351.09,59,INDIAN OIL-IOCL-Sustainability-Report-2023-24.pdf,C:\Users\lenovo\Desktop\一些任务\董敬轩\知识图谱\2024世界500强及碳中和报告\2024世界500强及碳中和报告\INDIAN OIL-IOCL-Sustainability-Report-2023-24.pdf,yes,yes,yes,yes,补 EmissionFactor 引用、GWP 版本、能耗活动数据、经济工具/成本侧事实；没有披露时标注未披露，不得推断。,,,,,
r117_adm公司,ADM,ADM,117,Scope 2,Market-Based,,3.75,50,final_archer-daniels-midland-adm_2023-corporate-sustainability-report.pdf,C:\Users\lenovo\Desktop\一些任务\董敬轩\知识图谱\2024世界500强及碳中和报告\2024世界500强及碳中和报告\final_archer-daniels-midland-adm_2023-corporate-sustainability-report.pdf,yes,yes,yes,yes,补 EmissionFactor 引用、GWP 版本、能耗活动数据、经济工具/成本侧事实；没有披露时标注未披露，不得推断。,,,,,
r119_christiandior,CHRISTIAN DIOR,迪奥公司,119,Scope 2,,,0.289973,114,ChristianDior_2024_Annual_Report.pdf,C:\Users\lenovo\Desktop\一些任务\董敬轩\知识图谱\2024世界500强及碳中和报告\2024世界500强及碳中和报告\ChristianDior_2024_Annual_Report.pdf,yes,yes,yes,yes,补 EmissionFactor 引用、GWP 版本、能耗活动数据、经济工具/成本侧事实；没有披露时标注未披露，不得推断。,,,,,
r119_christiandior,CHRISTIAN DIOR,迪奥公司,119,Scope 3,,,7.522618,116,ChristianDior_2024_Annual_Report.pdf,C:\Users\lenovo\Desktop\一些任务\董敬轩\知识图谱\2024世界500强及碳中和报告\2024世界500强及碳中和报告\ChristianDior_2024_Annual_Report.pdf,yes,yes,yes,yes,补 EmissionFactor 引用、GWP 版本、能耗活动数据、经济工具/成本侧事实；没有披露时标注未披露，不得推断。,,,,,
r125_ptt,PTT,泰国国家石油有限公司,125,Scope 1,,,40.5,142,PTT One Report ENG 2024.pdf,C:\Users\lenovo\Desktop\一些任务\董敬轩\知识图谱\2024世界500强及碳中和报告\2024世界500强及碳中和报告\PTT One Report ENG 2024.pdf,yes,yes,yes,yes,补 EmissionFactor 引用、GWP 版本、能耗活动数据、经济工具/成本侧事实；没有披露时标注未披露，不得推断。,,,,,
r125_ptt,PTT,泰国国家石油有限公司,125,Scope 2,Location-Based,,0.18,142,PTT One Report ENG 2024.pdf,C:\Users\lenovo\Desktop\一些任务\董敬轩\知识图谱\2024世界500强及碳中和报告\2024世界500强及碳中和报告\PTT One Report ENG 2024.pdf,yes,yes,yes,yes,补 EmissionFactor 引用、GWP 版本、能耗活动数据、经济工具/成本侧事实；没有披露时标注未披露，不得推断。,,,,,
r125_ptt,PTT,泰国国家石油有限公司,125,Scope 2,Market-Based,,0.95,142,PTT One Report ENG 2024.pdf,C:\Users\lenovo\Desktop\一些任务\董敬轩\知识图谱\2024世界500强及碳中和报告\2024世界500强及碳中和报告\PTT One Report ENG 2024.pdf,yes,yes,yes,yes,补 EmissionFactor 引用、GWP 版本、能耗活动数据、经济工具/成本侧事实；没有披露时标注未披露，不得推断。,,,,,
r125_ptt,PTT,泰国国家石油有限公司,125,Scope 3,,,0.0002,152,PTT One Report ENG 2024.pdf,C:\Users\lenovo\Desktop\一些任务\董敬轩\知识图谱\2024世界500强及碳中和报告\2024世界500强及碳中和报告\PTT One Report ENG 2024.pdf,yes,yes,yes,yes,补 EmissionFactor 引用、GWP 版本、能耗活动数据、经济工具/成本侧事实；没有披露时标注未披露，不得推断。,,,,,
r126_axa,AXA,安盛,126,Scope 1,,,0.021054,175,axa_urd2024_accessible_va.pdf,C:\Users\lenovo\Desktop\一些任务\董敬轩\知识图谱\2024世界500强及碳中和报告\2024世界500强及碳中和报告\axa_urd2024_accessible_va.pdf,yes,yes,yes,yes,补 EmissionFactor 引用、GWP 版本、能耗活动数据、经济工具/成本侧事实；没有披露时标注未披露，不得推断。,,,,,
r126_axa,AXA,安盛,126,Scope 2,,,0.023146,175,axa_urd2024_accessible_va.pdf,C:\Users\lenovo\Desktop\一些任务\董敬轩\知识图谱\2024世界500强及碳中和报告\2024世界500强及碳中和报告\axa_urd2024_accessible_va.pdf,yes,yes,yes,yes,补 EmissionFactor 引用、GWP 版本、能耗活动数据、经济工具/成本侧事实；没有披露时标注未披露，不得推断。,,,,,
r127_fedex,FEDEX,联邦快递,127,Scope 1,,,0.010230999999999999,38,FedEx_2025_CR_Report.pdf,C:\Users\lenovo\Desktop\一些任务\董敬轩\知识图谱\2024世界500强及碳中和报告\2024世界500强及碳中和报告\FedEx_2025_CR_Report.pdf,yes,yes,yes,yes,补 EmissionFactor 引用、GWP 版本、能耗活动数据、经济工具/成本侧事实；没有披露时标注未披露，不得推断。,,,,,
r127_fedex,FEDEX,联邦快递,127,Scope 2,Market-Based,,0.9668709999999999,19,FedEx_2025_CR_Report.pdf,C:\Users\lenovo\Desktop\一些任务\董敬轩\知识图谱\2024世界500强及碳中和报告\2024世界500强及碳中和报告\FedEx_2025_CR_Report.pdf,yes,yes,yes,yes,补 EmissionFactor 引用、GWP 版本、能耗活动数据、经济工具/成本侧事实；没有披露时标注未披露，不得推断。,,,,,
r130_engie集团,Engie,Engie,130,Scope 1,,,80.489233,118,ENGIE_DEU_2024_US__PDF_MEL_v3.pdf,C:\Users\lenovo\Desktop\一些任务\董敬轩\知识图谱\2024世界500强及碳中和报告\2024世界500强及碳中和报告\ENGIE_DEU_2024_US__PDF_MEL_v3.pdf,yes,yes,yes,yes,补 EmissionFactor 引用、GWP 版本、能耗活动数据、经济工具/成本侧事实；没有披露时标注未披露，不得推断。,,,,,
r130_engie集团,Engie,Engie,130,Scope 3,,,7.8e-05,112,ENGIE_DEU_2024_US__PDF_MEL_v3.pdf,C:\Users\lenovo\Desktop\一些任务\董敬轩\知识图谱\2024世界500强及碳中和报告\2024世界500强及碳中和报告\ENGIE_DEU_2024_US__PDF_MEL_v3.pdf,yes,yes,yes,yes,补 EmissionFactor 引用、GWP 版本、能耗活动数据、经济工具/成本侧事实；没有披露时标注未披露，不得推断。,,,,,
r131_waltdisney,WALT DISNEY,华特迪士尼公司,131,Scope 1,,,0.00202,34,华特迪士尼公司-2024-SSI-Report.pdf,C:\Users\lenovo\Desktop\一些任务\董敬轩\知识图谱\2024世界500强及碳中和报告\2024世界500强及碳中和报告\华特迪士尼公司-2024-SSI-Report.pdf,yes,yes,yes,yes,补 EmissionFactor 引用、GWP 版本、能耗活动数据、经济工具/成本侧事实；没有披露时标注未披露，不得推断。,,,,,
r131_waltdisney,WALT DISNEY,华特迪士尼公司,131,Scope 3,,,8e-06,28,华特迪士尼公司-2024-SSI-Report.pdf,C:\Users\lenovo\Desktop\一些任务\董敬轩\知识图谱\2024世界500强及碳中和报告\2024世界500强及碳中和报告\华特迪士尼公司-2024-SSI-Report.pdf,yes,yes,yes,yes,补 EmissionFactor 引用、GWP 版本、能耗活动数据、经济工具/成本侧事实；没有披露时标注未披露，不得推断。,,,,,
r132_orlen,ORLEN,波兰国营石油公司,132,Scope 1,,,28.510844,159,Management Board on the Operations of ORLEN Group 2024.pdf.coredownload.pdf,C:\Users\lenovo\Desktop\一些任务\董敬轩\知识图谱\2024世界500强及碳中和报告\2024世界500强及碳中和报告\Management Board on the Operations of ORLEN Group 2024.pdf.coredownload.pdf,yes,yes,yes,yes,补 EmissionFactor 引用、GWP 版本、能耗活动数据、经济工具/成本侧事实；没有披露时标注未披露，不得推断。,,,,,
r132_orlen,ORLEN,波兰国营石油公司,132,Scope 2,Market-Based,,2.510119,161,Management Board on the Operations of ORLEN Group 2024.pdf.coredownload.pdf,C:\Users\lenovo\Desktop\一些任务\董敬轩\知识图谱\2024世界500强及碳中和报告\2024世界500强及碳中和报告\Management Board on the Operations of ORLEN Group 2024.pdf.coredownload.pdf,yes,yes,yes,yes,补 EmissionFactor 引用、GWP 版本、能耗活动数据、经济工具/成本侧事实；没有披露时标注未披露，不得推断。,,,,,
r132_orlen,ORLEN,波兰国营石油公司,132,Scope 3,,,1.1e-05,151,Management Board on the Operations of ORLEN Group 2024.pdf.coredownload.pdf,C:\Users\lenovo\Desktop\一些任务\董敬轩\知识图谱\2024世界500强及碳中和报告\2024世界500强及碳中和报告\Management Board on the Operations of ORLEN Group 2024.pdf.coredownload.pdf,yes,yes,yes,yes,补 EmissionFactor 引用、GWP 版本、能耗活动数据、经济工具/成本侧事实；没有披露时标注未披露，不得推断。,,,,,
r133_delltechnologies,DELL TECHNOLOGIES,戴尔科技公司,133,Scope 3,,,1.1e-05,3,DELL中国delltechnologies-esg-fy24-performance-metrics.pdf,C:\Users\lenovo\Desktop\一些任务\董敬轩\知识图谱\2024世界500强及碳中和报告\2024世界500强及碳中和报告\DELL中国delltechnologies-esg-fy24-performance-metrics.pdf,yes,yes,yes,yes,补 EmissionFactor 引用、GWP 版本、能耗活动数据、经济工具/成本侧事实；没有披露时标注未披露，不得推断。,,,,,
r143_byd,BYD,比亚迪股份有限公司,143,Scope 1,,,1.53925146,127,比亚迪年度可持续报告2024.pdf,C:\Users\lenovo\Desktop\一些任务\董敬轩\知识图谱\世界500强10份\世界500强10份\比亚迪年度可持续报告2024.pdf,yes,yes,yes,yes,补 EmissionFactor 引用、GWP 版本、能耗活动数据、经济工具/成本侧事实；没有披露时标注未披露，不得推断。,,,,,
r143_byd,BYD,比亚迪股份有限公司,143,Scope 1,,,2e-06,42,比亚迪年度可持续报告2024.pdf,C:\Users\lenovo\Desktop\一些任务\董敬轩\知识图谱\2024世界500强及碳中和报告\2024世界500强及碳中和报告\比亚迪年度可持续报告2024.pdf,yes,yes,yes,yes,补 EmissionFactor 引用、GWP 版本、能耗活动数据、经济工具/成本侧事实；没有披露时标注未披露，不得推断。,,,,,
r143_byd,BYD,比亚迪股份有限公司,143,Scope 2,,,8.56257474,127,比亚迪年度可持续报告2024.pdf,C:\Users\lenovo\Desktop\一些任务\董敬轩\知识图谱\世界500强10份\世界500强10份\比亚迪年度可持续报告2024.pdf,yes,yes,yes,yes,补 EmissionFactor 引用、GWP 版本、能耗活动数据、经济工具/成本侧事实；没有披露时标注未披露，不得推断。,,,,,
r143_byd,BYD,比亚迪股份有限公司,143,Scope 2,,,7.511038,127,比亚迪年度可持续报告2024.pdf,C:\Users\lenovo\Desktop\一些任务\董敬轩\知识图谱\2024世界500强及碳中和报告\2024世界500强及碳中和报告\比亚迪年度可持续报告2024.pdf,yes,yes,yes,yes,补 EmissionFactor 引用、GWP 版本、能耗活动数据、经济工具/成本侧事实；没有披露时标注未披露，不得推断。,,,,,
r143_byd,BYD,比亚迪股份有限公司,143,Scope 3,,,3.32631249,127,比亚迪年度可持续报告2024.pdf,C:\Users\lenovo\Desktop\一些任务\董敬轩\知识图谱\世界500强10份\世界500强10份\比亚迪年度可持续报告2024.pdf,yes,yes,yes,yes,补 EmissionFactor 引用、GWP 版本、能耗活动数据、经济工具/成本侧事实；没有披露时标注未披露，不得推断。,,,,,
r143_byd,BYD,比亚迪股份有限公司,143,Scope 3,,,0.15897051,127,比亚迪年度可持续报告2024.pdf,C:\Users\lenovo\Desktop\一些任务\董敬轩\知识图谱\2024世界500强及碳中和报告\2024世界500强及碳中和报告\比亚迪年度可持续报告2024.pdf,yes,yes,yes,yes,补 EmissionFactor 引用、GWP 版本、能耗活动数据、经济工具/成本侧事实；没有披露时标注未披露，不得推断。,,,,,
r145_siemens,SIEMENS,西门子,145,Scope 3,,,0.0020239999999999998,85,SIEMENS ENERGY-sustainability-report-2024-pdf_Original%20file.pdf,C:\Users\lenovo\Desktop\一些任务\董敬轩\知识图谱\2024世界500强及碳中和报告\2024世界500强及碳中和报告\SIEMENS ENERGY-sustainability-report-2024-pdf_Original%20file.pdf,yes,yes,yes,yes,补 EmissionFactor 引用、GWP 版本、能耗活动数据、经济工具/成本侧事实；没有披露时标注未披露，不得推断。,,,,,
r159_boeing,BOEING,波音,159,Scope 2,Market-Based,,0.46399999999999997,34,2025-boeing-sustainability-report.pdf,C:\Users\lenovo\Desktop\一些任务\董敬轩\知识图谱\2024世界500强及碳中和报告\2024世界500强及碳中和报告\2025-boeing-sustainability-report.pdf,yes,yes,yes,yes,补 EmissionFactor 引用、GWP 版本、能耗活动数据、经济工具/成本侧事实；没有披露时标注未披露，不得推断。,,,,,
r162_kia,KIA,起亚公司,162,Scope 3,,,0.0729755,35,2025 KIA Sustainability Report.pdf,C:\Users\lenovo\Desktop\一些任务\董敬轩\知识图谱\2024世界500强及碳中和报告\2024世界500强及碳中和报告\2025 KIA Sustainability Report.pdf,yes,yes,yes,yes,补 EmissionFactor 引用、GWP 版本、能耗活动数据、经济工具/成本侧事实；没有披露时标注未披露，不得推断。,,,,,
r163_sysco,SYSCO,西斯科公司,163,Scope 3,,,9.790000000000001e-05,45,Sysco FY24 Sustainability Report.pdf,C:\Users\lenovo\Desktop\一些任务\董敬轩\知识图谱\2024世界500强及碳中和报告\2024世界500强及碳中和报告\Sysco FY24 Sustainability Report.pdf,yes,yes,yes,yes,补 EmissionFactor 引用、GWP 版本、能耗活动数据、经济工具/成本侧事实；没有披露时标注未披露，不得推断。,,,,,
r165_pertamina,PERTAMINA,印尼国家石油公司,165,Scope 1,,,2.021,188,PERTAMINA—FULL_SR PHE 24_(09_01)_Web Version (1).pdf,C:\Users\lenovo\Desktop\一些任务\董敬轩\知识图谱\2024世界500强及碳中和报告\2024世界500强及碳中和报告\PERTAMINA—FULL_SR PHE 24_(09_01)_Web Version (1).pdf,yes,yes,yes,yes,补 EmissionFactor 引用、GWP 版本、能耗活动数据、经济工具/成本侧事实；没有披露时标注未披露，不得推断。,,,,,
r165_pertamina,PERTAMINA,印尼国家石油公司,165,Scope 2,,,0.88736,188,PERTAMINA—FULL_SR PHE 24_(09_01)_Web Version (1).pdf,C:\Users\lenovo\Desktop\一些任务\董敬轩\知识图谱\2024世界500强及碳中和报告\2024世界500强及碳中和报告\PERTAMINA—FULL_SR PHE 24_(09_01)_Web Version (1).pdf,yes,yes,yes,yes,补 EmissionFactor 引用、GWP 版本、能耗活动数据、经济工具/成本侧事实；没有披露时标注未披露，不得推断。,,,,,
r166_vinci,VINCI,万喜集团,166,Scope 1,,,0.2,31,VINCI-2024_workforce_related_environmental_and_social_information.pdf,C:\Users\lenovo\Desktop\一些任务\董敬轩\知识图谱\2024世界500强及碳中和报告\2024世界500强及碳中和报告\VINCI-2024_workforce_related_environmental_and_social_information.pdf,yes,yes,yes,yes,补 EmissionFactor 引用、GWP 版本、能耗活动数据、经济工具/成本侧事实；没有披露时标注未披露，不得推断。,,,,,
r168_torontodominionbank,TORONTO-DOMINION BANK,多伦多道明银行,168,Scope 1,,,0.039292,56,2024-TORONTO-DOMINION BANK-sustainability-report-en.pdf,C:\Users\lenovo\Desktop\一些任务\董敬轩\知识图谱\2024世界500强及碳中和报告\2024世界500强及碳中和报告\2024-TORONTO-DOMINION BANK-sustainability-report-en.pdf,yes,yes,yes,yes,补 EmissionFactor 引用、GWP 版本、能耗活动数据、经济工具/成本侧事实；没有披露时标注未披露，不得推断。,,,,,
r168_torontodominionbank,TORONTO-DOMINION BANK,多伦多道明银行,168,Scope 2,Location-Based,,0.076179,56,2024-TORONTO-DOMINION BANK-sustainability-report-en.pdf,C:\Users\lenovo\Desktop\一些任务\董敬轩\知识图谱\2024世界500强及碳中和报告\2024世界500强及碳中和报告\2024-TORONTO-DOMINION BANK-sustainability-report-en.pdf,yes,yes,yes,yes,补 EmissionFactor 引用、GWP 版本、能耗活动数据、经济工具/成本侧事实；没有披露时标注未披露，不得推断。,,,,,
r168_torontodominionbank,TORONTO-DOMINION BANK,多伦多道明银行,168,Scope 3,,,0.020241,56,2024-TORONTO-DOMINION BANK-sustainability-report-en.pdf,C:\Users\lenovo\Desktop\一些任务\董敬轩\知识图谱\2024世界500强及碳中和报告\2024世界500强及碳中和报告\2024-TORONTO-DOMINION BANK-sustainability-report-en.pdf,yes,yes,yes,yes,补 EmissionFactor 引用、GWP 版本、能耗活动数据、经济工具/成本侧事实；没有披露时标注未披露，不得推断。,,,,,
r174_法国bpce银行集团,BPCE Group,法国BPCE银行,174,Scope 3,,,0.002019,34,GROUPE BPCE-2023-240506-tcfd-version-uk.pdf,C:\Users\lenovo\Desktop\一些任务\董敬轩\知识图谱\2024世界500强及碳中和报告\2024世界500强及碳中和报告\GROUPE BPCE-2023-240506-tcfd-version-uk.pdf,yes,yes,yes,yes,补 EmissionFactor 引用、GWP 版本、能耗活动数据、经济工具/成本侧事实；没有披露时标注未披露，不得推断。,,,,,
r176_巴西jbs公司,JBS,巴西JBS,176,Scope 1,,,0.39999999999999997,61,JBS_Sustainability_Report_2023.pdf,C:\Users\lenovo\Desktop\一些任务\董敬轩\知识图谱\2024世界500强及碳中和报告\2024世界500强及碳中和报告\JBS_Sustainability_Report_2023.pdf,yes,yes,yes,yes,补 EmissionFactor 引用、GWP 版本、能耗活动数据、经济工具/成本侧事实；没有披露时标注未披露，不得推断。,,,,,
r181_guangzhouautomobileindustrygroup,GUANGZHOU AUTOMOBILE INDUSTRY GROUP,广州汽车工业集团有限公司,181,Scope 1,,,0.001059,131,广汽集团2024年社会责任报告.pdf,C:\Users\lenovo\Desktop\一些任务\董敬轩\知识图谱\2024世界500强及碳中和报告\2024世界500强及碳中和报告\广汽集团2024年社会责任报告.pdf,yes,yes,yes,yes,补 EmissionFactor 引用、GWP 版本、能耗活动数据、经济工具/成本侧事实；没有披露时标注未披露，不得推断。,,,,,
r181_guangzhouautomobileindustrygroup,GUANGZHOU AUTOMOBILE INDUSTRY GROUP,广州汽车工业集团有限公司,181,Scope 2,,,0.001059,131,广汽集团2024年社会责任报告.pdf,C:\Users\lenovo\Desktop\一些任务\董敬轩\知识图谱\2024世界500强及碳中和报告\2024世界500强及碳中和报告\广汽集团2024年社会责任报告.pdf,yes,yes,yes,yes,补 EmissionFactor 引用、GWP 版本、能耗活动数据、经济工具/成本侧事实；没有披露时标注未披露，不得推断。,,,,,
r183_airbus,AIRBUS,空中客车公司,183,Scope 1,,,468.486,4,AIRBUS-pm_38_711_711991-us758j55ai.pdf,C:\Users\lenovo\Desktop\一些任务\董敬轩\知识图谱\2024世界500强及碳中和报告\2024世界500强及碳中和报告\AIRBUS-pm_38_711_711991-us758j55ai.pdf,yes,yes,yes,yes,补 EmissionFactor 引用、GWP 版本、能耗活动数据、经济工具/成本侧事实；没有披露时标注未披露，不得推断。,,,,,
r183_airbus,AIRBUS,空中客车公司,183,Scope 2,Market-Based,,313.279,4,AIRBUS-pm_38_711_711991-us758j55ai.pdf,C:\Users\lenovo\Desktop\一些任务\董敬轩\知识图谱\2024世界500强及碳中和报告\2024世界500强及碳中和报告\AIRBUS-pm_38_711_711991-us758j55ai.pdf,yes,yes,yes,yes,补 EmissionFactor 引用、GWP 版本、能耗活动数据、经济工具/成本侧事实；没有披露时标注未披露，不得推断。,,,,,
r183_airbus,AIRBUS,空中客车公司,183,Scope 3,,,10.605,2,AIRBUS-pm_38_711_711991-us758j55ai.pdf,C:\Users\lenovo\Desktop\一些任务\董敬轩\知识图谱\2024世界500强及碳中和报告\2024世界500强及碳中和报告\AIRBUS-pm_38_711_711991-us758j55ai.pdf,yes,yes,yes,yes,补 EmissionFactor 引用、GWP 版本、能耗活动数据、经济工具/成本侧事实；没有披露时标注未披露，不得推断。,,,,,
r185_zhejianggeelyholdinggroup,ZHEJIANG GEELY HOLDING GROUP,浙江吉利控股集团有限公司,185,Scope 1,,,0.170646,38,Geely-Holding-Group-Sustainability-Report-2024-ZH.pdf,C:\Users\lenovo\Desktop\一些任务\董敬轩\知识图谱\世界500强10份\世界500强10份\Geely-Holding-Group-Sustainability-Report-2024-ZH.pdf,yes,yes,yes,yes,补 EmissionFactor 引用、GWP 版本、能耗活动数据、经济工具/成本侧事实；没有披露时标注未披露，不得推断。,,,,,
r185_zhejianggeelyholdinggroup,ZHEJIANG GEELY HOLDING GROUP,浙江吉利控股集团有限公司,185,Scope 2,,,0.429291,38,Geely-Holding-Group-Sustainability-Report-2024-ZH.pdf,C:\Users\lenovo\Desktop\一些任务\董敬轩\知识图谱\世界500强10份\世界500强10份\Geely-Holding-Group-Sustainability-Report-2024-ZH.pdf,yes,yes,yes,yes,补 EmissionFactor 引用、GWP 版本、能耗活动数据、经济工具/成本侧事实；没有披露时标注未披露，不得推断。,,,,,
r185_zhejianggeelyholdinggroup,ZHEJIANG GEELY HOLDING GROUP,浙江吉利控股集团有限公司,185,Scope 3,,,67.652981,38,Geely-Holding-Group-Sustainability-Report-2024-ZH.pdf,C:\Users\lenovo\Desktop\一些任务\董敬轩\知识图谱\世界500强10份\世界500强10份\Geely-Holding-Group-Sustainability-Report-2024-ZH.pdf,yes,yes,yes,yes,补 EmissionFactor 引用、GWP 版本、能耗活动数据、经济工具/成本侧事实；没有披露时标注未披露，不得推断。,,,,,
r185_zhejianggeelyholdinggroup,ZHEJIANG GEELY HOLDING GROUP,浙江吉利控股集团有限公司,185,Scope 3,,,67.652981,38,Geely-Holding-Group-Sustainability-Report-2024-ZH.pdf,C:\Users\lenovo\Desktop\一些任务\董敬轩\知识图谱\世界500强10份\世界500强10份\Geely-Holding-Group-Sustainability-Report-2024-ZH.pdf,yes,yes,yes,yes,补 EmissionFactor 引用、GWP 版本、能耗活动数据、经济工具/成本侧事实；没有披露时标注未披露，不得推断。,,,,,
r189_itaúunibancoholding,ITAÚ UNIBANCO HOLDING,伊塔乌联合银行控股公司,189,Scope 1,,,0.019405,117,ITAÚ UNIBANCO HOLDING ESG Report 2024.pdf,C:\Users\lenovo\Desktop\一些任务\董敬轩\知识图谱\2024世界500强及碳中和报告\2024世界500强及碳中和报告\ITAÚ UNIBANCO HOLDING ESG Report 2024.pdf,yes,yes,yes,yes,补 EmissionFactor 引用、GWP 版本、能耗活动数据、经济工具/成本侧事实；没有披露时标注未披露，不得推断。,,,,,
r189_itaúunibancoholding,ITAÚ UNIBANCO HOLDING,伊塔乌联合银行控股公司,189,Scope 2,,,0.021270999999999998,115,ITAÚ UNIBANCO HOLDING ESG Report 2024.pdf,C:\Users\lenovo\Desktop\一些任务\董敬轩\知识图谱\2024世界500强及碳中和报告\2024世界500强及碳中和报告\ITAÚ UNIBANCO HOLDING ESG Report 2024.pdf,yes,yes,yes,yes,补 EmissionFactor 引用、GWP 版本、能耗活动数据、经济工具/成本侧事实；没有披露时标注未披露，不得推断。,,,,,
r191_generalelectric,GENERAL ELECTRIC,通用电气公司,191,Scope 1,,,0.39999999999999997,35,GENERAL ELECTRIC-Aerospace 2025-sustainability-report.pdf,C:\Users\lenovo\Desktop\一些任务\董敬轩\知识图谱\2024世界500强及碳中和报告\2024世界500强及碳中和报告\GENERAL ELECTRIC-Aerospace 2025-sustainability-report.pdf,yes,yes,yes,yes,补 EmissionFactor 引用、GWP 版本、能耗活动数据、经济工具/成本侧事实；没有披露时标注未披露，不得推断。,,,,,
r191_generalelectric,GENERAL ELECTRIC,通用电气公司,191,Scope 3,,,23.0,23,GENERAL ELECTRIC-Aerospace 2025-sustainability-report.pdf,C:\Users\lenovo\Desktop\一些任务\董敬轩\知识图谱\2024世界500强及碳中和报告\2024世界500强及碳中和报告\GENERAL ELECTRIC-Aerospace 2025-sustainability-report.pdf,yes,yes,yes,yes,补 EmissionFactor 引用、GWP 版本、能耗活动数据、经济工具/成本侧事实；没有披露时标注未披露，不得推断。,,,,,
r193_lockheedmartin,LOCKHEED MARTIN,洛克希德－马丁,193,Scope 1,,,0.294431,42,2024-LOCKHEED MARTIN-Sustainability-Performance-Report.pdf,C:\Users\lenovo\Desktop\一些任务\董敬轩\知识图谱\2024世界500强及碳中和报告\2024世界500强及碳中和报告\2024-LOCKHEED MARTIN-Sustainability-Performance-Report.pdf,yes,yes,yes,yes,补 EmissionFactor 引用、GWP 版本、能耗活动数据、经济工具/成本侧事实；没有披露时标注未披露，不得推断。,,,,,
r193_lockheedmartin,LOCKHEED MARTIN,洛克希德－马丁,193,Scope 3,,,3e-06,42,2024-LOCKHEED MARTIN-Sustainability-Performance-Report.pdf,C:\Users\lenovo\Desktop\一些任务\董敬轩\知识图谱\2024世界500强及碳中和报告\2024世界500强及碳中和报告\2024-LOCKHEED MARTIN-Sustainability-Performance-Report.pdf,yes,yes,yes,yes,补 EmissionFactor 引用、GWP 版本、能耗活动数据、经济工具/成本侧事实；没有披露时标注未披露，不得推断。,,,,,
r195_americanexpress,AMERICAN EXPRESS,美国运通公司,195,Scope 1,,,0.028952,67,AMERICAN EXPRESS_AXP_2023_2024_ESG_Report.pdf,C:\Users\lenovo\Desktop\一些任务\董敬轩\知识图谱\2024世界500强及碳中和报告\2024世界500强及碳中和报告\AMERICAN EXPRESS_AXP_2023_2024_ESG_Report.pdf,yes,yes,yes,yes,补 EmissionFactor 引用、GWP 版本、能耗活动数据、经济工具/成本侧事实；没有披露时标注未披露，不得推断。,,,,,
r195_americanexpress,AMERICAN EXPRESS,美国运通公司,195,Scope 2,Location-Based,,0.093687,67,AMERICAN EXPRESS_AXP_2023_2024_ESG_Report.pdf,C:\Users\lenovo\Desktop\一些任务\董敬轩\知识图谱\2024世界500强及碳中和报告\2024世界500强及碳中和报告\AMERICAN EXPRESS_AXP_2023_2024_ESG_Report.pdf,yes,yes,yes,yes,补 EmissionFactor 引用、GWP 版本、能耗活动数据、经济工具/成本侧事实；没有披露时标注未披露，不得推断。,,,,,
r198_wilmarinternational,WILMAR INTERNATIONAL,丰益国际,198,Scope 3,,,0.0001025,25,24_0151_wilmar_2024_sr-v7-27-may.pdf,C:\Users\lenovo\Desktop\一些任务\董敬轩\知识图谱\2024世界500强及碳中和报告\2024世界500强及碳中和报告\24_0151_wilmar_2024_sr-v7-27-may.pdf,yes,yes,yes,yes,补 EmissionFactor 引用、GWP 版本、能耗活动数据、经济工具/成本侧事实；没有披露时标注未披露，不得推断。,,,,,
r199_caterpillar,CATERPILLAR,卡特彼勒,199,Scope 1,,,0.7,64,CATERPILLAR 2024 SUSTAINABILITY REPORT.pdf,C:\Users\lenovo\Desktop\一些任务\董敬轩\知识图谱\2024世界500强及碳中和报告\2024世界500强及碳中和报告\CATERPILLAR 2024 SUSTAINABILITY REPORT.pdf,yes,yes,yes,yes,补 EmissionFactor 引用、GWP 版本、能耗活动数据、经济工具/成本侧事实；没有披露时标注未披露，不得推断。,,,,,
r199_caterpillar,CATERPILLAR,卡特彼勒,199,Scope 2,Location-Based,,0.77,64,CATERPILLAR 2024 SUSTAINABILITY REPORT.pdf,C:\Users\lenovo\Desktop\一些任务\董敬轩\知识图谱\2024世界500强及碳中和报告\2024世界500强及碳中和报告\CATERPILLAR 2024 SUSTAINABILITY REPORT.pdf,yes,yes,yes,yes,补 EmissionFactor 引用、GWP 版本、能耗活动数据、经济工具/成本侧事实；没有披露时标注未披露，不得推断。,,,,,
r199_caterpillar,CATERPILLAR,卡特彼勒,199,Scope 2,Market-Based,,0.69,64,CATERPILLAR 2024 SUSTAINABILITY REPORT.pdf,C:\Users\lenovo\Desktop\一些任务\董敬轩\知识图谱\2024世界500强及碳中和报告\2024世界500强及碳中和报告\CATERPILLAR 2024 SUSTAINABILITY REPORT.pdf,yes,yes,yes,yes,补 EmissionFactor 引用、GWP 版本、能耗活动数据、经济工具/成本侧事实；没有披露时标注未披露，不得推断。,,,,,
r199_caterpillar,CATERPILLAR,卡特彼勒,199,Scope 3,,,64.0,67,CATERPILLAR 2024 SUSTAINABILITY REPORT.pdf,C:\Users\lenovo\Desktop\一些任务\董敬轩\知识图谱\2024世界500强及碳中和报告\2024世界500强及碳中和报告\CATERPILLAR 2024 SUSTAINABILITY REPORT.pdf,yes,yes,yes,yes,补 EmissionFactor 引用、GWP 版本、能耗活动数据、经济工具/成本侧事实；没有披露时标注未披露，不得推断。,,,,,
r201_koreaelectricpower,KOREA ELECTRIC POWER,韩国电力公司,201,Scope 1,,,37.14206,59,(KEPCO)2024SustainabilityReport_Eng.pdf,C:\Users\lenovo\Desktop\一些任务\董敬轩\知识图谱\2024世界500强及碳中和报告\2024世界500强及碳中和报告\(KEPCO)2024SustainabilityReport_Eng.pdf,yes,yes,yes,yes,补 EmissionFactor 引用、GWP 版本、能耗活动数据、经济工具/成本侧事实；没有披露时标注未披露，不得推断。,,,,,
r202_metlife,METLIFE,美国大都会集团,202,Scope 1,,,0.010610999999999999,105,metlife_sustainability_report_2024.pdf,C:\Users\lenovo\Desktop\一些任务\董敬轩\知识图谱\2024世界500强及碳中和报告\2024世界500强及碳中和报告\metlife_sustainability_report_2024.pdf,yes,yes,yes,yes,补 EmissionFactor 引用、GWP 版本、能耗活动数据、经济工具/成本侧事实；没有披露时标注未披露，不得推断。,,,,,
r202_metlife,METLIFE,美国大都会集团,202,Scope 2,Location-Based,,1e-06,105,metlife_sustainability_report_2024.pdf,C:\Users\lenovo\Desktop\一些任务\董敬轩\知识图谱\2024世界500强及碳中和报告\2024世界500强及碳中和报告\metlife_sustainability_report_2024.pdf,yes,yes,yes,yes,补 EmissionFactor 引用、GWP 版本、能耗活动数据、经济工具/成本侧事实；没有披露时标注未披露，不得推断。,,,,,
r206_chinavanke,CHINA VANKE,万科企业股份有限公司,206,Scope 1,,,0.0145702,45,2024-CHINA VANKE-sustainability-report.pdf,C:\Users\lenovo\Desktop\一些任务\董敬轩\知识图谱\2024世界500强及碳中和报告\2024世界500强及碳中和报告\2024-CHINA VANKE-sustainability-report.pdf,yes,yes,yes,yes,补 EmissionFactor 引用、GWP 版本、能耗活动数据、经济工具/成本侧事实；没有披露时标注未披露，不得推断。,,,,,
r206_chinavanke,CHINA VANKE,万科企业股份有限公司,206,Scope 2,Market-Based,,0.26132683,45,2024-CHINA VANKE-sustainability-report.pdf,C:\Users\lenovo\Desktop\一些任务\董敬轩\知识图谱\2024世界500强及碳中和报告\2024世界500强及碳中和报告\2024-CHINA VANKE-sustainability-report.pdf,yes,yes,yes,yes,补 EmissionFactor 引用、GWP 版本、能耗活动数据、经济工具/成本侧事实；没有披露时标注未披露，不得推断。,,,,,
r206_chinavanke,CHINA VANKE,万科企业股份有限公司,206,Scope 3,,,0.002022,50,2024-CHINA VANKE-sustainability-report.pdf,C:\Users\lenovo\Desktop\一些任务\董敬轩\知识图谱\2024世界500强及碳中和报告\2024世界500强及碳中和报告\2024-CHINA VANKE-sustainability-report.pdf,yes,yes,yes,yes,补 EmissionFactor 引用、GWP 版本、能耗活动数据、经济工具/成本侧事实；没有披露时标注未披露，不得推断。,,,,,
r224_zurichinsurancegroup,ZURICH INSURANCE GROUP,苏黎世保险集团,224,Scope 3,,,1.8e-05,65,ZURICH INSURANCE GROUP sustainability-report-2024.pdf,C:\Users\lenovo\Desktop\一些任务\董敬轩\知识图谱\2024世界500强及碳中和报告\2024世界500强及碳中和报告\ZURICH INSURANCE GROUP sustainability-report-2024.pdf,yes,yes,yes,yes,补 EmissionFactor 引用、GWP 版本、能耗活动数据、经济工具/成本侧事实；没有披露时标注未披露，不得推断。,,,,,
r230_bungeglobal,BUNGE GLOBAL,邦吉公司,230,Scope 1,,,136.679303,24,2025-Bunge-Global-Sustainability-Report.pdf,C:\Users\lenovo\Desktop\一些任务\董敬轩\知识图谱\2024世界500强及碳中和报告\2024世界500强及碳中和报告\2025-Bunge-Global-Sustainability-Report.pdf,yes,yes,yes,yes,补 EmissionFactor 引用、GWP 版本、能耗活动数据、经济工具/成本侧事实；没有披露时标注未披露，不得推断。,,,,,
r230_bungeglobal,BUNGE GLOBAL,邦吉公司,230,Scope 2,,,1.665988,24,2025-Bunge-Global-Sustainability-Report.pdf,C:\Users\lenovo\Desktop\一些任务\董敬轩\知识图谱\2024世界500强及碳中和报告\2024世界500强及碳中和报告\2025-Bunge-Global-Sustainability-Report.pdf,yes,yes,yes,yes,补 EmissionFactor 引用、GWP 版本、能耗活动数据、经济工具/成本侧事实；没有披露时标注未披露，不得推断。,,,,,
r231_anheuserbuschinbev,ANHEUSER-BUSCH INBEV,百威英博,231,Scope 3,,,4.64e-06,75,20224-ANHEUSER-BUSCH INBEV-sustainability-report,C:\Users\lenovo\Desktop\一些任务\董敬轩\知识图谱\2024世界500强及碳中和报告\2024世界500强及碳中和报告\20224-ANHEUSER-BUSCH INBEV-sustainability-report,yes,yes,yes,yes,补 EmissionFactor 引用、GWP 版本、能耗活动数据、经济工具/成本侧事实；没有披露时标注未披露，不得推断。,,,,,
r234_panasonicholdings,PANASONIC HOLDINGS,松下控股公司,234,Scope 1,,,0.224,88,2025_Sustainability Date Book PANASONIC HOLDINGS.pdf,C:\Users\lenovo\Desktop\一些任务\董敬轩\知识图谱\2024世界500强及碳中和报告\2024世界500强及碳中和报告\2025_Sustainability Date Book PANASONIC HOLDINGS.pdf,yes,yes,yes,yes,补 EmissionFactor 引用、GWP 版本、能耗活动数据、经济工具/成本侧事实；没有披露时标注未披露，不得推断。,,,,,
r235_conocophillips,CONOCOPHILLIPS,康菲石油公司,235,Scope 1,,,17.7,85,2024-sustainability-report CONOCOPHILLIPS.pdf,C:\Users\lenovo\Desktop\一些任务\董敬轩\知识图谱\2024世界500强及碳中和报告\2024世界500强及碳中和报告\2024-sustainability-report CONOCOPHILLIPS.pdf,yes,yes,yes,yes,补 EmissionFactor 引用、GWP 版本、能耗活动数据、经济工具/成本侧事实；没有披露时标注未披露，不得推断。,,,,,
r235_conocophillips,CONOCOPHILLIPS,康菲石油公司,235,Scope 2,Market-Based,,0.93,85,2024-sustainability-report CONOCOPHILLIPS.pdf,C:\Users\lenovo\Desktop\一些任务\董敬轩\知识图谱\2024世界500强及碳中和报告\2024世界500强及碳中和报告\2024-sustainability-report CONOCOPHILLIPS.pdf,yes,yes,yes,yes,补 EmissionFactor 引用、GWP 版本、能耗活动数据、经济工具/成本侧事实；没有披露时标注未披露，不得推断。,,,,,
r237_deltaairlines,DELTA AIR LINES,达美航空,237,Scope 1,,,37.284766,57,delta-difference-2024-report.pdf,C:\Users\lenovo\Desktop\一些任务\董敬轩\知识图谱\2024世界500强及碳中和报告\2024世界500强及碳中和报告\delta-difference-2024-report.pdf,yes,yes,yes,yes,补 EmissionFactor 引用、GWP 版本、能耗活动数据、经济工具/成本侧事实；没有披露时标注未披露，不得推断。,,,,,
r237_deltaairlines,DELTA AIR LINES,达美航空,237,Scope 3,,,23.119882,57,delta-difference-2024-report.pdf,C:\Users\lenovo\Desktop\一些任务\董敬轩\知识图谱\2024世界500强及碳中和报告\2024世界500强及碳中和报告\delta-difference-2024-report.pdf,yes,yes,yes,yes,补 EmissionFactor 引用、GWP 版本、能耗活动数据、经济工具/成本侧事实；没有披露时标注未披露，不得推断。,,,,,
r241_tdsynnex公司,TD Synnex,TD Synnex,241,Scope 2,,,2e-06,67,tdsynnex-fy2024-ccr-ada.pdf,C:\Users\lenovo\Desktop\一些任务\董敬轩\知识图谱\2024世界500强及碳中和报告\2024世界500强及碳中和报告\tdsynnex-fy2024-ccr-ada.pdf,yes,yes,yes,yes,补 EmissionFactor 引用、GWP 版本、能耗活动数据、经济工具/成本侧事实；没有披露时标注未披露，不得推断。,,,,,
r252_bancobradesco,BANCO BRADESCO,巴西布拉德斯科银行,252,Scope 1,,,0.019631,155,2024  BANCO BRADESCO ESG Report.pdf,C:\Users\lenovo\Desktop\一些任务\董敬轩\知识图谱\2024世界500强及碳中和报告\2024世界500强及碳中和报告\2024  BANCO BRADESCO ESG Report.pdf,yes,yes,yes,yes,补 EmissionFactor 引用、GWP 版本、能耗活动数据、经济工具/成本侧事实；没有披露时标注未披露，不得推断。,,,,,
r252_bancobradesco,BANCO BRADESCO,巴西布拉德斯科银行,252,Scope 2,Market-Based,,0.002019,47,2024  BANCO BRADESCO ESG Report.pdf,C:\Users\lenovo\Desktop\一些任务\董敬轩\知识图谱\2024世界500强及碳中和报告\2024世界500强及碳中和报告\2024  BANCO BRADESCO ESG Report.pdf,yes,yes,yes,yes,补 EmissionFactor 引用、GWP 版本、能耗活动数据、经济工具/成本侧事实；没有披露时标注未披露，不得推断。,,,,,
r255_chartercommunications,CHARTER COMMUNICATIONS,特许通讯公司,255,Scope 1,,,0.431504,22,2023 CHARTER COMMUNICATIONS esg-report.pdf,C:\Users\lenovo\Desktop\一些任务\董敬轩\知识图谱\2024世界500强及碳中和报告\2024世界500强及碳中和报告\2023 CHARTER COMMUNICATIONS esg-report.pdf,yes,yes,yes,yes,补 EmissionFactor 引用、GWP 版本、能耗活动数据、经济工具/成本侧事实；没有披露时标注未披露，不得推断。,,,,,
r255_chartercommunications,CHARTER COMMUNICATIONS,特许通讯公司,255,Scope 3,,,0.957348,22,2023 CHARTER COMMUNICATIONS esg-report.pdf,C:\Users\lenovo\Desktop\一些任务\董敬轩\知识图谱\2024世界500强及碳中和报告\2024世界500强及碳中和报告\2023 CHARTER COMMUNICATIONS esg-report.pdf,yes,yes,yes,yes,补 EmissionFactor 引用、GWP 版本、能耗活动数据、经济工具/成本侧事实；没有披露时标注未披露，不得推断。,,,,,
r260_newyorklifeinsurance,NEW YORK LIFE INSURANCE,美国纽约人寿保险公司,260,Scope 1,,,0.009434999999999999,54,2024NEW YORK LIFE INSURANCE Corporate-Responsibility-Report.pdf,C:\Users\lenovo\Desktop\一些任务\董敬轩\知识图谱\2024世界500强及碳中和报告\2024世界500强及碳中和报告\2024NEW YORK LIFE INSURANCE Corporate-Responsibility-Report.pdf,yes,yes,yes,yes,补 EmissionFactor 引用、GWP 版本、能耗活动数据、经济工具/成本侧事实；没有披露时标注未披露，不得推断。,,,,,
r260_newyorklifeinsurance,NEW YORK LIFE INSURANCE,美国纽约人寿保险公司,260,Scope 2,Market-Based,,0.095548,54,2024NEW YORK LIFE INSURANCE Corporate-Responsibility-Report.pdf,C:\Users\lenovo\Desktop\一些任务\董敬轩\知识图谱\2024世界500强及碳中和报告\2024世界500强及碳中和报告\2024NEW YORK LIFE INSURANCE Corporate-Responsibility-Report.pdf,yes,yes,yes,yes,补 EmissionFactor 引用、GWP 版本、能耗活动数据、经济工具/成本侧事实；没有披露时标注未披露，不得推断。,,,,,
r260_newyorklifeinsurance,NEW YORK LIFE INSURANCE,美国纽约人寿保险公司,260,Scope 3,,,0.028430999999999998,54,2024NEW YORK LIFE INSURANCE Corporate-Responsibility-Report.pdf,C:\Users\lenovo\Desktop\一些任务\董敬轩\知识图谱\2024世界500强及碳中和报告\2024世界500强及碳中和报告\2024NEW YORK LIFE INSURANCE Corporate-Responsibility-Report.pdf,yes,yes,yes,yes,补 EmissionFactor 引用、GWP 版本、能耗活动数据、经济工具/成本侧事实；没有披露时标注未披露，不得推断。,,,,,
r261_intel,INTEL,英特尔公司,261,Scope 1,,,13.853,36,INTEL CSR-2024-25-Full-Report.pdf,C:\Users\lenovo\Desktop\一些任务\董敬轩\知识图谱\2024世界500强及碳中和报告\2024世界500强及碳中和报告\INTEL CSR-2024-25-Full-Report.pdf,yes,yes,yes,yes,补 EmissionFactor 引用、GWP 版本、能耗活动数据、经济工具/成本侧事实；没有披露时标注未披露，不得推断。,,,,,
r261_intel,INTEL,英特尔公司,261,Scope 2,Location-Based,,3.179,36,INTEL CSR-2024-25-Full-Report.pdf,C:\Users\lenovo\Desktop\一些任务\董敬轩\知识图谱\2024世界500强及碳中和报告\2024世界500强及碳中和报告\INTEL CSR-2024-25-Full-Report.pdf,yes,yes,yes,yes,补 EmissionFactor 引用、GWP 版本、能耗活动数据、经济工具/成本侧事实；没有披露时标注未披露，不得推断。,,,,,
r262_tjx公司,TJX,TJX,262,Scope 1,,,0.143258,68,tjx-2025-global-corporate-responsibility-report.pdf,C:\Users\lenovo\Desktop\一些任务\董敬轩\知识图谱\2024世界500强及碳中和报告\2024世界500强及碳中和报告\tjx-2025-global-corporate-responsibility-report.pdf,yes,yes,yes,yes,补 EmissionFactor 引用、GWP 版本、能耗活动数据、经济工具/成本侧事实；没有披露时标注未披露，不得推断。,,,,,
r262_tjx公司,TJX,TJX,262,Scope 3,,,0.0126,68,tjx-2025-global-corporate-responsibility-report.pdf,C:\Users\lenovo\Desktop\一些任务\董敬轩\知识图谱\2024世界500强及碳中和报告\2024世界500强及碳中和报告\tjx-2025-global-corporate-responsibility-report.pdf,yes,yes,yes,yes,补 EmissionFactor 引用、GWP 版本、能耗活动数据、经济工具/成本侧事实；没有披露时标注未披露，不得推断。,,,,,
r263_novartis,NOVARTIS,诺华公司,263,Scope 2,Market-Based,,0.001,28,novartis-integrated-report-2024.pdf,C:\Users\lenovo\Desktop\一些任务\董敬轩\知识图谱\2024世界500强及碳中和报告\2024世界500强及碳中和报告\novartis-integrated-report-2024.pdf,yes,yes,yes,yes,补 EmissionFactor 引用、GWP 版本、能耗活动数据、经济工具/成本侧事实；没有披露时标注未披露，不得推断。,,,,,
r264_riotintogroup,RIO TINTO GROUP,力拓集团,264,Scope 3,,,574.6,60,2024-RIO TINTO GROUP-annual-report.pdf,C:\Users\lenovo\Desktop\一些任务\董敬轩\知识图谱\2024世界500强及碳中和报告\2024世界500强及碳中和报告\2024-RIO TINTO GROUP-annual-report.pdf,yes,yes,yes,yes,补 EmissionFactor 引用、GWP 版本、能耗活动数据、经济工具/成本侧事实；没有披露时标注未披露，不得推断。,,,,,
r266_prudentialfinancial,PRUDENTIAL FINANCIAL,保德信金融集团,266,Scope 3,,,0.25554099999999996,46,Prudential-s-2024-Sustainability-Report.pdf,C:\Users\lenovo\Desktop\一些任务\董敬轩\知识图谱\2024世界500强及碳中和报告\2024世界500强及碳中和报告\Prudential-s-2024-Sustainability-Report.pdf,yes,yes,yes,yes,补 EmissionFactor 引用、GWP 版本、能耗活动数据、经济工具/成本侧事实；没有披露时标注未披露，不得推断。,,,,,
r268_bhpgroup,BHP GROUP,必和必拓集团,268,Scope 3,,,377.6,51,250819_bhpannualreport2025.pdf,C:\Users\lenovo\Desktop\一些任务\董敬轩\知识图谱\2024世界500强及碳中和报告\2024世界500强及碳中和报告\250819_bhpannualreport2025.pdf,yes,yes,yes,yes,补 EmissionFactor 引用、GWP 版本、能耗活动数据、经济工具/成本侧事实；没有披露时标注未披露，不得推断。,,,,,
r269_hp,HP,惠普公司,269,Scope 1,,,0.0484,160,2024_HP_sustainability_report.pdf,C:\Users\lenovo\Desktop\一些任务\董敬轩\知识图谱\2024世界500强及碳中和报告\2024世界500强及碳中和报告\2024_HP_sustainability_report.pdf,yes,yes,yes,yes,补 EmissionFactor 引用、GWP 版本、能耗活动数据、经济工具/成本侧事实；没有披露时标注未披露，不得推断。,,,,,
r270_unitedairlinesholdings,UNITED AIRLINES HOLDINGS,联合航空控股公司,270,Scope 1,,,38.520027,100,2024-UNITED AIRLINES HOLDINGS-report-interactive.pdf,C:\Users\lenovo\Desktop\一些任务\董敬轩\知识图谱\2024世界500强及碳中和报告\2024世界500强及碳中和报告\2024-UNITED AIRLINES HOLDINGS-report-interactive.pdf,yes,yes,yes,yes,补 EmissionFactor 引用、GWP 版本、能耗活动数据、经济工具/成本侧事实；没有披露时标注未披露，不得推断。,,,,,
r270_unitedairlinesholdings,UNITED AIRLINES HOLDINGS,联合航空控股公司,270,Scope 3,,,13.585206999999999,101,2024-UNITED AIRLINES HOLDINGS-report-interactive.pdf,C:\Users\lenovo\Desktop\一些任务\董敬轩\知识图谱\2024世界500强及碳中和报告\2024世界500强及碳中和报告\2024-UNITED AIRLINES HOLDINGS-report-interactive.pdf,yes,yes,yes,yes,补 EmissionFactor 引用、GWP 版本、能耗活动数据、经济工具/成本侧事实；没有披露时标注未披露，不得推断。,,,,,
r271_tatamotors,TATA MOTORS,印度塔塔汽车公司,271,Scope 1,,,0.070746,16,tata-motor-IAR-2024-25.pdf,C:\Users\lenovo\Desktop\一些任务\董敬轩\知识图谱\2024世界500强及碳中和报告\2024世界500强及碳中和报告\tata-motor-IAR-2024-25.pdf,yes,yes,yes,yes,补 EmissionFactor 引用、GWP 版本、能耗活动数据、经济工具/成本侧事实；没有披露时标注未披露，不得推断。,,,,,
r271_tatamotors,TATA MOTORS,印度塔塔汽车公司,271,Scope 2,,,0.01565,584,tata-motor-IAR-2024-25.pdf,C:\Users\lenovo\Desktop\一些任务\董敬轩\知识图谱\2024世界500强及碳中和报告\2024世界500强及碳中和报告\tata-motor-IAR-2024-25.pdf,yes,yes,yes,yes,补 EmissionFactor 引用、GWP 版本、能耗活动数据、经济工具/成本侧事实；没有披露时标注未披露，不得推断。,,,,,
r271_tatamotors,TATA MOTORS,印度塔塔汽车公司,271,Scope 3,,,25.9,134,tata-motor-IAR-2024-25.pdf,C:\Users\lenovo\Desktop\一些任务\董敬轩\知识图谱\2024世界500强及碳中和报告\2024世界500强及碳中和报告\tata-motor-IAR-2024-25.pdf,yes,yes,yes,yes,补 EmissionFactor 引用、GWP 版本、能耗活动数据、经济工具/成本侧事实；没有披露时标注未披露，不得推断。,,,,,
r278_americanairlinesgroup,AMERICAN AIRLINES GROUP,美国航空集团,278,Scope 1,,,39.604835,92,American-Airlines-Sustainability-Report-2024.pdf,C:\Users\lenovo\Desktop\一些任务\董敬轩\知识图谱\2024世界500强及碳中和报告\2024世界500强及碳中和报告\American-Airlines-Sustainability-Report-2024.pdf,yes,yes,yes,yes,补 EmissionFactor 引用、GWP 版本、能耗活动数据、经济工具/成本侧事实；没有披露时标注未披露，不得推断。,,,,,
r278_americanairlinesgroup,AMERICAN AIRLINES GROUP,美国航空集团,278,Scope 2,Market-Based,,0.17718399999999998,92,American-Airlines-Sustainability-Report-2024.pdf,C:\Users\lenovo\Desktop\一些任务\董敬轩\知识图谱\2024世界500强及碳中和报告\2024世界500强及碳中和报告\American-Airlines-Sustainability-Report-2024.pdf,yes,yes,yes,yes,补 EmissionFactor 引用、GWP 版本、能耗活动数据、经济工具/成本侧事实；没有披露时标注未披露，不得推断。,,,,,
r278_americanairlinesgroup,AMERICAN AIRLINES GROUP,美国航空集团,278,Scope 3,,,0.015125,81,American-Airlines-Sustainability-Report-2024.pdf,C:\Users\lenovo\Desktop\一些任务\董敬轩\知识图谱\2024世界500强及碳中和报告\2024世界500强及碳中和报告\American-Airlines-Sustainability-Report-2024.pdf,yes,yes,yes,yes,补 EmissionFactor 引用、GWP 版本、能耗活动数据、经济工具/成本侧事实；没有披露时标注未披露，不得推断。,,,,,
r283_intesasanpaolo,INTESA SANPAOLO,意大利联合圣保罗银行,283,Scope 1,,,0.016656,99,2024_INTESA SANPAOLO-Climate_Report.pdf,C:\Users\lenovo\Desktop\一些任务\董敬轩\知识图谱\2024世界500强及碳中和报告\2024世界500强及碳中和报告\2024_INTESA SANPAOLO-Climate_Report.pdf,yes,yes,yes,yes,补 EmissionFactor 引用、GWP 版本、能耗活动数据、经济工具/成本侧事实；没有披露时标注未披露，不得推断。,,,,,
r283_intesasanpaolo,INTESA SANPAOLO,意大利联合圣保罗银行,283,Scope 2,Location-Based,,0.0034869999999999996,103,2024_INTESA SANPAOLO-Climate_Report.pdf,C:\Users\lenovo\Desktop\一些任务\董敬轩\知识图谱\2024世界500强及碳中和报告\2024世界500强及碳中和报告\2024_INTESA SANPAOLO-Climate_Report.pdf,yes,yes,yes,yes,补 EmissionFactor 引用、GWP 版本、能耗活动数据、经济工具/成本侧事实；没有披露时标注未披露，不得推断。,,,,,
r287_tokiomarineholdings,TOKIO MARINE HOLDINGS,东京海上日动火灾保险公司,287,Scope 1,,,0.012516999999999999,42,TOKIO MARINE HOLDINGS sustainability_web_2025.pdf,C:\Users\lenovo\Desktop\一些任务\董敬轩\知识图谱\2024世界500强及碳中和报告\2024世界500强及碳中和报告\TOKIO MARINE HOLDINGS sustainability_web_2025.pdf,yes,yes,yes,yes,补 EmissionFactor 引用、GWP 版本、能耗活动数据、经济工具/成本侧事实；没有披露时标注未披露，不得推断。,,,,,
r287_tokiomarineholdings,TOKIO MARINE HOLDINGS,东京海上日动火灾保险公司,287,Scope 2,,,0.012516999999999999,42,TOKIO MARINE HOLDINGS sustainability_web_2025.pdf,C:\Users\lenovo\Desktop\一些任务\董敬轩\知识图谱\2024世界500强及碳中和报告\2024世界500强及碳中和报告\TOKIO MARINE HOLDINGS sustainability_web_2025.pdf,yes,yes,yes,yes,补 EmissionFactor 引用、GWP 版本、能耗活动数据、经济工具/成本侧事实；没有披露时标注未披露，不得推断。,,,,,
r287_tokiomarineholdings,TOKIO MARINE HOLDINGS,东京海上日动火灾保险公司,287,Scope 3,,,0.012516999999999999,42,TOKIO MARINE HOLDINGS sustainability_web_2025.pdf,C:\Users\lenovo\Desktop\一些任务\董敬轩\知识图谱\2024世界500强及碳中和报告\2024世界500强及碳中和报告\TOKIO MARINE HOLDINGS sustainability_web_2025.pdf,yes,yes,yes,yes,补 EmissionFactor 引用、GWP 版本、能耗活动数据、经济工具/成本侧事实；没有披露时标注未披露，不得推断。,,,,,
r289_maerskgroup,MAERSK GROUP,马士基集团,289,Scope 1,,,0.0020239999999999998,93,Maersk Annual Report 2024.pdf,C:\Users\lenovo\Desktop\一些任务\董敬轩\知识图谱\2024世界500强及碳中和报告\2024世界500强及碳中和报告\Maersk Annual Report 2024.pdf,yes,yes,yes,yes,补 EmissionFactor 引用、GWP 版本、能耗活动数据、经济工具/成本侧事实；没有披露时标注未披露，不得推断。,,,,,
r289_maerskgroup,MAERSK GROUP,马士基集团,289,Scope 2,,,0.001,89,Maersk Annual Report 2024.pdf,C:\Users\lenovo\Desktop\一些任务\董敬轩\知识图谱\2024世界500强及碳中和报告\2024世界500强及碳中和报告\Maersk Annual Report 2024.pdf,yes,yes,yes,yes,补 EmissionFactor 引用、GWP 版本、能耗活动数据、经济工具/成本侧事实；没有披露时标注未披露，不得推断。,,,,,
r292_shanghaipudongdevelopmentbank,SHANGHAI PUDONG DEVELOPMENT BANK,上海浦东发展银行股份有限公司,292,Scope 1,,,16.47,99,,,yes,yes,yes,yes,补 EmissionFactor 引用、GWP 版本、能耗活动数据、经济工具/成本侧事实；没有披露时标注未披露，不得推断。,,,,,
r292_shanghaipudongdevelopmentbank,SHANGHAI PUDONG DEVELOPMENT BANK,上海浦东发展银行股份有限公司,292,Scope 2,,,4.2999999999999995e-06,18,,,yes,yes,yes,yes,补 EmissionFactor 引用、GWP 版本、能耗活动数据、经济工具/成本侧事实；没有披露时标注未披露，不得推断。,,,,,
r292_shanghaipudongdevelopmentbank,SHANGHAI PUDONG DEVELOPMENT BANK,上海浦东发展银行股份有限公司,292,Scope 3,,,0.53,99,,,yes,yes,yes,yes,补 EmissionFactor 引用、GWP 版本、能耗活动数据、经济工具/成本侧事实；没有披露时标注未披露，不得推断。,,,,,
r294_bankofmontreal,BANK OF MONTREAL,蒙特利尔银行,294,Scope 2,Location-Based,,1.05287,79,BMO_2024_SCR_EN_interactive.pdf,C:\Users\lenovo\Desktop\一些任务\董敬轩\知识图谱\2024世界500强及碳中和报告\2024世界500强及碳中和报告\BMO_2024_SCR_EN_interactive.pdf,yes,yes,yes,yes,补 EmissionFactor 引用、GWP 版本、能耗活动数据、经济工具/成本侧事实；没有披露时标注未披露，不得推断。,,,,,
r294_bankofmontreal,BANK OF MONTREAL,蒙特利尔银行,294,Scope 3,,,5.393,84,BMO_2024_SCR_EN_interactive.pdf,C:\Users\lenovo\Desktop\一些任务\董敬轩\知识图谱\2024世界500强及碳中和报告\2024世界500强及碳中和报告\BMO_2024_SCR_EN_interactive.pdf,yes,yes,yes,yes,补 EmissionFactor 引用、GWP 版本、能耗活动数据、经济工具/成本侧事实；没有披露时标注未披露，不得推断。,,,,,
r295_zffriedrichshafen,ZF FRIEDRICHSHAFEN,采埃孚,295,Scope 3,,,1e-06,68,ZF_AnnualReport24.pdf,C:\Users\lenovo\Desktop\一些任务\董敬轩\知识图谱\2024世界500强及碳中和报告\2024世界500强及碳中和报告\ZF_AnnualReport24.pdf,yes,yes,yes,yes,补 EmissionFactor 引用、GWP 版本、能耗活动数据、经济工具/成本侧事实；没有披露时标注未披露，不得推断。,,,,,
r297_sanofi,SANOFI,赛诺菲,297,Scope 1,,,0.053092,41,SANOFI-sustainability-statement-2024--ESG-Report-.pdf,C:\Users\lenovo\Desktop\一些任务\董敬轩\知识图谱\2024世界500强及碳中和报告\2024世界500强及碳中和报告\SANOFI-sustainability-statement-2024--ESG-Report-.pdf,yes,yes,yes,yes,补 EmissionFactor 引用、GWP 版本、能耗活动数据、经济工具/成本侧事实；没有披露时标注未披露，不得推断。,,,,,
r297_sanofi,SANOFI,赛诺菲,297,Scope 2,Location-Based,,0.318252,38,SANOFI-sustainability-statement-2024--ESG-Report-.pdf,C:\Users\lenovo\Desktop\一些任务\董敬轩\知识图谱\2024世界500强及碳中和报告\2024世界500强及碳中和报告\SANOFI-sustainability-statement-2024--ESG-Report-.pdf,yes,yes,yes,yes,补 EmissionFactor 引用、GWP 版本、能耗活动数据、经济工具/成本侧事实；没有披露时标注未披露，不得推断。,,,,,
r297_sanofi,SANOFI,赛诺菲,297,Scope 2,Market-Based,,0.075864,38,SANOFI-sustainability-statement-2024--ESG-Report-.pdf,C:\Users\lenovo\Desktop\一些任务\董敬轩\知识图谱\2024世界500强及碳中和报告\2024世界500强及碳中和报告\SANOFI-sustainability-statement-2024--ESG-Report-.pdf,yes,yes,yes,yes,补 EmissionFactor 引用、GWP 版本、能耗活动数据、经济工具/成本侧事实；没有披露时标注未披露，不得推断。,,,,,
r297_sanofi,SANOFI,赛诺菲,297,Scope 3,,,3.8226269999999998,38,SANOFI-sustainability-statement-2024--ESG-Report-.pdf,C:\Users\lenovo\Desktop\一些任务\董敬轩\知识图谱\2024世界500强及碳中和报告\2024世界500强及碳中和报告\SANOFI-sustainability-statement-2024--ESG-Report-.pdf,yes,yes,yes,yes,补 EmissionFactor 引用、GWP 版本、能耗活动数据、经济工具/成本侧事实；没有披露时标注未披露，不得推断。,,,,,
r301_swissre,SWISS RE,瑞士再保险股份有限公司,301,Scope 3,,,0.001,82,2024-SWISS RE-sustainability-report-en.pdf,C:\Users\lenovo\Desktop\一些任务\董敬轩\知识图谱\2024世界500强及碳中和报告\2024世界500强及碳中和报告\2024-SWISS RE-sustainability-report-en.pdf,yes,yes,yes,yes,补 EmissionFactor 引用、GWP 版本、能耗活动数据、经济工具/成本侧事实；没有披露时标注未披露，不得推断。,,,,,
r304_capitalonefinancial,CAPITAL ONE FINANCIAL,第一资本金融公司,304,Scope 1,,,40.5,142,,,yes,yes,yes,yes,补 EmissionFactor 引用、GWP 版本、能耗活动数据、经济工具/成本侧事实；没有披露时标注未披露，不得推断。,,,,,
r304_capitalonefinancial,CAPITAL ONE FINANCIAL,第一资本金融公司,304,Scope 2,Market-Based,,0.95,142,,,yes,yes,yes,yes,补 EmissionFactor 引用、GWP 版本、能耗活动数据、经济工具/成本侧事实；没有披露时标注未披露，不得推断。,,,,,
r304_capitalonefinancial,CAPITAL ONE FINANCIAL,第一资本金融公司,304,Scope 3,,,0.0002,152,,,yes,yes,yes,yes,补 EmissionFactor 引用、GWP 版本、能耗活动数据、经济工具/成本侧事实；没有披露时标注未披露，不得推断。,,,,,
r310_vodafonegroup,VODAFONE GROUP,沃达丰集团,310,Scope 1,,,0.26,38,Vodafone 2025 Annual Report.pdf,C:\Users\lenovo\Desktop\一些任务\董敬轩\知识图谱\2024世界500强及碳中和报告\2024世界500强及碳中和报告\Vodafone 2025 Annual Report.pdf,yes,yes,yes,yes,补 EmissionFactor 引用、GWP 版本、能耗活动数据、经济工具/成本侧事实；没有披露时标注未披露，不得推断。,,,,,
r310_vodafonegroup,VODAFONE GROUP,沃达丰集团,310,Scope 2,Location-Based,,2.17,38,Vodafone 2025 Annual Report.pdf,C:\Users\lenovo\Desktop\一些任务\董敬轩\知识图谱\2024世界500强及碳中和报告\2024世界500强及碳中和报告\Vodafone 2025 Annual Report.pdf,yes,yes,yes,yes,补 EmissionFactor 引用、GWP 版本、能耗活动数据、经济工具/成本侧事实；没有披露时标注未披露，不得推断。,,,,,
r310_vodafonegroup,VODAFONE GROUP,沃达丰集团,310,Scope 2,Market-Based,,0.01,38,Vodafone 2025 Annual Report.pdf,C:\Users\lenovo\Desktop\一些任务\董敬轩\知识图谱\2024世界500强及碳中和报告\2024世界500强及碳中和报告\Vodafone 2025 Annual Report.pdf,yes,yes,yes,yes,补 EmissionFactor 引用、GWP 版本、能耗活动数据、经济工具/成本侧事实；没有披露时标注未披露，不得推断。,,,,,
r310_vodafonegroup,VODAFONE GROUP,沃达丰集团,310,Scope 3,,,6.61,38,Vodafone 2025 Annual Report.pdf,C:\Users\lenovo\Desktop\一些任务\董敬轩\知识图谱\2024世界500强及碳中和报告\2024世界500强及碳中和报告\Vodafone 2025 Annual Report.pdf,yes,yes,yes,yes,补 EmissionFactor 引用、GWP 版本、能耗活动数据、经济工具/成本侧事实；没有披露时标注未披露，不得推断。,,,,,
r313_exor集团,EXOR,EXOR,313,Scope 1,,,7e-06,7,EXOR GROUP Sustainability Report 2023.pdf,C:\Users\lenovo\Desktop\一些任务\董敬轩\知识图谱\2024世界500强及碳中和报告\2024世界500强及碳中和报告\EXOR GROUP Sustainability Report 2023.pdf,yes,yes,yes,yes,补 EmissionFactor 引用、GWP 版本、能耗活动数据、经济工具/成本侧事实；没有披露时标注未披露，不得推断。,,,,,
r315_unicreditgroup,UNICREDIT GROUP,联合信贷集团,315,Scope 1,,,0.024412,271,2024-UNICREDIT GROUP-Annual-Reports-and-Accounts.pdf,C:\Users\lenovo\Desktop\一些任务\董敬轩\知识图谱\2024世界500强及碳中和报告\2024世界500强及碳中和报告\2024-UNICREDIT GROUP-Annual-Reports-and-Accounts.pdf,yes,yes,yes,yes,补 EmissionFactor 引用、GWP 版本、能耗活动数据、经济工具/成本侧事实；没有披露时标注未披露，不得推断。,,,,,
r315_unicreditgroup,UNICREDIT GROUP,联合信贷集团,315,Scope 2,Location-Based,,0.10083,271,2024-UNICREDIT GROUP-Annual-Reports-and-Accounts.pdf,C:\Users\lenovo\Desktop\一些任务\董敬轩\知识图谱\2024世界500强及碳中和报告\2024世界500强及碳中和报告\2024-UNICREDIT GROUP-Annual-Reports-and-Accounts.pdf,yes,yes,yes,yes,补 EmissionFactor 引用、GWP 版本、能耗活动数据、经济工具/成本侧事实；没有披露时标注未披露，不得推断。,,,,,
r315_unicreditgroup,UNICREDIT GROUP,联合信贷集团,315,Scope 2,Market-Based,,0.016702,271,2024-UNICREDIT GROUP-Annual-Reports-and-Accounts.pdf,C:\Users\lenovo\Desktop\一些任务\董敬轩\知识图谱\2024世界500强及碳中和报告\2024世界500强及碳中和报告\2024-UNICREDIT GROUP-Annual-Reports-and-Accounts.pdf,yes,yes,yes,yes,补 EmissionFactor 引用、GWP 版本、能耗活动数据、经济工具/成本侧事实；没有披露时标注未披露，不得推断。,,,,,
r315_unicreditgroup,UNICREDIT GROUP,联合信贷集团,315,Scope 3,,,97.473496,271,2024-UNICREDIT GROUP-Annual-Reports-and-Accounts.pdf,C:\Users\lenovo\Desktop\一些任务\董敬轩\知识图谱\2024世界500强及碳中和报告\2024世界500强及碳中和报告\2024-UNICREDIT GROUP-Annual-Reports-and-Accounts.pdf,yes,yes,yes,yes,补 EmissionFactor 引用、GWP 版本、能耗活动数据、经济工具/成本侧事实；没有披露时标注未披露，不得推断。,,,,,
r316_energiebadenwürttemberg,ENERGIE BADEN-WÜRTTEMBERG,巴登-符腾堡州能源公司,316,Scope 3,,,0.002023,107,,,yes,yes,yes,yes,补 EmissionFactor 引用、GWP 版本、能耗活动数据、经济工具/成本侧事实；没有披露时标注未披露，不得推断。,,,,,
r317_tokyoelectricpower,TOKYO ELECTRIC POWER,东京电力公司,317,Scope 1,,,0.011,100,TOKYO ELECTRIC POWER TP2024_en_web_print.pdf,C:\Users\lenovo\Desktop\一些任务\董敬轩\知识图谱\2024世界500强及碳中和报告\2024世界500强及碳中和报告\TOKYO ELECTRIC POWER TP2024_en_web_print.pdf,yes,yes,yes,yes,补 EmissionFactor 引用、GWP 版本、能耗活动数据、经济工具/成本侧事实；没有披露时标注未披露，不得推断。,,,,,
r317_tokyoelectricpower,TOKYO ELECTRIC POWER,东京电力公司,317,Scope 2,Market-Based,,0.446,102,TOKYO ELECTRIC POWER TP2024_en_web_print.pdf,C:\Users\lenovo\Desktop\一些任务\董敬轩\知识图谱\2024世界500强及碳中和报告\2024世界500强及碳中和报告\TOKYO ELECTRIC POWER TP2024_en_web_print.pdf,yes,yes,yes,yes,补 EmissionFactor 引用、GWP 版本、能耗活动数据、经济工具/成本侧事实；没有披露时标注未披露，不得推断。,,,,,
r320_orange公司,Orange,Orange,320,Scope 3,,,5.361,3,ORANGE rapport annuel 2024-2025.pdf,C:\Users\lenovo\Desktop\一些任务\董敬轩\知识图谱\2024世界500强及碳中和报告\2024世界500强及碳中和报告\ORANGE rapport annuel 2024-2025.pdf,yes,yes,yes,yes,补 EmissionFactor 引用、GWP 版本、能耗活动数据、经济工具/成本侧事实；没有披露时标注未披露，不得推断。,,,,,
r322_ingkagroup,INGKA GROUP,英格卡集团,322,Scope 2,Market-Based,,1.801493,118,ingkagroup_annualsummaryandsustainabilityreport_fy24.pdf,C:\Users\lenovo\Desktop\一些任务\董敬轩\知识图谱\2024世界500强及碳中和报告\2024世界500强及碳中和报告\ingkagroup_annualsummaryandsustainabilityreport_fy24.pdf,yes,yes,yes,yes,补 EmissionFactor 引用、GWP 版本、能耗活动数据、经济工具/成本侧事实；没有披露时标注未披露，不得推断。,,,,,
r322_ingkagroup,INGKA GROUP,英格卡集团,322,Scope 3,,,4.9999999999999996e-06,122,ingkagroup_annualsummaryandsustainabilityreport_fy24.pdf,C:\Users\lenovo\Desktop\一些任务\董敬轩\知识图谱\2024世界500强及碳中和报告\2024世界500强及碳中和报告\ingkagroup_annualsummaryandsustainabilityreport_fy24.pdf,yes,yes,yes,yes,补 EmissionFactor 引用、GWP 版本、能耗活动数据、经济工具/成本侧事实；没有披露时标注未披露，不得推断。,,,,,
r327_talanx公司,Talanx,Talanx,327,Scope 1,,,0.012627,32,Talanx_Nachhaltigkeitsbericht_2023_en.pdf,C:\Users\lenovo\Desktop\一些任务\董敬轩\知识图谱\2024世界500强及碳中和报告\2024世界500强及碳中和报告\Talanx_Nachhaltigkeitsbericht_2023_en.pdf,yes,yes,yes,yes,补 EmissionFactor 引用、GWP 版本、能耗活动数据、经济工具/成本侧事实；没有披露时标注未披露，不得推断。,,,,,
r327_talanx公司,Talanx,Talanx,327,Scope 2,Market-Based,,0.012627,32,Talanx_Nachhaltigkeitsbericht_2023_en.pdf,C:\Users\lenovo\Desktop\一些任务\董敬轩\知识图谱\2024世界500强及碳中和报告\2024世界500强及碳中和报告\Talanx_Nachhaltigkeitsbericht_2023_en.pdf,yes,yes,yes,yes,补 EmissionFactor 引用、GWP 版本、能耗活动数据、经济工具/成本侧事实；没有披露时标注未披露，不得推断。,,,,,
r327_talanx公司,Talanx,Talanx,327,Scope 3,,,0.012627,32,Talanx_Nachhaltigkeitsbericht_2023_en.pdf,C:\Users\lenovo\Desktop\一些任务\董敬轩\知识图谱\2024世界500强及碳中和报告\2024世界500强及碳中和报告\Talanx_Nachhaltigkeitsbericht_2023_en.pdf,yes,yes,yes,yes,补 EmissionFactor 引用、GWP 版本、能耗活动数据、经济工具/成本侧事实；没有披露时标注未披露，不得推断。,,,,,
r329_astrazeneca,ASTRAZENECA,阿斯利康,329,Scope 1,,,0.024595,235,AstraZeneca_AR_2024.pdf,C:\Users\lenovo\Desktop\一些任务\董敬轩\知识图谱\2024世界500强及碳中和报告\2024世界500强及碳中和报告\AstraZeneca_AR_2024.pdf,yes,yes,yes,yes,补 EmissionFactor 引用、GWP 版本、能耗活动数据、经济工具/成本侧事实；没有披露时标注未披露，不得推断。,,,,,
r329_astrazeneca,ASTRAZENECA,阿斯利康,329,Scope 2,Market-Based,,0.022195,235,AstraZeneca_AR_2024.pdf,C:\Users\lenovo\Desktop\一些任务\董敬轩\知识图谱\2024世界500强及碳中和报告\2024世界500强及碳中和报告\AstraZeneca_AR_2024.pdf,yes,yes,yes,yes,补 EmissionFactor 引用、GWP 版本、能耗活动数据、经济工具/成本侧事实；没有披露时标注未披露，不得推断。,,,,,
r333_tiaa,TIAA,美国教师退休基金会,333,Scope 1,,,2e-06,34,TIAA climate_report_2024.pdf,C:\Users\lenovo\Desktop\一些任务\董敬轩\知识图谱\2024世界500强及碳中和报告\2024世界500强及碳中和报告\TIAA climate_report_2024.pdf,yes,yes,yes,yes,补 EmissionFactor 引用、GWP 版本、能耗活动数据、经济工具/成本侧事实；没有披露时标注未披露，不得推断。,,,,,
r344_continental,CONTINENTAL,德国大陆集团,344,Scope 2,Market-Based,,1.424774,142,CONTINENTAL annual-report-2024.pdf,C:\Users\lenovo\Desktop\一些任务\董敬轩\知识图谱\2024世界500强及碳中和报告\2024世界500强及碳中和报告\CONTINENTAL annual-report-2024.pdf,yes,yes,yes,yes,补 EmissionFactor 引用、GWP 版本、能耗活动数据、经济工具/成本侧事实；没有披露时标注未披露，不得推断。,,,,,
r344_continental,CONTINENTAL,德国大陆集团,344,Scope 3,,,0.0020239999999999998,145,CONTINENTAL annual-report-2024.pdf,C:\Users\lenovo\Desktop\一些任务\董敬轩\知识图谱\2024世界500强及碳中和报告\2024世界500强及碳中和报告\CONTINENTAL annual-report-2024.pdf,yes,yes,yes,yes,补 EmissionFactor 引用、GWP 版本、能耗活动数据、经济工具/成本侧事实；没有披露时标注未披露，不得推断。,,,,,
r345_raízen公司,Raízen,Raízen,345,Scope 1,,,3.17950682,32,item-1338-raizen-rs24-25-en-d11.pdf,C:\Users\lenovo\Desktop\一些任务\董敬轩\知识图谱\2024世界500强及碳中和报告\2024世界500强及碳中和报告\item-1338-raizen-rs24-25-en-d11.pdf,yes,yes,yes,yes,补 EmissionFactor 引用、GWP 版本、能耗活动数据、经济工具/成本侧事实；没有披露时标注未披露，不得推断。,,,,,
r345_raízen公司,Raízen,Raízen,345,Scope 2,Market-Based,,0.01127042,32,item-1338-raizen-rs24-25-en-d11.pdf,C:\Users\lenovo\Desktop\一些任务\董敬轩\知识图谱\2024世界500强及碳中和报告\2024世界500强及碳中和报告\item-1338-raizen-rs24-25-en-d11.pdf,yes,yes,yes,yes,补 EmissionFactor 引用、GWP 版本、能耗活动数据、经济工具/成本侧事实；没有披露时标注未披露，不得推断。,,,,,
r345_raízen公司,Raízen,Raízen,345,Scope 3,,,13.08621082,32,item-1338-raizen-rs24-25-en-d11.pdf,C:\Users\lenovo\Desktop\一些任务\董敬轩\知识图谱\2024世界500强及碳中和报告\2024世界500强及碳中和报告\item-1338-raizen-rs24-25-en-d11.pdf,yes,yes,yes,yes,补 EmissionFactor 引用、GWP 版本、能耗活动数据、经济工具/成本侧事实；没有披露时标注未披露，不得推断。,,,,,
r346_dow,DOW,陶氏公司,346,Scope 1,,,0.0020239999999999998,117,DOW-2024-progress-report.pdf,C:\Users\lenovo\Desktop\一些任务\董敬轩\知识图谱\2024世界500强及碳中和报告\2024世界500强及碳中和报告\DOW-2024-progress-report.pdf,yes,yes,yes,yes,补 EmissionFactor 引用、GWP 版本、能耗活动数据、经济工具/成本侧事实；没有披露时标注未披露，不得推断。,,,,,
r349_fomentoeconómicomexicano公司,Fomento Económico Mexicano,Fomento Económico Mexicano,349,Scope 1,,,1.003012,142,FEMSA_2024_Annual_Report.pdf,C:\Users\lenovo\Desktop\一些任务\董敬轩\知识图谱\2024世界500强及碳中和报告\2024世界500强及碳中和报告\FEMSA_2024_Annual_Report.pdf,yes,yes,yes,yes,补 EmissionFactor 引用、GWP 版本、能耗活动数据、经济工具/成本侧事实；没有披露时标注未披露，不得推断。,,,,,
r349_fomentoeconómicomexicano公司,Fomento Económico Mexicano,Fomento Económico Mexicano,349,Scope 2,Market-Based,,0.44461799999999996,150,FEMSA_2024_Annual_Report.pdf,C:\Users\lenovo\Desktop\一些任务\董敬轩\知识图谱\2024世界500强及碳中和报告\2024世界500强及碳中和报告\FEMSA_2024_Annual_Report.pdf,yes,yes,yes,yes,补 EmissionFactor 引用、GWP 版本、能耗活动数据、经济工具/成本侧事实；没有披露时标注未披露，不得推断。,,,,,
r350_telefónica,TELEFÓNICA,西班牙电话公司,350,Scope 1,,,0.122874,206,2024TELEFÓNICA consolidated-management-report.pdf,C:\Users\lenovo\Desktop\一些任务\董敬轩\知识图谱\2024世界500强及碳中和报告\2024世界500强及碳中和报告\2024TELEFÓNICA consolidated-management-report.pdf,yes,yes,yes,yes,补 EmissionFactor 引用、GWP 版本、能耗活动数据、经济工具/成本侧事实；没有披露时标注未披露，不得推断。,,,,,
r350_telefónica,TELEFÓNICA,西班牙电话公司,350,Scope 2,Location-Based,,0.939452,206,2024TELEFÓNICA consolidated-management-report.pdf,C:\Users\lenovo\Desktop\一些任务\董敬轩\知识图谱\2024世界500强及碳中和报告\2024世界500强及碳中和报告\2024TELEFÓNICA consolidated-management-report.pdf,yes,yes,yes,yes,补 EmissionFactor 引用、GWP 版本、能耗活动数据、经济工具/成本侧事实；没有披露时标注未披露，不得推断。,,,,,
r350_telefónica,TELEFÓNICA,西班牙电话公司,350,Scope 2,Market-Based,,0.152327,206,2024TELEFÓNICA consolidated-management-report.pdf,C:\Users\lenovo\Desktop\一些任务\董敬轩\知识图谱\2024世界500强及碳中和报告\2024世界500强及碳中和报告\2024TELEFÓNICA consolidated-management-report.pdf,yes,yes,yes,yes,补 EmissionFactor 引用、GWP 版本、能耗活动数据、经济工具/成本侧事实；没有披露时标注未披露，不得推断。,,,,,
r350_telefónica,TELEFÓNICA,西班牙电话公司,350,Scope 3,,,1.962411,206,2024TELEFÓNICA consolidated-management-report.pdf,C:\Users\lenovo\Desktop\一些任务\董敬轩\知识图谱\2024世界500强及碳中和报告\2024世界500强及碳中和报告\2024TELEFÓNICA consolidated-management-report.pdf,yes,yes,yes,yes,补 EmissionFactor 引用、GWP 版本、能耗活动数据、经济工具/成本侧事实；没有披露时标注未披露，不得推断。,,,,,
r352_bestbuy,BEST BUY,百思买,352,Scope 1,,,0.185561,59,BestBuy-CRS-Report-2025.pdf,C:\Users\lenovo\Desktop\一些任务\董敬轩\知识图谱\2024世界500强及碳中和报告\2024世界500强及碳中和报告\BestBuy-CRS-Report-2025.pdf,yes,yes,yes,yes,补 EmissionFactor 引用、GWP 版本、能耗活动数据、经济工具/成本侧事实；没有披露时标注未披露，不得推断。,,,,,
r352_bestbuy,BEST BUY,百思买,352,Scope 2,Location-Based,,0.245443,59,BestBuy-CRS-Report-2025.pdf,C:\Users\lenovo\Desktop\一些任务\董敬轩\知识图谱\2024世界500强及碳中和报告\2024世界500强及碳中和报告\BestBuy-CRS-Report-2025.pdf,yes,yes,yes,yes,补 EmissionFactor 引用、GWP 版本、能耗活动数据、经济工具/成本侧事实；没有披露时标注未披露，不得推断。,,,,,
r352_bestbuy,BEST BUY,百思买,352,Scope 2,Market-Based,,0.082445,59,BestBuy-CRS-Report-2025.pdf,C:\Users\lenovo\Desktop\一些任务\董敬轩\知识图谱\2024世界500强及碳中和报告\2024世界500强及碳中和报告\BestBuy-CRS-Report-2025.pdf,yes,yes,yes,yes,补 EmissionFactor 引用、GWP 版本、能耗活动数据、经济工具/成本侧事实；没有披露时标注未披露，不得推断。,,,,,
r352_bestbuy,BEST BUY,百思买,352,Scope 3,,,15.732438,59,BestBuy-CRS-Report-2025.pdf,C:\Users\lenovo\Desktop\一些任务\董敬轩\知识图谱\2024世界500强及碳中和报告\2024世界500强及碳中和报告\BestBuy-CRS-Report-2025.pdf,yes,yes,yes,yes,补 EmissionFactor 引用、GWP 版本、能耗活动数据、经济工具/成本侧事实；没有披露时标注未披露，不得推断。,,,,,
r356_thermofisherscientific,THERMO FISHER SCIENTIFIC,赛默飞世尔科技公司,356,Scope 1,,,0.331463,65,2023-THERMO FISHER SCIENTIFIC-CSR-Report.pdf,C:\Users\lenovo\Desktop\一些任务\董敬轩\知识图谱\2024世界500强及碳中和报告\2024世界500强及碳中和报告\2023-THERMO FISHER SCIENTIFIC-CSR-Report.pdf,yes,yes,yes,yes,补 EmissionFactor 引用、GWP 版本、能耗活动数据、经济工具/成本侧事实；没有披露时标注未披露，不得推断。,,,,,
r357_magnainternational,MAGNA INTERNATIONAL,麦格纳国际,357,Scope 1,,,0.43626699999999996,99,101227_magna_sustainabilityreport_fy2024_final_cda.pdf,C:\Users\lenovo\Desktop\一些任务\董敬轩\知识图谱\2024世界500强及碳中和报告\2024世界500强及碳中和报告\101227_magna_sustainabilityreport_fy2024_final_cda.pdf,yes,yes,yes,yes,补 EmissionFactor 引用、GWP 版本、能耗活动数据、经济工具/成本侧事实；没有披露时标注未披露，不得推断。,,,,,
r357_magnainternational,MAGNA INTERNATIONAL,麦格纳国际,357,Scope 2,,,1.0897299999999999,99,101227_magna_sustainabilityreport_fy2024_final_cda.pdf,C:\Users\lenovo\Desktop\一些任务\董敬轩\知识图谱\2024世界500强及碳中和报告\2024世界500强及碳中和报告\101227_magna_sustainabilityreport_fy2024_final_cda.pdf,yes,yes,yes,yes,补 EmissionFactor 引用、GWP 版本、能耗活动数据、经济工具/成本侧事实；没有披露时标注未披露，不得推断。,,,,,
r357_magnainternational,MAGNA INTERNATIONAL,麦格纳国际,357,Scope 3,,,58.655440999999996,99,101227_magna_sustainabilityreport_fy2024_final_cda.pdf,C:\Users\lenovo\Desktop\一些任务\董敬轩\知识图谱\2024世界500强及碳中和报告\2024世界500强及碳中和报告\101227_magna_sustainabilityreport_fy2024_final_cda.pdf,yes,yes,yes,yes,补 EmissionFactor 引用、GWP 版本、能耗活动数据、经济工具/成本侧事实；没有披露时标注未披露，不得推断。,,,,,
r365_travelers公司,Travelers,Travelers,365,Scope 1,,,0.019069,78,Travelers_SustainabilityReport2024.pdf,C:\Users\lenovo\Desktop\一些任务\董敬轩\知识图谱\2024世界500强及碳中和报告\2024世界500强及碳中和报告\Travelers_SustainabilityReport2024.pdf,yes,yes,yes,yes,补 EmissionFactor 引用、GWP 版本、能耗活动数据、经济工具/成本侧事实；没有披露时标注未披露，不得推断。,,,,,
r366_warnerbrosdiscovery,WARNER BROS. DISCOVERY,华纳兄弟探索公司,366,Scope 3,,,1.4352,25,WARNER BROS. DISCOVERY_2024_impact_report.pdf,C:\Users\lenovo\Desktop\一些任务\董敬轩\知识图谱\2024世界500强及碳中和报告\2024世界500强及碳中和报告\WARNER BROS. DISCOVERY_2024_impact_report.pdf,yes,yes,yes,yes,补 EmissionFactor 引用、GWP 版本、能耗活动数据、经济工具/成本侧事实；没有披露时标注未披露，不得推断。,,,,,
r369_jsainsbury,J. SAINSBURY,森宝利公司,369,Scope 3,,,25.652904,35,sainsburys-plan-for-better-report-2024-25.pdf,C:\Users\lenovo\Desktop\一些任务\董敬轩\知识图谱\2024世界500强及碳中和报告\2024世界500强及碳中和报告\sainsburys-plan-for-better-report-2024-25.pdf,yes,yes,yes,yes,补 EmissionFactor 引用、GWP 版本、能耗活动数据、经济工具/成本侧事实；没有披露时标注未披露，不得推断。,,,,,
r374_lufthansagroup,LUFTHANSA GROUP,汉莎集团,374,Scope 1,,,0.001,163,LH-AR-2024-e.pdf,C:\Users\lenovo\Desktop\一些任务\董敬轩\知识图谱\2024世界500强及碳中和报告\2024世界500强及碳中和报告\LH-AR-2024-e.pdf,yes,yes,yes,yes,补 EmissionFactor 引用、GWP 版本、能耗活动数据、经济工具/成本侧事实；没有披露时标注未披露，不得推断。,,,,,
r374_lufthansagroup,LUFTHANSA GROUP,汉莎集团,374,Scope 2,,,0.001,163,LH-AR-2024-e.pdf,C:\Users\lenovo\Desktop\一些任务\董敬轩\知识图谱\2024世界500强及碳中和报告\2024世界500强及碳中和报告\LH-AR-2024-e.pdf,yes,yes,yes,yes,补 EmissionFactor 引用、GWP 版本、能耗活动数据、经济工具/成本侧事实；没有披露时标注未披露，不得推断。,,,,,
r376_abbottlaboratories,ABBOTT LABORATORIES,雅培公司,376,Scope 1,,,0.002023,13,Abbott-2024-Global-Sustainability-Report-June-2025.pdf,C:\Users\lenovo\Desktop\一些任务\董敬轩\知识图谱\2024世界500强及碳中和报告\2024世界500强及碳中和报告\Abbott-2024-Global-Sustainability-Report-June-2025.pdf,yes,yes,yes,yes,补 EmissionFactor 引用、GWP 版本、能耗活动数据、经济工具/成本侧事实；没有披露时标注未披露，不得推断。,,,,,
r376_abbottlaboratories,ABBOTT LABORATORIES,雅培公司,376,Scope 2,Market-Based,,0.024999999999999998,47,Abbott-2024-Global-Sustainability-Report-June-2025.pdf,C:\Users\lenovo\Desktop\一些任务\董敬轩\知识图谱\2024世界500强及碳中和报告\2024世界500强及碳中和报告\Abbott-2024-Global-Sustainability-Report-June-2025.pdf,yes,yes,yes,yes,补 EmissionFactor 引用、GWP 版本、能耗活动数据、经济工具/成本侧事实；没有披露时标注未披露，不得推断。,,,,,
r376_abbottlaboratories,ABBOTT LABORATORIES,雅培公司,376,Scope 3,,,0.001,57,Abbott-2024-Global-Sustainability-Report-June-2025.pdf,C:\Users\lenovo\Desktop\一些任务\董敬轩\知识图谱\2024世界500强及碳中和报告\2024世界500强及碳中和报告\Abbott-2024-Global-Sustainability-Report-June-2025.pdf,yes,yes,yes,yes,补 EmissionFactor 引用、GWP 版本、能耗活动数据、经济工具/成本侧事实；没有披露时标注未披露，不得推断。,,,,,
r387_schneiderelectric,SCHNEIDER ELECTRIC,施耐德电气,387,Scope 1,,,0.10636,44,2024-SCHNEIDER ELECTRIC-sustainability-report_tcm564-513141.pdf,C:\Users\lenovo\Desktop\一些任务\董敬轩\知识图谱\2024世界500强及碳中和报告\2024世界500强及碳中和报告\2024-SCHNEIDER ELECTRIC-sustainability-report_tcm564-513141.pdf,yes,yes,yes,yes,补 EmissionFactor 引用、GWP 版本、能耗活动数据、经济工具/成本侧事实；没有披露时标注未披露，不得推断。,,,,,
r392_coop集团,Coop,Coop,392,Scope 1,,,0.203296,78,COOP GROUP Fortschrittsbericht-Nachhaltigkeit-2024_en.pdf,C:\Users\lenovo\Desktop\一些任务\董敬轩\知识图谱\2024世界500强及碳中和报告\2024世界500强及碳中和报告\COOP GROUP Fortschrittsbericht-Nachhaltigkeit-2024_en.pdf,yes,yes,yes,yes,补 EmissionFactor 引用、GWP 版本、能耗活动数据、经济工具/成本侧事实；没有披露时标注未披露，不得推断。,,,,,
r392_coop集团,Coop,Coop,392,Scope 2,Market-Based,,0.17168699999999998,79,COOP GROUP Fortschrittsbericht-Nachhaltigkeit-2024_en.pdf,C:\Users\lenovo\Desktop\一些任务\董敬轩\知识图谱\2024世界500强及碳中和报告\2024世界500强及碳中和报告\COOP GROUP Fortschrittsbericht-Nachhaltigkeit-2024_en.pdf,yes,yes,yes,yes,补 EmissionFactor 引用、GWP 版本、能耗活动数据、经济工具/成本侧事实；没有披露时标注未披露，不得推断。,,,,,
r392_coop集团,Coop,Coop,392,Scope 3,,,22.633056,53,COOP GROUP Fortschrittsbericht-Nachhaltigkeit-2024_en.pdf,C:\Users\lenovo\Desktop\一些任务\董敬轩\知识图谱\2024世界500强及碳中和报告\2024世界500强及碳中和报告\COOP GROUP Fortschrittsbericht-Nachhaltigkeit-2024_en.pdf,yes,yes,yes,yes,补 EmissionFactor 引用、GWP 版本、能耗活动数据、经济工具/成本侧事实；没有披露时标注未披露，不得推断。,,,,,
r395_pbfenergy公司,PBF Energy,PBF Energy,395,Scope 1,,,10.46,28,2024-PBF-Sustainability-Report.pdf,C:\Users\lenovo\Desktop\一些任务\董敬轩\知识图谱\2024世界500强及碳中和报告\2024世界500强及碳中和报告\2024-PBF-Sustainability-Report.pdf,yes,yes,yes,yes,补 EmissionFactor 引用、GWP 版本、能耗活动数据、经济工具/成本侧事实；没有披露时标注未披露，不得推断。,,,,,
r395_pbfenergy公司,PBF Energy,PBF Energy,395,Scope 2,Location-Based,,20.0,9,2024-PBF-Sustainability-Report.pdf,C:\Users\lenovo\Desktop\一些任务\董敬轩\知识图谱\2024世界500强及碳中和报告\2024世界500强及碳中和报告\2024-PBF-Sustainability-Report.pdf,yes,yes,yes,yes,补 EmissionFactor 引用、GWP 版本、能耗活动数据、经济工具/成本侧事实；没有披露时标注未披露，不得推断。,,,,,
r398_compassgroup,COMPASS GROUP,康帕斯集团,398,Scope 3,,,11.965107,10,COMPASS GROUP sustainability-report_2024.pdf,C:\Users\lenovo\Desktop\一些任务\董敬轩\知识图谱\2024世界500强及碳中和报告\2024世界500强及碳中和报告\COMPASS GROUP sustainability-report_2024.pdf,yes,yes,yes,yes,补 EmissionFactor 引用、GWP 版本、能耗活动数据、经济工具/成本侧事实；没有披露时标注未披露，不得推断。,,,,,
r400_gsk,GSK,葛兰素史克集团,400,Scope 1,,,0.000125,24,GSK-responsible-business-performance-report-2024.pdf,C:\Users\lenovo\Desktop\一些任务\董敬轩\知识图谱\2024世界500强及碳中和报告\2024世界500强及碳中和报告\GSK-responsible-business-performance-report-2024.pdf,yes,yes,yes,yes,补 EmissionFactor 引用、GWP 版本、能耗活动数据、经济工具/成本侧事实；没有披露时标注未披露，不得推断。,,,,,
r400_gsk,GSK,葛兰素史克集团,400,Scope 3,,,0.008624,25,GSK-responsible-business-performance-report-2024.pdf,C:\Users\lenovo\Desktop\一些任务\董敬轩\知识图谱\2024世界500强及碳中和报告\2024世界500强及碳中和报告\GSK-responsible-business-performance-report-2024.pdf,yes,yes,yes,yes,补 EmissionFactor 引用、GWP 版本、能耗活动数据、经济工具/成本侧事实；没有披露时标注未披露，不得推断。,,,,,
r401_suncorenergy,SUNCOR ENERGY,森科能源公司,401,Scope 1,,,27.34,74,2023_SUNCOR ENERGY_sustainability_report.pdf,C:\Users\lenovo\Desktop\一些任务\董敬轩\知识图谱\2024世界500强及碳中和报告\2024世界500强及碳中和报告\2023_SUNCOR ENERGY_sustainability_report.pdf,yes,yes,yes,yes,补 EmissionFactor 引用、GWP 版本、能耗活动数据、经济工具/成本侧事实；没有披露时标注未披露，不得推断。,,,,,
r401_suncorenergy,SUNCOR ENERGY,森科能源公司,401,Scope 2,,,1.47,74,2023_SUNCOR ENERGY_sustainability_report.pdf,C:\Users\lenovo\Desktop\一些任务\董敬轩\知识图谱\2024世界500强及碳中和报告\2024世界500强及碳中和报告\2023_SUNCOR ENERGY_sustainability_report.pdf,yes,yes,yes,yes,补 EmissionFactor 引用、GWP 版本、能耗活动数据、经济工具/成本侧事实；没有披露时标注未披露，不得推断。,,,,,
r413_honeywellinternational,HONEYWELL INTERNATIONAL,霍尼韦尔国际公司,413,Scope 1,,,1.5404849999999999,17,HONEYWELL INTERNATIONAL-2025-impact-report.pdf,C:\Users\lenovo\Desktop\一些任务\董敬轩\知识图谱\2024世界500强及碳中和报告\2024世界500强及碳中和报告\HONEYWELL INTERNATIONAL-2025-impact-report.pdf,yes,yes,yes,yes,补 EmissionFactor 引用、GWP 版本、能耗活动数据、经济工具/成本侧事实；没有披露时标注未披露，不得推断。,,,,,
r413_honeywellinternational,HONEYWELL INTERNATIONAL,霍尼韦尔国际公司,413,Scope 3,,,11.389635,61,HONEYWELL INTERNATIONAL-2025-impact-report.pdf,C:\Users\lenovo\Desktop\一些任务\董敬轩\知识图谱\2024世界500强及碳中和报告\2024世界500强及碳中和报告\HONEYWELL INTERNATIONAL-2025-impact-report.pdf,yes,yes,yes,yes,补 EmissionFactor 引用、GWP 版本、能耗活动数据、经济工具/成本侧事实；没有披露时标注未披露，不得推断。,,,,,
r415_sfholding,S.F. HOLDING,顺丰控股股份有限公司,415,Scope 1,,,2.8e-05,86,顺丰控股2024年度可持续发展报告.pdf,C:\Users\lenovo\Desktop\一些任务\董敬轩\知识图谱\2024世界500强及碳中和报告\2024世界500强及碳中和报告\顺丰控股2024年度可持续发展报告.pdf,yes,yes,yes,yes,补 EmissionFactor 引用、GWP 版本、能耗活动数据、经济工具/成本侧事实；没有披露时标注未披露，不得推断。,,,,,
r421_jardinematheson,JARDINE MATHESON,怡和集团,421,Scope 1,,,0.11950000000000001,92,2024_JARDINE MATHESON_sustainability_report.pdf,C:\Users\lenovo\Desktop\一些任务\董敬轩\知识图谱\2024世界500强及碳中和报告\2024世界500强及碳中和报告\2024_JARDINE MATHESON_sustainability_report.pdf,yes,yes,yes,yes,补 EmissionFactor 引用、GWP 版本、能耗活动数据、经济工具/成本侧事实；没有披露时标注未披露，不得推断。,,,,,
r421_jardinematheson,JARDINE MATHESON,怡和集团,421,Scope 2,Market-Based,,4.0,30,2024_JARDINE MATHESON_sustainability_report.pdf,C:\Users\lenovo\Desktop\一些任务\董敬轩\知识图谱\2024世界500强及碳中和报告\2024世界500强及碳中和报告\2024_JARDINE MATHESON_sustainability_report.pdf,yes,yes,yes,yes,补 EmissionFactor 引用、GWP 版本、能耗活动数据、经济工具/成本侧事实；没有披露时标注未披露，不得推断。,,,,,
r424_starbucks,STARBUCKS,星巴克公司,424,Scope 3,,,8.0,45,Starbucks-Fiscal-2024-Global-Impact-Report.pdf,C:\Users\lenovo\Desktop\一些任务\董敬轩\知识图谱\2024世界500强及碳中和报告\2024世界500强及碳中和报告\Starbucks-Fiscal-2024-Global-Impact-Report.pdf,yes,yes,yes,yes,补 EmissionFactor 引用、GWP 版本、能耗活动数据、经济工具/成本侧事实；没有披露时标注未披露，不得推断。,,,,,
r425_olamgroup,OLAM GROUP,新加坡奥兰集团,425,Scope 2,Location-Based,,3.3e-07,99,OLAM GROUP_annual_report_2024.pdf,C:\Users\lenovo\Desktop\一些任务\董敬轩\知识图谱\2024世界500强及碳中和报告\2024世界500强及碳中和报告\OLAM GROUP_annual_report_2024.pdf,yes,yes,yes,yes,补 EmissionFactor 引用、GWP 版本、能耗活动数据、经济工具/成本侧事实；没有披露时标注未披露，不得推断。,,,,,
r425_olamgroup,OLAM GROUP,新加坡奥兰集团,425,Scope 3,,,0.0020239999999999998,99,OLAM GROUP_annual_report_2024.pdf,C:\Users\lenovo\Desktop\一些任务\董敬轩\知识图谱\2024世界500强及碳中和报告\2024世界500强及碳中和报告\OLAM GROUP_annual_report_2024.pdf,yes,yes,yes,yes,补 EmissionFactor 引用、GWP 版本、能耗活动数据、经济工具/成本侧事实；没有披露时标注未披露，不得推断。,,,,,
r427_broadcom,BROADCOM,博通公司,427,Scope 1,,,0.053648999999999995,61,broadcom-2024-corpresponsibility-final.pdf,C:\Users\lenovo\Desktop\一些任务\董敬轩\知识图谱\2024世界500强及碳中和报告\2024世界500强及碳中和报告\broadcom-2024-corpresponsibility-final.pdf,yes,yes,yes,yes,补 EmissionFactor 引用、GWP 版本、能耗活动数据、经济工具/成本侧事实；没有披露时标注未披露，不得推断。,,,,,
r427_broadcom,BROADCOM,博通公司,427,Scope 2,Location-Based,,0.247381,61,broadcom-2024-corpresponsibility-final.pdf,C:\Users\lenovo\Desktop\一些任务\董敬轩\知识图谱\2024世界500强及碳中和报告\2024世界500强及碳中和报告\broadcom-2024-corpresponsibility-final.pdf,yes,yes,yes,yes,补 EmissionFactor 引用、GWP 版本、能耗活动数据、经济工具/成本侧事实；没有披露时标注未披露，不得推断。,,,,,
r427_broadcom,BROADCOM,博通公司,427,Scope 2,Market-Based,,0.16675199999999998,61,broadcom-2024-corpresponsibility-final.pdf,C:\Users\lenovo\Desktop\一些任务\董敬轩\知识图谱\2024世界500强及碳中和报告\2024世界500强及碳中和报告\broadcom-2024-corpresponsibility-final.pdf,yes,yes,yes,yes,补 EmissionFactor 引用、GWP 版本、能耗活动数据、经济工具/成本侧事实；没有披露时标注未披露，不得推断。,,,,,
r431_elo集团,ELO,ELO,431,Scope 1,,,2.0220000000000002,143,RFA_ELO_2024_EN-1.pdf,C:\Users\lenovo\Desktop\一些任务\董敬轩\知识图谱\2024世界500强及碳中和报告\2024世界500强及碳中和报告\RFA_ELO_2024_EN-1.pdf,yes,yes,yes,yes,补 EmissionFactor 引用、GWP 版本、能耗活动数据、经济工具/成本侧事实；没有披露时标注未披露，不得推断。,,,,,
r431_elo集团,ELO,ELO,431,Scope 2,Market-Based,,2.0220000000000002,143,RFA_ELO_2024_EN-1.pdf,C:\Users\lenovo\Desktop\一些任务\董敬轩\知识图谱\2024世界500强及碳中和报告\2024世界500强及碳中和报告\RFA_ELO_2024_EN-1.pdf,yes,yes,yes,yes,补 EmissionFactor 引用、GWP 版本、能耗活动数据、经济工具/成本侧事实；没有披露时标注未披露，不得推断。,,,,,
r434_drhorton公司,D.R. Horton,D.R. Horton,434,Scope 1,,,0.055299999999999995,77,d-r-horton-inc-fy2024-sustainability-report.pdf,C:\Users\lenovo\Desktop\一些任务\董敬轩\知识图谱\2024世界500强及碳中和报告\2024世界500强及碳中和报告\d-r-horton-inc-fy2024-sustainability-report.pdf,yes,yes,yes,yes,补 EmissionFactor 引用、GWP 版本、能耗活动数据、经济工具/成本侧事实；没有披露时标注未披露，不得推断。,,,,,
r434_drhorton公司,D.R. Horton,D.R. Horton,434,Scope 2,Market-Based,,0.058216,77,d-r-horton-inc-fy2024-sustainability-report.pdf,C:\Users\lenovo\Desktop\一些任务\董敬轩\知识图谱\2024世界500强及碳中和报告\2024世界500强及碳中和报告\d-r-horton-inc-fy2024-sustainability-report.pdf,yes,yes,yes,yes,补 EmissionFactor 引用、GWP 版本、能耗活动数据、经济工具/成本侧事实；没有披露时标注未披露，不得推断。,,,,,
r443_crh公司,CRH,CRH,443,Scope 1,,,27.237619,108,crh-2024-sustainability-performance-report_final_interactive-1.pdf,C:\Users\lenovo\Desktop\一些任务\董敬轩\知识图谱\2024世界500强及碳中和报告\2024世界500强及碳中和报告\crh-2024-sustainability-performance-report_final_interactive-1.pdf,yes,yes,yes,yes,补 EmissionFactor 引用、GWP 版本、能耗活动数据、经济工具/成本侧事实；没有披露时标注未披露，不得推断。,,,,,
r445_salesforce,SALESFORCE,赛富时,445,Scope 1,,,0.0020239999999999998,93,salesforce-fy24-stakeholder-impact-report.pdf,C:\Users\lenovo\Desktop\一些任务\董敬轩\知识图谱\2024世界500强及碳中和报告\2024世界500强及碳中和报告\salesforce-fy24-stakeholder-impact-report.pdf,yes,yes,yes,yes,补 EmissionFactor 引用、GWP 版本、能耗活动数据、经济工具/成本侧事实；没有披露时标注未披露，不得推断。,,,,,
r445_salesforce,SALESFORCE,赛富时,445,Scope 2,Location-Based,,0.27999999999999997,99,salesforce-fy24-stakeholder-impact-report.pdf,C:\Users\lenovo\Desktop\一些任务\董敬轩\知识图谱\2024世界500强及碳中和报告\2024世界500强及碳中和报告\salesforce-fy24-stakeholder-impact-report.pdf,yes,yes,yes,yes,补 EmissionFactor 引用、GWP 版本、能耗活动数据、经济工具/成本侧事实；没有披露时标注未披露，不得推断。,,,,,
r449_nationalaustraliabank,NATIONAL AUSTRALIA BANK,澳大利亚国民银行,449,Scope 1,,,41.0,41,2024-NATIONAL AUSTRALIA BANK-climate-report.pdf,C:\Users\lenovo\Desktop\一些任务\董敬轩\知识图谱\2024世界500强及碳中和报告\2024世界500强及碳中和报告\2024-NATIONAL AUSTRALIA BANK-climate-report.pdf,yes,yes,yes,yes,补 EmissionFactor 引用、GWP 版本、能耗活动数据、经济工具/成本侧事实；没有披露时标注未披露，不得推断。,,,,,
r450_sap公司,SAP,SAP,450,Scope 2,Location-Based,,2e-06,164,SAP integrated_report2024.pdf,C:\Users\lenovo\Desktop\一些任务\董敬轩\知识图谱\2024世界500强及碳中和报告\2024世界500强及碳中和报告\SAP integrated_report2024.pdf,yes,yes,yes,yes,补 EmissionFactor 引用、GWP 版本、能耗活动数据、经济工具/成本侧事实；没有披露时标注未披露，不得推断。,,,,,
r450_sap公司,SAP,SAP,450,Scope 3,,,5.4999999999999995e-05,161,SAP integrated_report2024.pdf,C:\Users\lenovo\Desktop\一些任务\董敬轩\知识图谱\2024世界500强及碳中和报告\2024世界500强及碳中和报告\SAP integrated_report2024.pdf,yes,yes,yes,yes,补 EmissionFactor 引用、GWP 版本、能耗活动数据、经济工具/成本侧事实；没有披露时标注未披露，不得推断。,,,,,
r455_elililly,ELI LILLY,美国礼来公司,455,Scope 3,,,6.1739999999999995,15,2024_ELI LILLY-SustainabilityReport-20251020_FINAL.pdf,C:\Users\lenovo\Desktop\一些任务\董敬轩\知识图谱\2024世界500强及碳中和报告\2024世界500强及碳中和报告\2024_ELI LILLY-SustainabilityReport-20251020_FINAL.pdf,yes,yes,yes,yes,补 EmissionFactor 引用、GWP 版本、能耗活动数据、经济工具/成本侧事实；没有披露时标注未披露，不得推断。,,,,,
r456_koreagas,KOREA GAS,韩国天然气公司,456,Scope 3,,,0.0020239999999999998,147,KOGAS 2025 SUSTAINABILITY REPORT(A4).pdf,C:\Users\lenovo\Desktop\一些任务\董敬轩\知识图谱\2024世界500强及碳中和报告\2024世界500强及碳中和报告\KOGAS 2025 SUSTAINABILITY REPORT(A4).pdf,yes,yes,yes,yes,补 EmissionFactor 引用、GWP 版本、能耗活动数据、经济工具/成本侧事实；没有披露时标注未披露，不得推断。,,,,,
r464_britishamericantobacco,BRITISH AMERICAN TOBACCO,英美烟草集团,464,Scope 1,,,0.342034,140,BRITISH AMERICAN TOBACCO_Annual_Report_on_Form_20-F_2024.pdf,C:\Users\lenovo\Desktop\一些任务\董敬轩\知识图谱\2024世界500强及碳中和报告\2024世界500强及碳中和报告\BRITISH AMERICAN TOBACCO_Annual_Report_on_Form_20-F_2024.pdf,yes,yes,yes,yes,补 EmissionFactor 引用、GWP 版本、能耗活动数据、经济工具/成本侧事实；没有披露时标注未披露，不得推断。,,,,,
r466_bankofnewyorkmellon,BANK OF NEW YORK MELLON,纽约梅隆银行,466,Scope 1,,,0.008005,63,2023-BANK OF NEW YORK MELLON sustainability-report.pdf,C:\Users\lenovo\Desktop\一些任务\董敬轩\知识图谱\2024世界500强及碳中和报告\2024世界500强及碳中和报告\2023-BANK OF NEW YORK MELLON sustainability-report.pdf,yes,yes,yes,yes,补 EmissionFactor 引用、GWP 版本、能耗活动数据、经济工具/成本侧事实；没有披露时标注未披露，不得推断。,,,,,
r466_bankofnewyorkmellon,BANK OF NEW YORK MELLON,纽约梅隆银行,466,Scope 2,Market-Based,,0.00645,63,2023-BANK OF NEW YORK MELLON sustainability-report.pdf,C:\Users\lenovo\Desktop\一些任务\董敬轩\知识图谱\2024世界500强及碳中和报告\2024世界500强及碳中和报告\2023-BANK OF NEW YORK MELLON sustainability-report.pdf,yes,yes,yes,yes,补 EmissionFactor 引用、GWP 版本、能耗活动数据、经济工具/成本侧事实；没有披露时标注未披露，不得推断。,,,,,
r469_novonordisk,NOVO NORDISK,诺和诺德公司,469,Scope 3,,,1.5,55,novo-nordisk-annual-report-2024.pdf,C:\Users\lenovo\Desktop\一些任务\董敬轩\知识图谱\2024世界500强及碳中和报告\2024世界500强及碳中和报告\novo-nordisk-annual-report-2024.pdf,yes,yes,yes,yes,补 EmissionFactor 引用、GWP 版本、能耗活动数据、经济工具/成本侧事实；没有披露时标注未披露，不得推断。,,,,,
r478_siemensenergy,SIEMENS ENERGY,西门子能源,478,Scope 3,,,0.0020239999999999998,85,SIEMENS ENERGY-sustainability-report-2024-pdf_Original%20file.pdf,C:\Users\lenovo\Desktop\一些任务\董敬轩\知识图谱\2024世界500强及碳中和报告\2024世界500强及碳中和报告\SIEMENS ENERGY-sustainability-report-2024-pdf_Original%20file.pdf,yes,yes,yes,yes,补 EmissionFactor 引用、GWP 版本、能耗活动数据、经济工具/成本侧事实；没有披露时标注未披露，不得推断。,,,,,
r480_ecopetrol,ECOPETROL,哥伦比亚国家石油公司,480,Scope 1,,,11.817212999999999,395,2024-ECOPETROL-integrated-management-report.pdf,C:\Users\lenovo\Desktop\一些任务\董敬轩\知识图谱\2024世界500强及碳中和报告\2024世界500强及碳中和报告\2024-ECOPETROL-integrated-management-report.pdf,yes,yes,yes,yes,补 EmissionFactor 引用、GWP 版本、能耗活动数据、经济工具/成本侧事实；没有披露时标注未披露，不得推断。,,,,,
r480_ecopetrol,ECOPETROL,哥伦比亚国家石油公司,480,Scope 2,Location-Based,,0.704342,297,2024-ECOPETROL-integrated-management-report.pdf,C:\Users\lenovo\Desktop\一些任务\董敬轩\知识图谱\2024世界500强及碳中和报告\2024世界500强及碳中和报告\2024-ECOPETROL-integrated-management-report.pdf,yes,yes,yes,yes,补 EmissionFactor 引用、GWP 版本、能耗活动数据、经济工具/成本侧事实；没有披露时标注未披露，不得推断。,,,,,
r480_ecopetrol,ECOPETROL,哥伦比亚国家石油公司,480,Scope 2,Market-Based,,0.859892,297,2024-ECOPETROL-integrated-management-report.pdf,C:\Users\lenovo\Desktop\一些任务\董敬轩\知识图谱\2024世界500强及碳中和报告\2024世界500强及碳中和报告\2024-ECOPETROL-integrated-management-report.pdf,yes,yes,yes,yes,补 EmissionFactor 引用、GWP 版本、能耗活动数据、经济工具/成本侧事实；没有披露时标注未披露，不得推断。,,,,,
r480_ecopetrol,ECOPETROL,哥伦比亚国家石油公司,480,Scope 3,,,151.117258,297,2024-ECOPETROL-integrated-management-report.pdf,C:\Users\lenovo\Desktop\一些任务\董敬轩\知识图谱\2024世界500强及碳中和报告\2024世界500强及碳中和报告\2024-ECOPETROL-integrated-management-report.pdf,yes,yes,yes,yes,补 EmissionFactor 引用、GWP 版本、能耗活动数据、经济工具/成本侧事实；没有披露时标注未披露，不得推断。,,,,,
r481_arrowelectronics,ARROW ELECTRONICS,艾睿电子,481,Scope 2,Market-Based,,0.026896,80,2024-ARROW ELECTRONICS-Corporate-Stewardship-and-Impact-Report-1.pdf,C:\Users\lenovo\Desktop\一些任务\董敬轩\知识图谱\2024世界500强及碳中和报告\2024世界500强及碳中和报告\2024-ARROW ELECTRONICS-Corporate-Stewardship-and-Impact-Report-1.pdf,yes,yes,yes,yes,补 EmissionFactor 引用、GWP 版本、能耗活动数据、经济工具/成本侧事实；没有披露时标注未披露，不得推断。,,,,,
r481_arrowelectronics,ARROW ELECTRONICS,艾睿电子,481,Scope 3,,,9.05301,81,2024-ARROW ELECTRONICS-Corporate-Stewardship-and-Impact-Report-1.pdf,C:\Users\lenovo\Desktop\一些任务\董敬轩\知识图谱\2024世界500强及碳中和报告\2024世界500强及碳中和报告\2024-ARROW ELECTRONICS-Corporate-Stewardship-and-Impact-Report-1.pdf,yes,yes,yes,yes,补 EmissionFactor 引用、GWP 版本、能耗活动数据、经济工具/成本侧事实；没有披露时标注未披露，不得推断。,,,,,
r482_jerónimomartins公司,Jerónimo Martins,Jerónimo Martins,482,Scope 1,,,0.086895,184,Jerónimo Martins公司-nfr-corporate-responsibility-jeronimomartins-ar24.pdf,C:\Users\lenovo\Desktop\一些任务\董敬轩\知识图谱\2024世界500强及碳中和报告\2024世界500强及碳中和报告\Jerónimo Martins公司-nfr-corporate-responsibility-jeronimomartins-ar24.pdf,yes,yes,yes,yes,补 EmissionFactor 引用、GWP 版本、能耗活动数据、经济工具/成本侧事实；没有披露时标注未披露，不得推断。,,,,,
r482_jerónimomartins公司,Jerónimo Martins,Jerónimo Martins,482,Scope 3,,,0.016177999999999998,184,Jerónimo Martins公司-nfr-corporate-responsibility-jeronimomartins-ar24.pdf,C:\Users\lenovo\Desktop\一些任务\董敬轩\知识图谱\2024世界500强及碳中和报告\2024世界500强及碳中和报告\Jerónimo Martins公司-nfr-corporate-responsibility-jeronimomartins-ar24.pdf,yes,yes,yes,yes,补 EmissionFactor 引用、GWP 版本、能耗活动数据、经济工具/成本侧事实；没有披露时标注未披露，不得推断。,,,,,
r486_linde,LINDE,林德集团,486,Scope 1,,,16.47,99,2024-LINDE-sustainable-development-report.pdf,C:\Users\lenovo\Desktop\一些任务\董敬轩\知识图谱\2024世界500强及碳中和报告\2024世界500强及碳中和报告\2024-LINDE-sustainable-development-report.pdf,yes,yes,yes,yes,补 EmissionFactor 引用、GWP 版本、能耗活动数据、经济工具/成本侧事实；没有披露时标注未披露，不得推断。,,,,,
r486_linde,LINDE,林德集团,486,Scope 2,Market-Based,,20.942999999999998,59,2024-LINDE-sustainable-development-report.pdf,C:\Users\lenovo\Desktop\一些任务\董敬轩\知识图谱\2024世界500强及碳中和报告\2024世界500强及碳中和报告\2024-LINDE-sustainable-development-report.pdf,yes,yes,yes,yes,补 EmissionFactor 引用、GWP 版本、能耗活动数据、经济工具/成本侧事实；没有披露时标注未披露，不得推断。,,,,,
r486_linde,LINDE,林德集团,486,Scope 3,,,0.53,99,2024-LINDE-sustainable-development-report.pdf,C:\Users\lenovo\Desktop\一些任务\董敬轩\知识图谱\2024世界500强及碳中和报告\2024世界500强及碳中和报告\2024-LINDE-sustainable-development-report.pdf,yes,yes,yes,yes,补 EmissionFactor 引用、GWP 版本、能耗活动数据、经济工具/成本侧事实；没有披露时标注未披露，不得推断。,,,,,
r487_heineken,HEINEKEN,喜力公司,487,Scope 2,,,0.1,177,heineken_n_v_annual_report_2024_final_20feb2025.pdf,C:\Users\lenovo\Desktop\一些任务\董敬轩\知识图谱\2024世界500强及碳中和报告\2024世界500强及碳中和报告\heineken_n_v_annual_report_2024_final_20feb2025.pdf,yes,yes,yes,yes,补 EmissionFactor 引用、GWP 版本、能耗活动数据、经济工具/成本侧事实；没有披露时标注未披露，不得推断。,,,,,
r487_heineken,HEINEKEN,喜力公司,487,Scope 3,,,14.8,177,heineken_n_v_annual_report_2024_final_20feb2025.pdf,C:\Users\lenovo\Desktop\一些任务\董敬轩\知识图谱\2024世界500强及碳中和报告\2024世界500强及碳中和报告\heineken_n_v_annual_report_2024_final_20feb2025.pdf,yes,yes,yes,yes,补 EmissionFactor 引用、GWP 版本、能耗活动数据、经济工具/成本侧事实；没有披露时标注未披露，不得推断。,,,,,
