trace_review_priority_rank,world500_rank,company_id,company_name_en,company_name_zh,source_trace_gap_type,source_trace_gap_type_zh,blocking_stage,required_action_zh,acceptance_criteria_zh,has_matched_report,report_match_status,matched_source_file,recommended_source_file,page_count,review_queue_issue_type,evidence_ledger_count_raw,traceable_evidence_row_count,accepted_traceable_evidence_count,formal_traceable_evidence_count,candidate_traceable_evidence_count,missing_source_file_row_count,missing_evidence_page_row_count,missing_snippet_row_count,source_attribution_mismatch_count,reviewer_confirm_parent_report,reviewer_confirm_page_text_available,reviewer_added_evidence_rows,reviewer_decision,reviewer_note_zh
1,3,r003_stategrid,STATE GRID,国家电网有限公司,no_parent_report,缺母公司报告,P0_source_matching,先补母公司 ESG/可持续发展/气候报告；确认不是子公司、同名企业或错误简称后再抽取页码和原文。,确认母公司主报告；记录 source_file/source_path/report_year/page_count；不得使用子公司、同名企业或误匹配报告。,False,unmatched,,,0,report_unmatched,0,0,0,0,0,0,0,0,0,,,,,
2,9,r009_berkshirehathaway,BERKSHIRE HATHAWAY,伯克希尔－哈撒韦公司,no_parent_report,缺母公司报告,P0_source_matching,先补母公司 ESG/可持续发展/气候报告；确认不是子公司、同名企业或错误简称后再抽取页码和原文。,确认母公司主报告；记录 source_file/source_path/report_year/page_count；不得使用子公司、同名企业或误匹配报告。,False,unmatched,,,0,report_unmatched,0,0,0,0,0,0,0,0,0,,,,,
3,40,r040_elevancehealth公司,Elevance Health公司,Elevance Health公司,no_parent_report,缺母公司报告,P0_source_matching,先补母公司 ESG/可持续发展/气候报告；确认不是子公司、同名企业或错误简称后再抽取页码和原文。,确认母公司主报告；记录 source_file/source_path/report_year/page_count；不得使用子公司、同名企业或误匹配报告。,False,unmatched,,,0,report_unmatched,0,0,0,0,0,0,0,0,0,,,,,
4,43,r043_chinarailwayconstruction,CHINA RAILWAY CONSTRUCTION,中国铁道建筑集团有限公司,no_parent_report,缺母公司报告,P0_source_matching,先补母公司 ESG/可持续发展/气候报告；确认不是子公司、同名企业或错误简称后再抽取页码和原文。,确认母公司主报告；记录 source_file/source_path/report_year/page_count；不得使用子公司、同名企业或误匹配报告。,False,unmatched,,,0,report_unmatched,0,0,0,0,0,0,0,0,0,,,,,
5,51,r051_kroger,KROGER,克罗格,no_parent_report,缺母公司报告,P0_source_matching,先补母公司 ESG/可持续发展/气候报告；确认不是子公司、同名企业或错误简称后再抽取页码和原文。,确认母公司主报告；记录 source_file/source_path/report_year/page_count；不得使用子公司、同名企业或误匹配报告。,False,unmatched,,,0,report_unmatched,0,0,0,0,0,0,0,0,0,,,,,
6,64,r064_bnpparibas,BNP PARIBAS,法国巴黎银行,no_parent_report,缺母公司报告,P0_source_matching,先补母公司 ESG/可持续发展/气候报告；确认不是子公司、同名企业或错误简称后再抽取页码和原文。,确认母公司主报告；记录 source_file/source_path/report_year/page_count；不得使用子公司、同名企业或误匹配报告。,False,unmatched,bp-sustainability-report-2024.pdf,bp-sustainability-report-2024.pdf,0,report_unmatched,0,0,0,0,0,0,0,0,0,,,,,
7,75,r075_shandongenergygroup,SHANDONG ENERGY GROUP,山东能源集团有限公司,no_parent_report,缺母公司报告,P0_source_matching,先补母公司 ESG/可持续发展/气候报告；确认不是子公司、同名企业或错误简称后再抽取页码和原文。,确认母公司主报告；记录 source_file/source_path/report_year/page_count；不得使用子公司、同名企业或误匹配报告。,False,unmatched,,,0,report_unmatched,0,0,0,0,0,0,0,0,0,,,,,
8,76,r076_comcast,COMCAST,美国康卡斯特电信公司,no_parent_report,缺母公司报告,P0_source_matching,先补母公司 ESG/可持续发展/气候报告；确认不是子公司、同名企业或错误简称后再抽取页码和原文。,确认母公司主报告；记录 source_file/source_path/report_year/page_count；不得使用子公司、同名企业或误匹配报告。,False,unmatched,,,0,report_unmatched,0,0,0,0,0,0,0,0,0,,,,,
9,80,r080_wellsfargo,WELLS FARGO,美国富国银行,no_parent_report,缺母公司报告,P0_source_matching,先补母公司 ESG/可持续发展/气候报告；确认不是子公司、同名企业或错误简称后再抽取页码和原文。,确认母公司主报告；记录 source_file/source_path/report_year/page_count；不得使用子公司、同名企业或误匹配报告。,False,unmatched,,,0,report_unmatched,0,0,0,0,0,0,0,0,0,,,,,
10,81,r081_hengligroup,HENGLI GROUP,恒力集团有限公司,no_parent_report,缺母公司报告,P0_source_matching,先补母公司 ESG/可持续发展/气候报告；确认不是子公司、同名企业或错误简称后再抽取页码和原文。,确认母公司主报告；记录 source_file/source_path/report_year/page_count；不得使用子公司、同名企业或误匹配报告。,False,unmatched,,,0,report_unmatched,0,0,0,0,0,0,0,0,0,,,,,
11,83,r083_chinapostgroup,CHINA POST GROUP,中国邮政集团有限公司,no_parent_report,缺母公司报告,P0_source_matching,先补母公司 ESG/可持续发展/气候报告；确认不是子公司、同名企业或错误简称后再抽取页码和原文。,确认母公司主报告；记录 source_file/source_path/report_year/page_count；不得使用子公司、同名企业或误匹配报告。,False,unmatched,,,0,report_unmatched,0,0,0,0,0,0,0,0,0,,,,,
12,87,r087_goldmansachsgroup,GOLDMAN SACHS GROUP,高盛集团,no_parent_report,缺母公司报告,P0_source_matching,先补母公司 ESG/可持续发展/气候报告；确认不是子公司、同名企业或错误简称后再抽取页码和原文。,确认母公司主报告；记录 source_file/source_path/report_year/page_count；不得使用子公司、同名企业或误匹配报告。,False,unmatched_manual,,,0,,0,0,0,0,0,0,0,0,0,,,,,
13,88,r088_freddiemac,FREDDIE MAC,房地美,no_parent_report,缺母公司报告,P0_source_matching,先补母公司 ESG/可持续发展/气候报告；确认不是子公司、同名企业或错误简称后再抽取页码和原文。,确认母公司主报告；记录 source_file/source_path/report_year/page_count；不得使用子公司、同名企业或误匹配报告。,False,unmatched,,,0,report_unmatched,0,0,0,0,0,0,0,0,0,,,,,
14,92,r092_humana,HUMANA,哈门那公司,no_parent_report,缺母公司报告,P0_source_matching,先补母公司 ESG/可持续发展/气候报告；确认不是子公司、同名企业或错误简称后再抽取页码和原文。,确认母公司主报告；记录 source_file/source_path/report_year/page_count；不得使用子公司、同名企业或误匹配报告。,False,unmatched,,,0,report_unmatched,0,0,0,0,0,0,0,0,0,,,,,
15,99,r099_petrobras,PETROBRAS,巴西国家石油公司,no_parent_report,缺母公司报告,P0_source_matching,先补母公司 ESG/可持续发展/气候报告；确认不是子公司、同名企业或错误简称后再抽取页码和原文。,确认母公司主报告；记录 source_file/source_path/report_year/page_count；不得使用子公司、同名企业或误匹配报告。,False,unmatched,,,0,report_unmatched,0,0,0,0,0,0,0,0,0,,,,,
16,102,r102_gazprom,GAZPROM,俄罗斯天然气工业股份公司,no_parent_report,缺母公司报告,P0_source_matching,先补母公司 ESG/可持续发展/气候报告；确认不是子公司、同名企业或错误简称后再抽取页码和原文。,确认母公司主报告；记录 source_file/source_path/report_year/page_count；不得使用子公司、同名企业或误匹配报告。,False,unmatched,,,0,report_unmatched,0,0,0,0,0,0,0,0,0,,,,,
146,104,r104_sociétégénérale,SOCIÉTÉ GÉNÉRALE,法国兴业银行,no_evidence_ledger,已匹配报告但未抽证据,P1_evidence_extraction,从已匹配母公司报告重新抽取标准、方法、数据来源、Scope 数值和原文片段，至少形成一条正式可追溯证据。,从已匹配母公司报告中至少抽取一条正式证据：source_file、page、原文片段、判定依据必须完整，并说明标准/方法/数据来源/排放值中的哪一类事实。,True,matched_auto_high,SOCIÉTÉ GÉNÉRALE-ag-2025-bilan-social-2024-fr.pdf,,33,evidence_gap,0,0,0,0,0,0,0,0,0,,,,,
17,106,r106_cofco,COFCO,中粮集团有限公司,no_parent_report,缺母公司报告,P0_source_matching,先补母公司 ESG/可持续发展/气候报告；确认不是子公司、同名企业或错误简称后再抽取页码和原文。,确认母公司主报告；记录 source_file/source_path/report_year/page_count；不得使用子公司、同名企业或误匹配报告。,False,unmatched,,,0,report_unmatched,0,0,0,0,0,0,0,0,0,,,,,
18,109,r109_pemex,PEMEX,墨西哥石油公司,no_parent_report,缺母公司报告,P0_source_matching,先补母公司 ESG/可持续发展/气候报告；确认不是子公司、同名企业或错误简称后再抽取页码和原文。,确认母公司主报告；记录 source_file/source_path/report_year/page_count；不得使用子公司、同名企业或误匹配报告。,False,unmatched,,,0,report_unmatched,0,0,0,0,0,0,0,0,0,,,,,
19,118,r118_créditagricole,CRÉDIT AGRICOLE,法国农业信贷银行,no_parent_report,缺母公司报告,P0_source_matching,先补母公司 ESG/可持续发展/气候报告；确认不是子公司、同名企业或错误简称后再抽取页码和原文。,确认母公司主报告；记录 source_file/source_path/report_year/page_count；不得使用子公司、同名企业或误匹配报告。,False,unmatched,,,0,report_unmatched,0,0,0,0,0,0,0,0,0,,,,,
20,138,r138_zhejiangrongshengholdinggroup,ZHEJIANG RONGSHENG HOLDING GROUP,浙江荣盛控股集团有限公司,no_parent_report,缺母公司报告,P0_source_matching,先补母公司 ESG/可持续发展/气候报告；确认不是子公司、同名企业或错误简称后再抽取页码和原文。,确认母公司主报告；记录 source_file/source_path/report_year/page_count；不得使用子公司、同名企业或误匹配报告。,False,unmatched,,,0,report_unmatched,0,0,0,0,0,0,0,0,0,,,,,
21,142,r142_xiamenitgholdinggroup,XIAMEN ITG HOLDING GROUP,厦门国贸控股集团有限公司,no_parent_report,缺母公司报告,P0_source_matching,先补母公司 ESG/可持续发展/气候报告；确认不是子公司、同名企业或错误简称后再抽取页码和原文。,确认母公司主报告；记录 source_file/source_path/report_year/page_count；不得使用子公司、同名企业或误匹配报告。,False,unmatched,,,0,report_unmatched,0,0,0,0,0,0,0,0,0,,,,,
22,147,r147_aviationindustrycorpofchina,AVIATION INDUSTRY CORP. OF CHINA,中国航空工业集团有限公司,no_parent_report,缺母公司报告,P0_source_matching,先补母公司 ESG/可持续发展/气候报告；确认不是子公司、同名企业或错误简称后再抽取页码和原文。,确认母公司主报告；记录 source_file/source_path/report_year/page_count；不得使用子公司、同名企业或误匹配报告。,False,unmatched,,,0,report_unmatched,0,0,0,0,0,0,0,0,0,,,,,
23,155,r155_energytransfer公司,Energy Transfer公司,Energy Transfer公司,no_parent_report,缺母公司报告,P0_source_matching,先补母公司 ESG/可持续发展/气候报告；确认不是子公司、同名企业或错误简称后再抽取页码和原文。,确认母公司主报告；记录 source_file/source_path/report_year/page_count；不得使用子公司、同名企业或误匹配报告。,False,unmatched,,,0,report_unmatched,0,0,0,0,0,0,0,0,0,,,,,
24,160,r160_chinanorthindustriesgroup,CHINA NORTH INDUSTRIES GROUP,中国兵器工业集团有限公司,no_parent_report,缺母公司报告,P0_source_matching,先补母公司 ESG/可持续发展/气候报告；确认不是子公司、同名企业或错误简称后再抽取页码和原文。,确认母公司主报告；记录 source_file/source_path/report_year/page_count；不得使用子公司、同名企业或误匹配报告。,False,unmatched,,,0,report_unmatched,0,0,0,0,0,0,0,0,0,,,,,
25,161,r161_pacificconstructiongroup,PACIFIC CONSTRUCTION GROUP,太平洋建设集团有限公司,no_parent_report,缺母公司报告,P0_source_matching,先补母公司 ESG/可持续发展/气候报告；确认不是子公司、同名企业或错误简称后再抽取页码和原文。,确认母公司主报告；记录 source_file/source_path/report_year/page_count；不得使用子公司、同名企业或误匹配报告。,False,unmatched,,,0,report_unmatched,0,0,0,0,0,0,0,0,0,,,,,
26,167,r167_petronas,PETRONAS,马来西亚国家石油公司,no_parent_report,缺母公司报告,P0_source_matching,先补母公司 ESG/可持续发展/气候报告；确认不是子公司、同名企业或错误简称后再抽取页码和原文。,确认母公司主报告；记录 source_file/source_path/report_year/page_count；不得使用子公司、同名企业或误匹配报告。,False,unmatched,,,0,report_unmatched,0,0,0,0,0,0,0,0,0,,,,,
27,170,r170_shaanxicoalandchemicalindustry,SHAANXI COAL & CHEMICAL INDUSTRY,陕西煤业化工集团有限责任公司,no_parent_report,缺母公司报告,P0_source_matching,先补母公司 ESG/可持续发展/气候报告；确认不是子公司、同名企业或错误简称后再抽取页码和原文。,确认母公司主报告；记录 source_file/source_path/report_year/page_count；不得使用子公司、同名企业或误匹配报告。,False,unmatched,,,0,report_unmatched,0,0,0,0,0,0,0,0,0,,,,,
28,171,r171_shenghongholdinggroup,SHENGHONG HOLDING GROUP,盛虹控股集团有限公司,no_parent_report,缺母公司报告,P0_source_matching,先补母公司 ESG/可持续发展/气候报告；确认不是子公司、同名企业或错误简称后再抽取页码和原文。,确认母公司主报告；记录 source_file/source_path/report_year/page_count；不得使用子公司、同名企业或误匹配报告。,False,unmatched,,,0,report_unmatched,0,0,0,0,0,0,0,0,0,,,,,
29,172,r172_basf,BASF,巴斯夫公司,no_parent_report,缺母公司报告,P0_source_matching,先补母公司 ESG/可持续发展/气候报告；确认不是子公司、同名企业或错误简称后再抽取页码和原文。,确认母公司主报告；记录 source_file/source_path/report_year/page_count；不得使用子公司、同名企业或误匹配报告。,False,unmatched,,,0,report_unmatched,0,0,0,0,0,0,0,0,0,,,,,
30,173,r173_chinapolygroup,CHINA POLY GROUP,中国保利集团有限公司,no_parent_report,缺母公司报告,P0_source_matching,先补母公司 ESG/可持续发展/气候报告；确认不是子公司、同名企业或错误简称后再抽取页码和原文。,确认母公司主报告；记录 source_file/source_path/report_year/page_count；不得使用子公司、同名企业或误匹配报告。,False,unmatched,,,0,report_unmatched,0,0,0,0,0,0,0,0,0,,,,,
31,175,r175_shandongweiqiaopioneeringgroup,SHANDONG WEIQIAO PIONEERING GROUP,山东魏桥创业集团有限公司,no_parent_report,缺母公司报告,P0_source_matching,先补母公司 ESG/可持续发展/气候报告；确认不是子公司、同名企业或错误简称后再抽取页码和原文。,确认母公司主报告；记录 source_file/source_path/report_year/page_count；不得使用子公司、同名企业或误匹配报告。,False,unmatched,,,0,report_unmatched,0,0,0,0,0,0,0,0,0,,,,,
32,180,r180_oilandnaturalgas,OIL & NATURAL GAS,印度石油天然气公司,no_parent_report,缺母公司报告,P0_source_matching,先补母公司 ESG/可持续发展/气候报告；确认不是子公司、同名企业或错误简称后再抽取页码和原文。,确认母公司主报告；记录 source_file/source_path/report_year/page_count；不得使用子公司、同名企业或误匹配报告。,False,unmatched,,,0,report_unmatched,0,0,0,0,0,0,0,0,0,,,,,
33,187,r187_xmxyg,XMXYG,厦门象屿集团有限公司,no_parent_report,缺母公司报告,P0_source_matching,先补母公司 ESG/可持续发展/气候报告；确认不是子公司、同名企业或错误简称后再抽取页码和原文。,确认母公司主报告；记录 source_file/source_path/report_year/page_count；不得使用子公司、同名企业或误匹配报告。,False,unmatched,,,0,report_unmatched,0,0,0,0,0,0,0,0,0,,,,,
34,188,r188_rtx,RTX,雷神技术公司,no_parent_report,缺母公司报告,P0_source_matching,先补母公司 ESG/可持续发展/气候报告；确认不是子公司、同名企业或错误简称后再抽取页码和原文。,确认母公司主报告；记录 source_file/source_path/report_year/page_count；不得使用子公司、同名企业或误匹配报告。,False,unmatched,,,0,report_unmatched,0,0,0,0,0,0,0,0,0,,,,,
35,194,r194_koc集团,KOC集团,KOC集团,no_parent_report,缺母公司报告,P0_source_matching,先补母公司 ESG/可持续发展/气候报告；确认不是子公司、同名企业或错误简称后再抽取页码和原文。,确认母公司主报告；记录 source_file/source_path/report_year/page_count；不得使用子公司、同名企业或误匹配报告。,False,unmatched,,,0,report_unmatched,0,0,0,0,0,0,0,0,0,,,,,
36,210,r210_unilever,UNILEVER,联合利华,no_parent_report,缺母公司报告,P0_source_matching,先补母公司 ESG/可持续发展/气候报告；确认不是子公司、同名企业或错误简称后再抽取页码和原文。,确认母公司主报告；记录 source_file/source_path/report_year/page_count；不得使用子公司、同名企业或误匹配报告。,False,unmatched,,,0,report_unmatched,0,0,0,0,0,0,0,0,0,,,,,
37,213,r213_jinnengholdinggroup,JINNENG HOLDING GROUP,晋能控股集团有限公司,no_parent_report,缺母公司报告,P0_source_matching,先补母公司 ESG/可持续发展/气候报告；确认不是子公司、同名企业或错误简称后再抽取页码和原文。,确认母公司主报告；记录 source_file/source_path/report_year/page_count；不得使用子公司、同名企业或误匹配报告。,False,unmatched,,,0,report_unmatched,0,0,0,0,0,0,0,0,0,,,,,
38,216,r216_sberbank,SBERBANK,俄罗斯联邦储蓄银行,no_parent_report,缺母公司报告,P0_source_matching,先补母公司 ESG/可持续发展/气候报告；确认不是子公司、同名企业或错误简称后再抽取页码和原文。,确认母公司主报告；记录 source_file/source_path/report_year/page_count；不得使用子公司、同名企业或误匹配报告。,False,unmatched,,,0,report_unmatched,0,0,0,0,0,0,0,0,0,,,,,
39,218,r218_progressive,PROGRESSIVE,前进保险公司,no_parent_report,缺母公司报告,P0_source_matching,先补母公司 ESG/可持续发展/气候报告；确认不是子公司、同名企业或错误简称后再抽取页码和原文。,确认母公司主报告；记录 source_file/source_path/report_year/page_count；不得使用子公司、同名企业或误匹配报告。,False,unmatched,,,0,report_unmatched,0,0,0,0,0,0,0,0,0,,,,,
147,219,r219_internationalbusinessmachines,INTERNATIONAL BUSINESS MACHINES,国际商业机器公司,source_attribution_mismatch,证据来源归属不匹配,P1_evidence_extraction,核对 evidence_ledger 的 source_file 是否属于该公司母公司报告；跨公司来源必须删除或重新归属。,核对证据来源是否属于该公司母公司报告；跨公司来源必须删除、重新匹配或重新抽取。,False,unmatched,,,0,report_unmatched,4,4,0,0,0,0,0,0,4,,,,,
40,229,r229_merck,MERCK,默沙东,no_parent_report,缺母公司报告,P0_source_matching,先补母公司 ESG/可持续发展/气候报告；确认不是子公司、同名企业或错误简称后再抽取页码和原文。,确认母公司主报告；记录 source_file/source_path/report_year/page_count；不得使用子公司、同名企业或误匹配报告。,False,unmatched,,,0,report_unmatched,0,0,0,0,0,0,0,0,0,,,,,
41,232,r232_industrialbank,INDUSTRIAL BANK,兴业银行股份有限公司,no_parent_report,缺母公司报告,P0_source_matching,先补母公司 ESG/可持续发展/气候报告；确认不是子公司、同名企业或错误简称后再抽取页码和原文。,确认母公司主报告；记录 source_file/source_path/report_year/page_count；不得使用子公司、同名企业或误匹配报告。,False,unmatched,,,0,report_unmatched,0,0,0,0,0,0,0,0,0,,,,,
42,233,r233_poscoholdings,POSCO HOLDINGS,浦项制铁控股公司,no_parent_report,缺母公司报告,P0_source_matching,先补母公司 ESG/可持续发展/气候报告；确认不是子公司、同名企业或错误简称后再抽取页码和原文。,确认母公司主报告；记录 source_file/source_path/report_year/page_count；不得使用子公司、同名企业或误匹配报告。,False,unmatched,,,0,report_unmatched,0,0,0,0,0,0,0,0,0,,,,,
43,238,r238_chinahuanenggroup,CHINA HUANENG GROUP,中国华能集团有限公司,no_parent_report,缺母公司报告,P0_source_matching,先补母公司 ESG/可持续发展/气候报告；确认不是子公司、同名企业或错误简称后再抽取页码和原文。,确认母公司主报告；记录 source_file/source_path/report_year/page_count；不得使用子公司、同名企业或误匹配报告。,False,unmatched,AIA GROUP-Main-ESG-Report_CH.pdf,AIA GROUP-Main-ESG-Report_CH.pdf,0,report_unmatched,0,0,0,0,0,0,0,0,0,,,,,
44,239,r239_chinaenergyengineeringgroup,CHINA ENERGY ENGINEERING GROUP,中国能源建设集团有限公司,no_parent_report,缺母公司报告,P0_source_matching,先补母公司 ESG/可持续发展/气候报告；确认不是子公司、同名企业或错误简称后再抽取页码和原文。,确认母公司主报告；记录 source_file/source_path/report_year/page_count；不得使用子公司、同名企业或误匹配报告。,False,unmatched,,,0,report_unmatched,0,0,0,0,0,0,0,0,0,,,,,
45,240,r240_dongfengmotor,DONGFENG MOTOR,东风汽车集团有限公司,no_parent_report,缺母公司报告,P0_source_matching,先补母公司 ESG/可持续发展/气候报告；确认不是子公司、同名企业或错误简称后再抽取页码和原文。,确认母公司主报告；记录 source_file/source_path/report_year/page_count；不得使用子公司、同名企业或误匹配报告。,False,unmatched,,,0,report_unmatched,0,0,0,0,0,0,0,0,0,,,,,
46,242,r242_publixsupermarkets,PUBLIX SUPER MARKETS,大众超级市场公司,no_parent_report,缺母公司报告,P0_source_matching,先补母公司 ESG/可持续发展/气候报告；确认不是子公司、同名企业或错误简称后再抽取页码和原文。,确认母公司主报告；记录 source_file/source_path/report_year/page_count；不得使用子公司、同名企业或误匹配报告。,False,unmatched,,,0,report_unmatched,0,0,0,0,0,0,0,0,0,,,,,
47,243,r243_zhejianghengyigroup,ZHEJIANG HENGYI GROUP,浙江恒逸集团有限公司,no_parent_report,缺母公司报告,P0_source_matching,先补母公司 ESG/可持续发展/气候报告；确认不是子公司、同名企业或错误简称后再抽取页码和原文。,确认母公司主报告；记录 source_file/source_path/report_year/page_count；不得使用子公司、同名企业或误匹配报告。,False,unmatched,Geely-Holding-Group-Sustainability-Report-2024-ZH.pdf,Geely-Holding-Group-Sustainability-Report-2024-ZH.pdf,0,report_unmatched,0,0,0,0,0,0,0,0,0,,,,,
48,245,r245_assicurazionigenerali,ASSICURAZIONI GENERALI,意大利忠利保险公司,no_parent_report,缺母公司报告,P0_source_matching,先补母公司 ESG/可持续发展/气候报告；确认不是子公司、同名企业或错误简称后再抽取页码和原文。,确认母公司主报告；记录 source_file/source_path/report_year/page_count；不得使用子公司、同名企业或误匹配报告。,False,unmatched,daimler-truck-ir-annual-report-2024-incl-combined-management-report-dth-ag.pdf,daimler-truck-ir-annual-report-2024-incl-combined-management-report-dth-ag.pdf,0,report_unmatched,0,0,0,0,0,0,0,0,0,,,,,
49,249,r249_hbisgroup,HBIS GROUP,河钢集团有限公司,no_parent_report,缺母公司报告,P0_source_matching,先补母公司 ESG/可持续发展/气候报告；确认不是子公司、同名企业或错误简称后再抽取页码和原文。,确认母公司主报告；记录 source_file/source_path/report_year/page_count；不得使用子公司、同名企业或误匹配报告。,False,unmatched,,,0,report_unmatched,0,0,0,0,0,0,0,0,0,,,,,
50,253,r253_chinaelectronicstechnologygroup,CHINA ELECTRONICS TECHNOLOGY GROUP,中国电子科技集团有限公司,no_parent_report,缺母公司报告,P0_source_matching,先补母公司 ESG/可持续发展/气候报告；确认不是子公司、同名企业或错误简称后再抽取页码和原文。,确认母公司主报告；记录 source_file/source_path/report_year/page_count；不得使用子公司、同名企业或误匹配报告。,False,unmatched,,,0,report_unmatched,0,0,0,0,0,0,0,0,0,,,,,
51,254,r254_nationwide,NATIONWIDE,美国全国保险公司,no_parent_report,缺母公司报告,P0_source_matching,先补母公司 ESG/可持续发展/气候报告；确认不是子公司、同名企业或错误简称后再抽取页码和原文。,确认母公司主报告；记录 source_file/source_path/report_year/page_count；不得使用子公司、同名企业或误匹配报告。,False,unmatched,,,0,report_unmatched,0,0,0,0,0,0,0,0,0,,,,,
52,256,r256_statepowerinvestment,STATE POWER INVESTMENT,国家电力投资集团有限公司,no_parent_report,缺母公司报告,P0_source_matching,先补母公司 ESG/可持续发展/气候报告；确认不是子公司、同名企业或错误简称后再抽取页码和原文。,确认母公司主报告；记录 source_file/source_path/report_year/page_count；不得使用子公司、同名企业或误匹配报告。,False,unmatched,,,0,report_unmatched,0,0,0,0,0,0,0,0,0,,,,,
53,265,r265_tsingshanholdinggroup,TSINGSHAN HOLDING GROUP,青山控股集团有限公司,no_parent_report,缺母公司报告,P0_source_matching,先补母公司 ESG/可持续发展/气候报告；确认不是子公司、同名企业或错误简称后再抽取页码和原文。,确认母公司主报告；记录 source_file/source_path/report_year/page_count；不得使用子公司、同名企业或误匹配报告。,False,unmatched,,,0,report_unmatched,0,0,0,0,0,0,0,0,0,,,,,
54,267,r267_coscoshipping,COSCO SHIPPING,中国远洋海运集团有限公司,no_parent_report,缺母公司报告,P0_source_matching,先补母公司 ESG/可持续发展/气候报告；确认不是子公司、同名企业或错误简称后再抽取页码和原文。,确认母公司主报告；记录 source_file/source_path/report_year/page_count；不得使用子公司、同名企业或误匹配报告。,False,unmatched,,,0,report_unmatched,0,0,0,0,0,0,0,0,0,,,,,
55,274,r274_deutschebahn,DEUTSCHE BAHN,德国联邦铁路公司,no_parent_report,缺母公司报告,P0_source_matching,先补母公司 ESG/可持续发展/气候报告；确认不是子公司、同名企业或错误简称后再抽取页码和原文。,确认母公司主报告；记录 source_file/source_path/report_year/page_count；不得使用子公司、同名企业或误匹配报告。,False,unmatched,nachhaltigkeitskennzahlen_DB_2024.pdf,nachhaltigkeitskennzahlen_DB_2024.pdf,0,report_unmatched,0,0,0,0,0,0,0,0,0,,,,,
56,276,r276_tysonfoods,TYSON FOODS,泰森食品,no_parent_report,缺母公司报告,P0_source_matching,先补母公司 ESG/可持续发展/气候报告；确认不是子公司、同名企业或错误简称后再抽取页码和原文。,确认母公司主报告；记录 source_file/source_path/report_year/page_count；不得使用子公司、同名企业或误匹配报告。,False,unmatched,,,0,report_unmatched,0,0,0,0,0,0,0,0,0,,,,,
57,277,r277_mideagroup,MIDEA GROUP,美的集团股份有限公司,no_parent_report,缺母公司报告,P0_source_matching,先补母公司 ESG/可持续发展/气候报告；确认不是子公司、同名企业或错误简称后再抽取页码和原文。,确认母公司主报告；记录 source_file/source_path/report_year/page_count；不得使用子公司、同名企业或误匹配报告。,False,unmatched,,,0,report_unmatched,0,0,0,0,0,0,0,0,0,,,,,
58,279,r279_chinaunitednetworkcommunications,CHINA UNITED NETWORK COMMUNICATIONS,中国联合网络通信股份有限公司,no_parent_report,缺母公司报告,P0_source_matching,先补母公司 ESG/可持续发展/气候报告；确认不是子公司、同名企业或错误简称后再抽取页码和原文。,确认母公司主报告；记录 source_file/source_path/report_year/page_count；不得使用子公司、同名企业或误匹配报告。,False,unmatched,,,0,report_unmatched,0,0,0,0,0,0,0,0,0,,,,,
59,280,r280_libertymutualinsurancegroup,LIBERTY MUTUAL INSURANCE GROUP,美国利宝互助保险集团,no_parent_report,缺母公司报告,P0_source_matching,先补母公司 ESG/可持续发展/气候报告；确认不是子公司、同名企业或错误简称后再抽取页码和原文。,确认母公司主报告；记录 source_file/source_path/report_year/page_count；不得使用子公司、同名企业或误匹配报告。,False,unmatched,,,0,report_unmatched,0,0,0,0,0,0,0,0,0,,,,,
60,281,r281_bankofnovascotia,BANK OF NOVA SCOTIA,加拿大丰业银行,no_parent_report,缺母公司报告,P0_source_matching,先补母公司 ESG/可持续发展/气候报告；确认不是子公司、同名企业或错误简称后再抽取页码和原文。,确认母公司主报告；记录 source_file/source_path/report_year/page_count；不得使用子公司、同名企业或误匹配报告。,False,unmatched,,,0,report_unmatched,0,0,0,0,0,0,0,0,0,,,,,
61,284,r284_saintgobain,SAINT-GOBAIN,圣戈班集团,no_parent_report,缺母公司报告,P0_source_matching,先补母公司 ESG/可持续发展/气候报告；确认不是子公司、同名企业或错误简称后再抽取页码和原文。,确认母公司主报告；记录 source_file/source_path/report_year/page_count；不得使用子公司、同名企业或误匹配报告。,False,unmatched,,,0,report_unmatched,0,0,0,0,0,0,0,0,0,,,,,
62,285,r285_shaanxiyanchangpetroleumgroup,SHAANXI YANCHANG PETROLEUM (GROUP),陕西延长石油（集团）有限责任公司,no_parent_report,缺母公司报告,P0_source_matching,先补母公司 ESG/可持续发展/气候报告；确认不是子公司、同名企业或错误简称后再抽取页码和原文。,确认母公司主报告；记录 source_file/source_path/report_year/page_count；不得使用子公司、同名企业或误匹配报告。,False,unmatched,,,0,report_unmatched,0,0,0,0,0,0,0,0,0,,,,,
63,288,r288_nike,NIKE,耐克公司,no_parent_report,缺母公司报告,P0_source_matching,先补母公司 ESG/可持续发展/气候报告；确认不是子公司、同名企业或错误简称后再抽取页码和原文。,确认母公司主报告；记录 source_file/source_path/report_year/page_count；不得使用子公司、同名企业或误匹配报告。,False,unmatched,,,0,report_unmatched,0,0,0,0,0,0,0,0,0,,,,,
64,291,r291_greenlandholdinggroup,GREENLAND HOLDING GROUP,绿地控股集团股份有限公司,no_parent_report,缺母公司报告,P0_source_matching,先补母公司 ESG/可持续发展/气候报告；确认不是子公司、同名企业或错误简称后再抽取页码和原文。,确认母公司主报告；记录 source_file/source_path/report_year/page_count；不得使用子公司、同名企业或误匹配报告。,False,unmatched,,,0,report_unmatched,0,0,0,0,0,0,0,0,0,,,,,
148,292,r292_shanghaipudongdevelopmentbank,SHANGHAI PUDONG DEVELOPMENT BANK,上海浦东发展银行股份有限公司,source_attribution_mismatch,证据来源归属不匹配,P1_evidence_extraction,核对 evidence_ledger 的 source_file 是否属于该公司母公司报告；跨公司来源必须删除或重新归属。,核对证据来源是否属于该公司母公司报告；跨公司来源必须删除、重新匹配或重新抽取。,False,unmatched,,,0,report_unmatched,1,0,0,0,0,1,0,0,0,,,,,
65,293,r293_louisdreyfus,LOUIS DREYFUS,路易达孚集团,no_parent_report,缺母公司报告,P0_source_matching,先补母公司 ESG/可持续发展/气候报告；确认不是子公司、同名企业或错误简称后再抽取页码和原文。,确认母公司主报告；记录 source_file/source_path/report_year/page_count；不得使用子公司、同名企业或误匹配报告。,False,unmatched,,,0,report_unmatched,0,0,0,0,0,0,0,0,0,,,,,
66,296,r296_kb金融集团,KB金融集团,KB金融集团,no_parent_report,缺母公司报告,P0_source_matching,先补母公司 ESG/可持续发展/气候报告；确认不是子公司、同名企业或错误简称后再抽取页码和原文。,确认母公司主报告；记录 source_file/source_path/report_year/page_count；不得使用子公司、同名企业或误匹配报告。,False,unmatched,,,0,report_unmatched,0,0,0,0,0,0,0,0,0,,,,,
67,299,r299_oracle,ORACLE,甲骨文公司,no_parent_report,缺母公司报告,P0_source_matching,先补母公司 ESG/可持续发展/气候报告；确认不是子公司、同名企业或错误简称后再抽取页码和原文。,确认母公司主报告；记录 source_file/source_path/report_year/page_count；不得使用子公司、同名企业或误匹配报告。,False,unmatched,,,0,report_unmatched,0,0,0,0,0,0,0,0,0,,,,,
68,300,r300_jinchuangroup,JINCHUAN GROUP,金川集团股份有限公司,no_parent_report,缺母公司报告,P0_source_matching,先补母公司 ESG/可持续发展/气候报告；确认不是子公司、同名企业或错误简称后再抽取页码和原文。,确认母公司主报告；记录 source_file/source_path/report_year/page_count；不得使用子公司、同名企业或误匹配报告。,False,unmatched,,,0,report_unmatched,0,0,0,0,0,0,0,0,0,,,,,
69,303,r303_enterpriseproductspartners公司,Enterprise Products Partners公司,Enterprise Products Partners公司,no_parent_report,缺母公司报告,P0_source_matching,先补母公司 ESG/可持续发展/气候报告；确认不是子公司、同名企业或错误简称后再抽取页码和原文。,确认母公司主报告；记录 source_file/source_path/report_year/page_count；不得使用子公司、同名企业或误匹配报告。,False,unmatched,,,0,report_unmatched,0,0,0,0,0,0,0,0,0,,,,,
149,304,r304_capitalonefinancial,CAPITAL ONE FINANCIAL,第一资本金融公司,source_attribution_mismatch,证据来源归属不匹配,P1_evidence_extraction,核对 evidence_ledger 的 source_file 是否属于该公司母公司报告；跨公司来源必须删除或重新归属。,核对证据来源是否属于该公司母公司报告；跨公司来源必须删除、重新匹配或重新抽取。,False,unmatched,,,0,report_unmatched,1,0,0,0,0,1,0,0,0,,,,,
70,306,r306_hdfc银行,HDFC银行,HDFC银行,no_parent_report,缺母公司报告,P0_source_matching,先补母公司 ESG/可持续发展/气候报告；确认不是子公司、同名企业或错误简称后再抽取页码和原文。,确认母公司主报告；记录 source_file/source_path/report_year/page_count；不得使用子公司、同名企业或误匹配报告。,False,unmatched,,,0,report_unmatched,0,0,0,0,0,0,0,0,0,,,,,
71,307,r307_chinanationalbuildingmaterialgroup,CHINA NATIONAL BUILDING MATERIAL GROUP,中国建材集团有限公司,no_parent_report,缺母公司报告,P0_source_matching,先补母公司 ESG/可持续发展/气候报告；确认不是子公司、同名企业或错误简称后再抽取页码和原文。,确认母公司主报告；记录 source_file/source_path/report_year/page_count；不得使用子公司、同名企业或误匹配报告。,False,unmatched,,,0,report_unmatched,0,0,0,0,0,0,0,0,0,,,,,
72,309,r309_chinastateshipbuilding,CHINA STATE SHIPBUILDING,中国船舶集团有限公司,no_parent_report,缺母公司报告,P0_source_matching,先补母公司 ESG/可持续发展/气候报告；确认不是子公司、同名企业或错误简称后再抽取页码和原文。,确认母公司主报告；记录 source_file/source_path/report_year/page_count；不得使用子公司、同名企业或误匹配报告。,False,unmatched,,,0,report_unmatched,0,0,0,0,0,0,0,0,0,,,,,
73,312,r312_landesbankbadenwürttemberg,LANDESBANK BADEN-WÜRTTEMBERG,德国巴登-符腾堡州银行,no_parent_report,缺母公司报告,P0_source_matching,先补母公司 ESG/可持续发展/气候报告；确认不是子公司、同名企业或错误简称后再抽取页码和原文。,确认母公司主报告；记录 source_file/source_path/report_year/page_count；不得使用子公司、同名企业或误匹配报告。,False,unmatched,,,0,report_unmatched,0,0,0,0,0,0,0,0,0,,,,,
74,314,r314_jingyegroup,JINGYE GROUP,敬业集团有限公司,no_parent_report,缺母公司报告,P0_source_matching,先补母公司 ESG/可持续发展/气候报告；确认不是子公司、同名企业或错误简称后再抽取页码和原文。,确认母公司主报告；记录 source_file/source_path/report_year/page_count；不得使用子公司、同名企业或误匹配报告。,False,unmatched,,,0,report_unmatched,0,0,0,0,0,0,0,0,0,,,,,
150,316,r316_energiebadenwürttemberg,ENERGIE BADEN-WÜRTTEMBERG,巴登-符腾堡州能源公司,source_attribution_mismatch,证据来源归属不匹配,P1_evidence_extraction,核对 evidence_ledger 的 source_file 是否属于该公司母公司报告；跨公司来源必须删除或重新归属。,核对证据来源是否属于该公司母公司报告；跨公司来源必须删除、重新匹配或重新抽取。,False,unmatched,,,0,report_unmatched,1,0,0,0,0,1,0,0,0,,,,,
75,321,r321_hd现代公司,HD现代公司,HD现代公司,no_parent_report,缺母公司报告,P0_source_matching,先补母公司 ESG/可持续发展/气候报告；确认不是子公司、同名企业或错误简称后再抽取页码和原文。,确认母公司主报告；记录 source_file/source_path/report_year/page_count；不得使用子公司、同名企业或误匹配报告。,False,unmatched,,,0,report_unmatched,0,0,0,0,0,0,0,0,0,,,,,
76,325,r325_softbankgroup,SOFTBANK GROUP,软银集团,no_parent_report,缺母公司报告,P0_source_matching,先补母公司 ESG/可持续发展/气候报告；确认不是子公司、同名企业或错误简称后再抽取页码和原文。,确认母公司主报告；记录 source_file/source_path/report_year/page_count；不得使用子公司、同名企业或误匹配报告。,False,unmatched,,,0,report_unmatched,0,0,0,0,0,0,0,0,0,,,,,
77,328,r328_américamóvil,AMÉRICA MÓVIL,美洲电信,no_parent_report,缺母公司报告,P0_source_matching,先补母公司 ESG/可持续发展/气候报告；确认不是子公司、同名企业或错误简称后再抽取页码和原文。,确认母公司主报告；记录 source_file/source_path/report_year/page_count；不得使用子公司、同名企业或误匹配报告。,False,unmatched,,,0,report_unmatched,0,0,0,0,0,0,0,0,0,,,,,
78,330,r330_zhejiangcommunicationsinvestmentgroup,ZHEJIANG COMMUNICATIONS INVESTMENT GROUP,浙江省交通投资集团有限公司,no_parent_report,缺母公司报告,P0_source_matching,先补母公司 ESG/可持续发展/气候报告；确认不是子公司、同名企业或错误简称后再抽取页码和原文。,确认母公司主报告；记录 source_file/source_path/report_year/page_count；不得使用子公司、同名企业或误匹配报告。,False,unmatched,,,0,report_unmatched,0,0,0,0,0,0,0,0,0,,,,,
79,331,r331_chinapacificinsurancegroup,CHINA PACIFIC INSURANCE (GROUP),中国太平洋保险(集团)股份有限公司,no_parent_report,缺母公司报告,P0_source_matching,先补母公司 ESG/可持续发展/气候报告；确认不是子公司、同名企业或错误简称后再抽取页码和原文。,确认母公司主报告；记录 source_file/source_path/report_year/page_count；不得使用子公司、同名企业或误匹配报告。,False,unmatched,,,0,report_unmatched,0,0,0,0,0,0,0,0,0,,,,,
80,332,r332_cocacola,COCA-COLA,可口可乐公司,no_parent_report,缺母公司报告,P0_source_matching,先补母公司 ESG/可持续发展/气候报告；确认不是子公司、同名企业或错误简称后再抽取页码和原文。,确认母公司主报告；记录 source_file/source_path/report_year/page_count；不得使用子公司、同名企业或误匹配报告。,False,unmatched,,,0,report_unmatched,0,0,0,0,0,0,0,0,0,,,,,
81,336,r336_chinahuadian,CHINA HUADIAN,中国华电集团有限公司,no_parent_report,缺母公司报告,P0_source_matching,先补母公司 ESG/可持续发展/气候报告；确认不是子公司、同名企业或错误简称后再抽取页码和原文。,确认母公司主报告；记录 source_file/source_path/report_year/page_count；不得使用子公司、同名企业或误匹配报告。,False,unmatched,AIA GROUP-Main-ESG-Report_CH.pdf,AIA GROUP-Main-ESG-Report_CH.pdf,0,report_unmatched,0,0,0,0,0,0,0,0,0,,,,,
82,337,r337_créditmutuelgroup,CRÉDIT MUTUEL GROUP,法国国民互助信贷银行集团,no_parent_report,缺母公司报告,P0_source_matching,先补母公司 ESG/可持续发展/气候报告；确认不是子公司、同名企业或错误简称后再抽取页码和原文。,确认母公司主报告；记录 source_file/source_path/report_year/page_count；不得使用子公司、同名企业或误匹配报告。,False,unmatched,,,0,report_unmatched,0,0,0,0,0,0,0,0,0,,,,,
83,338,r338_msandad保险集团控股有限公司,MS&AD保险集团控股有限公司,MS&AD保险集团控股有限公司,no_parent_report,缺母公司报告,P0_source_matching,先补母公司 ESG/可持续发展/气候报告；确认不是子公司、同名企业或错误简称后再抽取页码和原文。,确认母公司主报告；记录 source_file/source_path/report_year/page_count；不得使用子公司、同名企业或误匹配报告。,False,unmatched,,,0,report_unmatched,0,0,0,0,0,0,0,0,0,,,,,
84,340,r340_susunconstructiongroup,SUSUN CONSTRUCTION GROUP,苏商建设集团有限公司,no_parent_report,缺母公司报告,P0_source_matching,先补母公司 ESG/可持续发展/气候报告；确认不是子公司、同名企业或错误简称后再抽取页码和原文。,确认母公司主报告；记录 source_file/source_path/report_year/page_count；不得使用子公司、同名企业或误匹配报告。,False,unmatched,,,0,report_unmatched,0,0,0,0,0,0,0,0,0,,,,,
85,341,r341_sncfgroup,SNCF GROUP,法国国营铁路集团,no_parent_report,缺母公司报告,P0_source_matching,先补母公司 ESG/可持续发展/气候报告；确认不是子公司、同名企业或错误简称后再抽取页码和原文。,确认母公司主报告；记录 source_file/source_path/report_year/page_count；不得使用子公司、同名企业或误匹配报告。,False,unmatched,,,0,report_unmatched,0,0,0,0,0,0,0,0,0,,,,,
86,343,r343_chinasouthindustriesgroup,CHINA SOUTH INDUSTRIES GROUP,中国兵器装备集团公司,no_parent_report,缺母公司报告,P0_source_matching,先补母公司 ESG/可持续发展/气候报告；确认不是子公司、同名企业或错误简称后再抽取页码和原文。,确认母公司主报告；记录 source_file/source_path/report_year/page_count；不得使用子公司、同名企业或误匹配报告。,False,unmatched,,,0,report_unmatched,0,0,0,0,0,0,0,0,0,,,,,
87,347,r347_georgeweston,GEORGE WESTON,乔治威斯顿公司,no_parent_report,缺母公司报告,P0_source_matching,先补母公司 ESG/可持续发展/气候报告；确认不是子公司、同名企业或错误简称后再抽取页码和原文。,确认母公司主报告；记录 source_file/source_path/report_year/page_count；不得使用子公司、同名企业或误匹配报告。,False,unmatched,,,0,report_unmatched,0,0,0,0,0,0,0,0,0,,,,,
88,351,r351_chinaminshengbanking,CHINA MINSHENG BANKING,中国民生银行股份有限公司,no_parent_report,缺母公司报告,P0_source_matching,先补母公司 ESG/可持续发展/气候报告；确认不是子公司、同名企业或错误简称后再抽取页码和原文。,确认母公司主报告；记录 source_file/source_path/report_year/page_count；不得使用子公司、同名企业或误匹配报告。,False,review_needed,Lloyds_Banking_Group_Annual_Report_2024.pdf,Lloyds_Banking_Group_Annual_Report_2024.pdf,0,report_match_review,0,0,0,0,0,0,0,0,0,,,,,
89,354,r354_shanghaiconstructiongroup,SHANGHAI CONSTRUCTION GROUP,上海建工集团股份有限公司,no_parent_report,缺母公司报告,P0_source_matching,先补母公司 ESG/可持续发展/气候报告；确认不是子公司、同名企业或错误简称后再抽取页码和原文。,确认母公司主报告；记录 source_file/source_path/report_year/page_count；不得使用子公司、同名企业或误匹配报告。,False,unmatched,,,0,report_unmatched,0,0,0,0,0,0,0,0,0,,,,,
90,355,r355_lg化学公司,LG化学公司,LG化学公司,no_parent_report,缺母公司报告,P0_source_matching,先补母公司 ESG/可持续发展/气候报告；确认不是子公司、同名企业或错误简称后再抽取页码和原文。,确认母公司主报告；记录 source_file/source_path/report_year/page_count；不得使用子公司、同名企业或误匹配报告。,False,unmatched,,,0,report_unmatched,0,0,0,0,0,0,0,0,0,,,,,
91,360,r360_unitedservicesautomobileassn,UNITED SERVICES AUTOMOBILE ASSN.,联合服务汽车协会,no_parent_report,缺母公司报告,P0_source_matching,先补母公司 ESG/可持续发展/气候报告；确认不是子公司、同名企业或错误简称后再抽取页码和原文。,确认母公司主报告；记录 source_file/source_path/report_year/page_count；不得使用子公司、同名企业或误匹配报告。,False,unmatched,,,0,report_unmatched,0,0,0,0,0,0,0,0,0,,,,,
92,361,r361_guangzhoumunicipalconstructiongroup,GUANGZHOU MUNICIPAL CONSTRUCTION GROUP,广州市建筑集团有限公司,no_parent_report,缺母公司报告,P0_source_matching,先补母公司 ESG/可持续发展/气候报告；确认不是子公司、同名企业或错误简称后再抽取页码和原文。,确认母公司主报告；记录 source_file/source_path/report_year/page_count；不得使用子公司、同名企业或误匹配报告。,False,unmatched,,,0,report_unmatched,0,0,0,0,0,0,0,0,0,,,,,
93,362,r362_generaldynamics,GENERAL DYNAMICS,通用动力,no_parent_report,缺母公司报告,P0_source_matching,先补母公司 ESG/可持续发展/气候报告；确认不是子公司、同名企业或错误简称后再抽取页码和原文。,确认母公司主报告；记录 source_file/source_path/report_year/page_count；不得使用子公司、同名企业或误匹配报告。,False,unmatched,,,0,report_unmatched,0,0,0,0,0,0,0,0,0,,,,,
94,364,r364_zijinmininggroup,ZIJIN MINING GROUP,紫金矿业集团股份有限公司,no_parent_report,缺母公司报告,P0_source_matching,先补母公司 ESG/可持续发展/气候报告；确认不是子公司、同名企业或错误简称后再抽取页码和原文。,确认母公司主报告；记录 source_file/source_path/report_year/page_count；不得使用子公司、同名企业或误匹配报告。,False,unmatched,,,0,report_unmatched,0,0,0,0,0,0,0,0,0,,,,,
95,370,r370_shenzheninvestmentholdings,SHENZHEN INVESTMENT HOLDINGS,深圳市投资控股有限公司,no_parent_report,缺母公司报告,P0_source_matching,先补母公司 ESG/可持续发展/气候报告；确认不是子公司、同名企业或错误简称后再抽取页码和原文。,确认母公司主报告；记录 source_file/source_path/report_year/page_count；不得使用子公司、同名企业或误匹配报告。,False,unmatched,,,0,report_unmatched,0,0,0,0,0,0,0,0,0,,,,,
96,371,r371_ansteelgroup,ANSTEEL GROUP,鞍钢集团有限公司,no_parent_report,缺母公司报告,P0_source_matching,先补母公司 ESG/可持续发展/气候报告；确认不是子公司、同名企业或错误简称后再抽取页码和原文。,确认母公司主报告；记录 source_file/source_path/report_year/page_count；不得使用子公司、同名企业或误匹配报告。,False,unmatched,,,0,report_unmatched,0,0,0,0,0,0,0,0,0,,,,,
97,372,r372_hanwha,HANWHA,韩华集团,no_parent_report,缺母公司报告,P0_source_matching,先补母公司 ESG/可持续发展/气候报告；确认不是子公司、同名企业或错误简称后再抽取页码和原文。,确认母公司主报告；记录 source_file/source_path/report_year/page_count；不得使用子公司、同名企业或误匹配报告。,False,unmatched,,,0,report_unmatched,0,0,0,0,0,0,0,0,0,,,,,
98,373,r373_usbancorp,U.S. BANCORP,美国合众银行,no_parent_report,缺母公司报告,P0_source_matching,先补母公司 ESG/可持续发展/气候报告；确认不是子公司、同名企业或错误简称后再抽取页码和原文。,确认母公司主报告；记录 source_file/source_path/report_year/page_count；不得使用子公司、同名企业或误匹配报告。,False,unmatched,,,0,report_unmatched,0,0,0,0,0,0,0,0,0,,,,,
99,377,r377_thyssenkrupp,THYSSENKRUPP,蒂森克虏伯,no_parent_report,缺母公司报告,P0_source_matching,先补母公司 ESG/可持续发展/气候报告；确认不是子公司、同名企业或错误简称后再抽取页码和原文。,确认母公司主报告；记录 source_file/source_path/report_year/page_count；不得使用子公司、同名企业或误匹配报告。,False,unmatched,,,0,report_unmatched,0,0,0,0,0,0,0,0,0,,,,,
100,378,r378_newhopeholdinggroup,NEW HOPE HOLDING GROUP,新希望控股集团有限公司,no_parent_report,缺母公司报告,P0_source_matching,先补母公司 ESG/可持续发展/气候报告；确认不是子公司、同名企业或错误简称后再抽取页码和原文。,确认母公司主报告；记录 source_file/source_path/report_year/page_count；不得使用子公司、同名企业或误匹配报告。,False,unmatched_manual,,,0,,0,0,0,0,0,0,0,0,0,,,,,
101,380,r380_chinanationalnuclear,CHINA NATIONAL NUCLEAR,中国核工业集团有限公司,no_parent_report,缺母公司报告,P0_source_matching,先补母公司 ESG/可持续发展/气候报告；确认不是子公司、同名企业或错误简称后再抽取页码和原文。,确认母公司主报告；记录 source_file/source_path/report_year/page_count；不得使用子公司、同名企业或误匹配报告。,False,unmatched,,,0,report_unmatched,0,0,0,0,0,0,0,0,0,,,,,
102,381,r381_taikanginsurancegroup,TAIKANG INSURANCE GROUP,泰康保险集团股份有限公司,no_parent_report,缺母公司报告,P0_source_matching,先补母公司 ESG/可持续发展/气候报告；确认不是子公司、同名企业或错误简称后再抽取页码和原文。,确认母公司主报告；记录 source_file/source_path/report_year/page_count；不得使用子公司、同名企业或误匹配报告。,False,unmatched,,,0,report_unmatched,0,0,0,0,0,0,0,0,0,,,,,
103,382,r382_northropgrumman,NORTHROP GRUMMAN,美国诺斯洛普格拉曼公司,no_parent_report,缺母公司报告,P0_source_matching,先补母公司 ESG/可持续发展/气候报告；确认不是子公司、同名企业或错误简称后再抽取页码和原文。,确认母公司主报告；记录 source_file/source_path/report_year/page_count；不得使用子公司、同名企业或误匹配报告。,False,unmatched,,,0,report_unmatched,0,0,0,0,0,0,0,0,0,,,,,
104,383,r383_jiangsushaganggroup,JIANGSU SHAGANG GROUP,江苏沙钢集团有限公司,no_parent_report,缺母公司报告,P0_source_matching,先补母公司 ESG/可持续发展/气候报告；确认不是子公司、同名企业或错误简称后再抽取页码和原文。,确认母公司主报告；记录 source_file/source_path/report_year/page_count；不得使用子公司、同名企业或误匹配报告。,False,unmatched,,,0,report_unmatched,0,0,0,0,0,0,0,0,0,,,,,
105,385,r385_cheryholdinggroup,CHERY HOLDING GROUP,奇瑞控股集团有限公司,no_parent_report,缺母公司报告,P0_source_matching,先补母公司 ESG/可持续发展/气候报告；确认不是子公司、同名企业或错误简称后再抽取页码和原文。,确认母公司主报告；记录 source_file/source_path/report_year/page_count；不得使用子公司、同名企业或误匹配报告。,False,unmatched,,,0,report_unmatched,0,0,0,0,0,0,0,0,0,,,,,
106,389,r389_dollargeneral公司,Dollar General公司,Dollar General公司,no_parent_report,缺母公司报告,P0_source_matching,先补母公司 ESG/可持续发展/气候报告；确认不是子公司、同名企业或错误简称后再抽取页码和原文。,确认母公司主报告；记录 source_file/source_path/report_year/page_count；不得使用子公司、同名企业或误匹配报告。,False,unmatched,,,0,report_unmatched,0,0,0,0,0,0,0,0,0,,,,,
107,390,r390_cenovusenergy公司,Cenovus Energy公司,Cenovus Energy公司,no_parent_report,缺母公司报告,P0_source_matching,先补母公司 ESG/可持续发展/气候报告；确认不是子公司、同名企业或错误简称后再抽取页码和原文。,确认母公司主报告；记录 source_file/source_path/report_year/page_count；不得使用子公司、同名企业或误匹配报告。,False,unmatched,,,0,report_unmatched,0,0,0,0,0,0,0,0,0,,,,,
108,393,r393_fairfaxfinancialholdings,FAIRFAX FINANCIAL HOLDINGS,加拿大枫信金融控股公司,no_parent_report,缺母公司报告,P0_source_matching,先补母公司 ESG/可持续发展/气候报告；确认不是子公司、同名企业或错误简称后再抽取页码和原文。,确认母公司主报告；记录 source_file/source_path/report_year/page_count；不得使用子公司、同名企业或误匹配报告。,False,unmatched,,,0,report_unmatched,0,0,0,0,0,0,0,0,0,,,,,
109,394,r394_guangzhouindustrialinvestmentholdings,GUANGZHOU INDUSTRIAL INVESTMENT HOLDINGS,广州工业投资控股集团有限公司,no_parent_report,缺母公司报告,P0_source_matching,先补母公司 ESG/可持续发展/气候报告；确认不是子公司、同名企业或错误简称后再抽取页码和原文。,确认母公司主报告；记录 source_file/source_path/report_year/page_count；不得使用子公司、同名企业或误匹配报告。,False,unmatched,,,0,report_unmatched,0,0,0,0,0,0,0,0,0,,,,,
110,402,r402_hangzhouindustrialinvestmentgroup,HANGZHOU INDUSTRIAL INVESTMENT GROUP,杭州市实业投资集团有限公司,no_parent_report,缺母公司报告,P0_source_matching,先补母公司 ESG/可持续发展/气候报告；确认不是子公司、同名企业或错误简称后再抽取页码和原文。,确认母公司主报告；记录 source_file/source_path/report_year/page_count；不得使用子公司、同名企业或误匹配报告。,False,unmatched,,,0,report_unmatched,0,0,0,0,0,0,0,0,0,,,,,
111,404,r404_dzbank,DZ BANK,德国中央合作银行,no_parent_report,缺母公司报告,P0_source_matching,先补母公司 ESG/可持续发展/气候报告；确认不是子公司、同名企业或错误简称后再抽取页码和原文。,确认母公司主报告；记录 source_file/source_path/report_year/page_count；不得使用子公司、同名企业或误匹配报告。,False,unmatched,,,0,report_unmatched,0,0,0,0,0,0,0,0,0,,,,,
112,405,r405_gs加德士,GS加德士,GS加德士,no_parent_report,缺母公司报告,P0_source_matching,先补母公司 ESG/可持续发展/气候报告；确认不是子公司、同名企业或错误简称后再抽取页码和原文。,确认母公司主报告；记录 source_file/source_path/report_year/page_count；不得使用子公司、同名企业或误匹配报告。,False,unmatched,,,0,report_unmatched,0,0,0,0,0,0,0,0,0,,,,,
113,408,r408_x5零售集团,X5零售集团,X5零售集团,no_parent_report,缺母公司报告,P0_source_matching,先补母公司 ESG/可持续发展/气候报告；确认不是子公司、同名企业或错误简称后再抽取页码和原文。,确认母公司主报告；记录 source_file/source_path/report_year/page_count；不得使用子公司、同名企业或误匹配报告。,False,unmatched,,,0,report_unmatched,0,0,0,0,0,0,0,0,0,,,,,
114,410,r410_hangzhouironandsteelgroup,HANGZHOU IRON AND STEEL GROUP,杭州钢铁集团有限公司,no_parent_report,缺母公司报告,P0_source_matching,先补母公司 ESG/可持续发展/气候报告；确认不是子公司、同名企业或错误简称后再抽取页码和原文。,确认母公司主报告；记录 source_file/source_path/report_year/page_count；不得使用子公司、同名企业或误匹配报告。,False,unmatched,,,0,report_unmatched,0,0,0,0,0,0,0,0,0,,,,,
115,411,r411_shanghaipharmaceuticalsholding,SHANGHAI PHARMACEUTICALS HOLDING,上海医药集团股份有限公司,no_parent_report,缺母公司报告,P0_source_matching,先补母公司 ESG/可持续发展/气候报告；确认不是子公司、同名企业或错误简称后再抽取页码和原文。,确认母公司主报告；记录 source_file/source_path/report_year/page_count；不得使用子公司、同名企业或误匹配报告。,False,unmatched,,,0,report_unmatched,0,0,0,0,0,0,0,0,0,,,,,
116,412,r412_shandonghispeedgroup,SHANDONG HI-SPEED GROUP,山东高速集团有限公司,no_parent_report,缺母公司报告,P0_source_matching,先补母公司 ESG/可持续发展/气候报告；确认不是子公司、同名企业或错误简称后再抽取页码和原文。,确认母公司主报告；记录 source_file/source_path/report_year/page_count；不得使用子公司、同名企业或误匹配报告。,False,unmatched,,,0,report_unmatched,0,0,0,0,0,0,0,0,0,,,,,
117,414,r414_guangdongguangxinholdingsgroup,GUANGDONG GUANGXIN HOLDINGS GROUP,广东省广新控股集团有限公司,no_parent_report,缺母公司报告,P0_source_matching,先补母公司 ESG/可持续发展/气候报告；确认不是子公司、同名企业或错误简称后再抽取页码和原文。,确认母公司主报告；记录 source_file/source_path/report_year/page_count；不得使用子公司、同名企业或误匹配报告。,False,unmatched,,,0,report_unmatched,0,0,0,0,0,0,0,0,0,,,,,
118,417,r417_guangzhoupharmaceuticalholdings,GUANGZHOU PHARMACEUTICAL HOLDINGS,广州医药集团有限公司,no_parent_report,缺母公司报告,P0_source_matching,先补母公司 ESG/可持续发展/气候报告；确认不是子公司、同名企业或错误简称后再抽取页码和原文。,确认母公司主报告；记录 source_file/source_path/report_year/page_count；不得使用子公司、同名企业或误匹配报告。,False,unmatched,,,0,report_unmatched,0,0,0,0,0,0,0,0,0,,,,,
119,419,r419_mapfregroup,MAPFRE GROUP,曼福集团,no_parent_report,缺母公司报告,P0_source_matching,先补母公司 ESG/可持续发展/气候报告；确认不是子公司、同名企业或错误简称后再抽取页码和原文。,确认母公司主报告；记录 source_file/source_path/report_year/page_count；不得使用子公司、同名企业或误匹配报告。,False,unmatched,,,0,report_unmatched,0,0,0,0,0,0,0,0,0,,,,,
120,420,r420_cfe公司,CFE公司,CFE公司,no_parent_report,缺母公司报告,P0_source_matching,先补母公司 ESG/可持续发展/气候报告；确认不是子公司、同名企业或错误简称后再抽取页码和原文。,确认母公司主报告；记录 source_file/source_path/report_year/page_count；不得使用子公司、同名企业或误匹配报告。,False,unmatched,,,0,report_unmatched,0,0,0,0,0,0,0,0,0,,,,,
121,429,r429_hailianggroup,HAILIANG GROUP,海亮集团有限公司,no_parent_report,缺母公司报告,P0_source_matching,先补母公司 ESG/可持续发展/气候报告；确认不是子公司、同名企业或错误简称后再抽取页码和原文。,确认母公司主报告；记录 source_file/source_path/report_year/page_count；不得使用子公司、同名企业或误匹配报告。,False,unmatched,,,0,report_unmatched,0,0,0,0,0,0,0,0,0,,,,,
122,430,r430_usfoodsholding公司,US Foods Holding公司,US Foods Holding公司,no_parent_report,缺母公司报告,P0_source_matching,先补母公司 ESG/可持续发展/气候报告；确认不是子公司、同名企业或错误简称后再抽取页码和原文。,确认母公司主报告；记录 source_file/source_path/report_year/page_count；不得使用子公司、同名企业或误匹配报告。,False,unmatched,,,0,report_unmatched,0,0,0,0,0,0,0,0,0,,,,,
123,432,r432_migros集团,Migros集团,Migros集团,no_parent_report,缺母公司报告,P0_source_matching,先补母公司 ESG/可持续发展/气候报告；确认不是子公司、同名企业或错误简称后再抽取页码和原文。,确认母公司主报告；记录 source_file/source_path/report_year/page_count；不得使用子公司、同名企业或误匹配报告。,False,unmatched,,,0,report_unmatched,0,0,0,0,0,0,0,0,0,,,,,
124,435,r435_chinaelectronics,CHINA ELECTRONICS,中国电子信息产业集团有限公司,no_parent_report,缺母公司报告,P0_source_matching,先补母公司 ESG/可持续发展/气候报告；确认不是子公司、同名企业或错误简称后再抽取页码和原文。,确认母公司主报告；记录 source_file/source_path/report_year/page_count；不得使用子公司、同名企业或误匹配报告。,False,unmatched,,,0,report_unmatched,0,0,0,0,0,0,0,0,0,,,,,
125,436,r436_shudaoinvestmentgroup,SHUDAO INVESTMENT GROUP,蜀道投资集团有限责任公司,no_parent_report,缺母公司报告,P0_source_matching,先补母公司 ESG/可持续发展/气候报告；确认不是子公司、同名企业或错误简称后再抽取页码和原文。,确认母公司主报告；记录 source_file/source_path/report_year/page_count；不得使用子公司、同名企业或误匹配报告。,False,unmatched,,,0,report_unmatched,0,0,0,0,0,0,0,0,0,,,,,
126,437,r437_chinanationalcoalgroup,CHINA NATIONAL COAL GROUP,中国中煤能源集团有限公司,no_parent_report,缺母公司报告,P0_source_matching,先补母公司 ESG/可持续发展/气候报告；确认不是子公司、同名企业或错误简称后再抽取页码和原文。,确认母公司主报告；记录 source_file/source_path/report_year/page_count；不得使用子公司、同名企业或误匹配报告。,False,unmatched,,,0,report_unmatched,0,0,0,0,0,0,0,0,0,,,,,
127,438,r438_tonglingnonferrousmetalsgroup,TONGLING NONFERROUS METALS GROUP,铜陵有色金属集团控股有限公司,no_parent_report,缺母公司报告,P0_source_matching,先补母公司 ESG/可持续发展/气候报告；确认不是子公司、同名企业或错误简称后再抽取页码和原文。,确认母公司主报告；记录 source_file/source_path/report_year/page_count；不得使用子公司、同名企业或误匹配报告。,False,unmatched,,,0,report_unmatched,0,0,0,0,0,0,0,0,0,,,,,
128,439,r439_ckhutchisonholdings,CK HUTCHISON HOLDINGS,长江和记实业有限公司,no_parent_report,缺母公司报告,P0_source_matching,先补母公司 ESG/可持续发展/气候报告；确认不是子公司、同名企业或错误简称后再抽取页码和原文。,确认母公司主报告；记录 source_file/source_path/report_year/page_count；不得使用子公司、同名企业或误匹配报告。,False,unmatched,,,0,report_unmatched,0,0,0,0,0,0,0,0,0,,,,,
129,442,r442_pddholdings,PDD HOLDINGS,拼多多控股公司,no_parent_report,缺母公司报告,P0_source_matching,先补母公司 ESG/可持续发展/气候报告；确认不是子公司、同名企业或错误简称后再抽取页码和原文。,确认母公司主报告；记录 source_file/source_path/report_year/page_count；不得使用子公司、同名企业或误匹配报告。,False,unmatched,,,0,report_unmatched,0,0,0,0,0,0,0,0,0,,,,,
130,447,r447_nucor,NUCOR,纽柯,no_parent_report,缺母公司报告,P0_source_matching,先补母公司 ESG/可持续发展/气候报告；确认不是子公司、同名企业或错误简称后再抽取页码和原文。,确认母公司主报告；记录 source_file/source_path/report_year/page_count；不得使用子公司、同名企业或误匹配报告。,False,unmatched,,,0,report_unmatched,0,0,0,0,0,0,0,0,0,,,,,
131,452,r452_shanghaidelongsteelgroup,SHANGHAI DELONG STEEL GROUP,上海德龙钢铁集团有限公司,no_parent_report,缺母公司报告,P0_source_matching,先补母公司 ESG/可持续发展/气候报告；确认不是子公司、同名企业或错误简称后再抽取页码和原文。,确认母公司主报告；记录 source_file/source_path/report_year/page_count；不得使用子公司、同名企业或误匹配报告。,False,unmatched,,,0,report_unmatched,0,0,0,0,0,0,0,0,0,,,,,
132,458,r458_beijingjianlongheavyindustrygroup,BEIJING JIANLONG HEAVY INDUSTRY GROUP,北京建龙重工集团有限公司,no_parent_report,缺母公司报告,P0_source_matching,先补母公司 ESG/可持续发展/气候报告；确认不是子公司、同名企业或错误简称后再抽取页码和原文。,确认母公司主报告；记录 source_file/source_path/report_year/page_count；不得使用子公司、同名企业或误匹配报告。,False,unmatched,,,0,report_unmatched,0,0,0,0,0,0,0,0,0,,,,,
133,460,r460_shaanxiconstructionengineeringholding,SHAANXI CONSTRUCTION ENGINEERING HOLDING,陕西建工控股集团有限公司,no_parent_report,缺母公司报告,P0_source_matching,先补母公司 ESG/可持续发展/气候报告；确认不是子公司、同名企业或错误简称后再抽取页码和原文。,确认母公司主报告；记录 source_file/source_path/report_year/page_count；不得使用子公司、同名企业或误匹配报告。,False,unmatched,,,0,report_unmatched,0,0,0,0,0,0,0,0,0,,,,,
134,465,r465_cpc,CPC,台湾中油股份有限公司,no_parent_report,缺母公司报告,P0_source_matching,先补母公司 ESG/可持续发展/气候报告；确认不是子公司、同名企业或错误简称后再抽取页码和原文。,确认母公司主报告；记录 source_file/source_path/report_year/page_count；不得使用子公司、同名企业或误匹配报告。,False,unmatched,,,0,report_unmatched,0,0,0,0,0,0,0,0,0,,,,,
135,470,r470_shouganggroup,SHOUGANG GROUP,首钢集团有限公司,no_parent_report,缺母公司报告,P0_source_matching,先补母公司 ESG/可持续发展/气候报告；确认不是子公司、同名企业或错误简称后再抽取页码和原文。,确认母公司主报告；记录 source_file/source_path/report_year/page_count；不得使用子公司、同名企业或误匹配报告。,False,unmatched,,,0,report_unmatched,0,0,0,0,0,0,0,0,0,,,,,
136,471,r471_shanxicokingcoalgroup,SHANXI COKING COAL GROUP,山西焦煤集团有限责任公司,no_parent_report,缺母公司报告,P0_source_matching,先补母公司 ESG/可持续发展/气候报告；确认不是子公司、同名企业或错误简称后再抽取页码和原文。,确认母公司主报告；记录 source_file/source_path/report_year/page_count；不得使用子公司、同名企业或误匹配报告。,False,unmatched,,,0,report_unmatched,0,0,0,0,0,0,0,0,0,,,,,
137,472,r472_guangxiinvestmentgroup,GUANGXI INVESTMENT GROUP,广西投资集团有限公司,no_parent_report,缺母公司报告,P0_source_matching,先补母公司 ESG/可持续发展/气候报告；确认不是子公司、同名企业或错误简称后再抽取页码和原文。,确认母公司主报告；记录 source_file/source_path/report_year/page_count；不得使用子公司、同名企业或误匹配报告。,False,unmatched,,,0,report_unmatched,0,0,0,0,0,0,0,0,0,,,,,
138,475,r475_hunanironandsteelgroup,HUNAN IRON & STEEL GROUP,湖南钢铁集团有限公司,no_parent_report,缺母公司报告,P0_source_matching,先补母公司 ESG/可持续发展/气候报告；确认不是子公司、同名企业或错误简称后再抽取页码和原文。,确认母公司主报告；记录 source_file/source_path/report_year/page_count；不得使用子公司、同名企业或误匹配报告。,False,unmatched,,,0,report_unmatched,0,0,0,0,0,0,0,0,0,,,,,
139,476,r476_powercorpofcanada,POWER CORP. OF CANADA,加拿大鲍尔集团,no_parent_report,缺母公司报告,P0_source_matching,先补母公司 ESG/可持续发展/气候报告；确认不是子公司、同名企业或错误简称后再抽取页码和原文。,确认母公司主报告；记录 source_file/source_path/report_year/page_count；不得使用子公司、同名企业或误匹配报告。,False,unmatched,,,0,report_unmatched,0,0,0,0,0,0,0,0,0,,,,,
140,483,r483_chinanationalaviationfuelgroup,CHINA NATIONAL AVIATION FUEL GROUP,中国航空油料集团有限公司,no_parent_report,缺母公司报告,P0_source_matching,先补母公司 ESG/可持续发展/气候报告；确认不是子公司、同名企业或错误简称后再抽取页码和原文。,确认母公司主报告；记录 source_file/source_path/report_year/page_count；不得使用子公司、同名企业或误匹配报告。,False,unmatched,,,0,report_unmatched,0,0,0,0,0,0,0,0,0,,,,,
141,488,r488_luxshareprecisionindustry,LUXSHARE PRECISION INDUSTRY,立讯精密工业股份有限公司,no_parent_report,缺母公司报告,P0_source_matching,先补母公司 ESG/可持续发展/气候报告；确认不是子公司、同名企业或错误简称后再抽取页码和原文。,确认母公司主报告；记录 source_file/source_path/report_year/page_count；不得使用子公司、同名企业或误匹配报告。,False,unmatched,,,0,report_unmatched,0,0,0,0,0,0,0,0,0,,,,,
142,490,r490_visa公司,Visa公司,Visa公司,no_parent_report,缺母公司报告,P0_source_matching,先补母公司 ESG/可持续发展/气候报告；确认不是子公司、同名企业或错误简称后再抽取页码和原文。,确认母公司主报告；记录 source_file/source_path/report_year/page_count；不得使用子公司、同名企业或误匹配报告。,False,unmatched,,,0,report_unmatched,0,0,0,0,0,0,0,0,0,,,,,
143,496,r496_airfranceklmgroup,AIR FRANCE-KLM GROUP,法国航空－荷兰皇家航空集团,no_parent_report,缺母公司报告,P0_source_matching,先补母公司 ESG/可持续发展/气候报告；确认不是子公司、同名企业或错误简称后再抽取页码和原文。,确认母公司主报告；记录 source_file/source_path/report_year/page_count；不得使用子公司、同名企业或误匹配报告。,False,unmatched,,,0,report_unmatched,0,0,0,0,0,0,0,0,0,,,,,
144,497,r497_enbridge公司,Enbridge公司,Enbridge公司,no_parent_report,缺母公司报告,P0_source_matching,先补母公司 ESG/可持续发展/气候报告；确认不是子公司、同名企业或错误简称后再抽取页码和原文。,确认母公司主报告；记录 source_file/source_path/report_year/page_count；不得使用子公司、同名企业或误匹配报告。,False,unmatched,,,0,report_unmatched,0,0,0,0,0,0,0,0,0,,,,,
145,499,r499_enbridge公司,Enbridge公司,Enbridge公司,no_parent_report,缺母公司报告,P0_source_matching,先补母公司 ESG/可持续发展/气候报告；确认不是子公司、同名企业或错误简称后再抽取页码和原文。,确认母公司主报告；记录 source_file/source_path/report_year/page_count；不得使用子公司、同名企业或误匹配报告。,False,unmatched,,,0,report_unmatched,0,0,0,0,0,0,0,0,0,,,,,
