queue_id,company_id,world500_rank,company_name_en,report_id,inventory_year,financial_subsector,cat15_disclosure_status,pcaf_standard_mentioned,financed_or_facilitated_or_insured,asset_class,portfolio_segment,absolute_emissions_mtco2e,intensity_value,intensity_unit,attribution_factor,exposure_amount,evic_or_enterprise_value,pcaf_data_quality_score,coverage_percent,scope_included,evidence_page,source_file,review_decision,reviewer_note,confidence_level
pcaf_cat15_00001,r008_unitedhealthgroup,8,UNITEDHEALTH GROUP,,,,not_assessed,,,business_loans_unlisted_equity,,,,,,,,,,,,,,,
pcaf_cat15_00002,r008_unitedhealthgroup,8,UNITEDHEALTH GROUP,,,,not_assessed,,,commercial_real_estate,,,,,,,,,,,,,,,
pcaf_cat15_00003,r008_unitedhealthgroup,8,UNITEDHEALTH GROUP,,,,not_assessed,,,listed_equity_corporate_bonds,,,,,,,,,,,,,,,
pcaf_cat15_00004,r008_unitedhealthgroup,8,UNITEDHEALTH GROUP,,,,not_assessed,,,mortgages,,,,,,,,,,,,,,,
pcaf_cat15_00005,r008_unitedhealthgroup,8,UNITEDHEALTH GROUP,,,,not_assessed,,,motor_vehicle_loans,,,,,,,,,,,,,,,
pcaf_cat15_00006,r008_unitedhealthgroup,8,UNITEDHEALTH GROUP,,,,not_assessed,,,project_finance,,,,,,,,,,,,,,,
pcaf_cat15_00007,r009_berkshirehathaway,9,BERKSHIRE HATHAWAY,,,,not_assessed,,,business_loans_unlisted_equity,,,,,,,,,,,,,,,
pcaf_cat15_00008,r009_berkshirehathaway,9,BERKSHIRE HATHAWAY,,,,not_assessed,,,commercial_real_estate,,,,,,,,,,,,,,,
pcaf_cat15_00009,r009_berkshirehathaway,9,BERKSHIRE HATHAWAY,,,,not_assessed,,,listed_equity_corporate_bonds,,,,,,,,,,,,,,,
pcaf_cat15_00010,r009_berkshirehathaway,9,BERKSHIRE HATHAWAY,,,,not_assessed,,,mortgages,,,,,,,,,,,,,,,
pcaf_cat15_00011,r009_berkshirehathaway,9,BERKSHIRE HATHAWAY,,,,not_assessed,,,motor_vehicle_loans,,,,,,,,,,,,,,,
pcaf_cat15_00012,r009_berkshirehathaway,9,BERKSHIRE HATHAWAY,,,,not_assessed,,,project_finance,,,,,,,,,,,,,,,
pcaf_cat15_00013,r021_jpmorganchase,21,JPMORGAN CHASE,,,,not_assessed,,,business_loans_unlisted_equity,,,,,,,,,,,,,,,
pcaf_cat15_00014,r021_jpmorganchase,21,JPMORGAN CHASE,,,,not_assessed,,,commercial_real_estate,,,,,,,,,,,,,,,
pcaf_cat15_00015,r021_jpmorganchase,21,JPMORGAN CHASE,,,,not_assessed,,,listed_equity_corporate_bonds,,,,,,,,,,,,,,,
pcaf_cat15_00016,r021_jpmorganchase,21,JPMORGAN CHASE,,,,not_assessed,,,mortgages,,,,,,,,,,,,,,,
pcaf_cat15_00017,r021_jpmorganchase,21,JPMORGAN CHASE,,,,not_assessed,,,motor_vehicle_loans,,,,,,,,,,,,,,,
pcaf_cat15_00018,r021_jpmorganchase,21,JPMORGAN CHASE,,,,not_assessed,,,project_finance,,,,,,,,,,,,,,,
pcaf_cat15_00019,r022_industrialandcommercialbankofchina,22,INDUSTRIAL & COMMERCIAL BANK OF CHINA,,,,not_assessed,,,business_loans_unlisted_equity,,,,,,,,,,,,,,,
pcaf_cat15_00020,r022_industrialandcommercialbankofchina,22,INDUSTRIAL & COMMERCIAL BANK OF CHINA,,,,not_assessed,,,commercial_real_estate,,,,,,,,,,,,,,,
pcaf_cat15_00021,r022_industrialandcommercialbankofchina,22,INDUSTRIAL & COMMERCIAL BANK OF CHINA,,,,not_assessed,,,listed_equity_corporate_bonds,,,,,,,,,,,,,,,
pcaf_cat15_00022,r022_industrialandcommercialbankofchina,22,INDUSTRIAL & COMMERCIAL BANK OF CHINA,,,,not_assessed,,,mortgages,,,,,,,,,,,,,,,
pcaf_cat15_00023,r022_industrialandcommercialbankofchina,22,INDUSTRIAL & COMMERCIAL BANK OF CHINA,,,,not_assessed,,,motor_vehicle_loans,,,,,,,,,,,,,,,
pcaf_cat15_00024,r022_industrialandcommercialbankofchina,22,INDUSTRIAL & COMMERCIAL BANK OF CHINA,,,,not_assessed,,,project_finance,,,,,,,,,,,,,,,
pcaf_cat15_00025,r030_chinaconstructionbank,30,CHINA CONSTRUCTION BANK,,,,not_assessed,,,business_loans_unlisted_equity,,,,,,,,,,,,,,,
pcaf_cat15_00026,r030_chinaconstructionbank,30,CHINA CONSTRUCTION BANK,,,,not_assessed,,,commercial_real_estate,,,,,,,,,,,,,,,
pcaf_cat15_00027,r030_chinaconstructionbank,30,CHINA CONSTRUCTION BANK,,,,not_assessed,,,listed_equity_corporate_bonds,,,,,,,,,,,,,,,
pcaf_cat15_00028,r030_chinaconstructionbank,30,CHINA CONSTRUCTION BANK,,,,not_assessed,,,mortgages,,,,,,,,,,,,,,,
pcaf_cat15_00029,r030_chinaconstructionbank,30,CHINA CONSTRUCTION BANK,,,,not_assessed,,,motor_vehicle_loans,,,,,,,,,,,,,,,
pcaf_cat15_00030,r030_chinaconstructionbank,30,CHINA CONSTRUCTION BANK,,,,not_assessed,,,project_finance,,,,,,,,,,,,,,,
pcaf_cat15_00031,r033_cignagroup,33,CIGNA GROUP,,,,not_assessed,,,business_loans_unlisted_equity,,,,,,,,,,,,,,,
pcaf_cat15_00032,r033_cignagroup,33,CIGNA GROUP,,,,not_assessed,,,commercial_real_estate,,,,,,,,,,,,,,,
pcaf_cat15_00033,r033_cignagroup,33,CIGNA GROUP,,,,not_assessed,,,listed_equity_corporate_bonds,,,,,,,,,,,,,,,
pcaf_cat15_00034,r033_cignagroup,33,CIGNA GROUP,,,,not_assessed,,,mortgages,,,,,,,,,,,,,,,
pcaf_cat15_00035,r033_cignagroup,33,CIGNA GROUP,,,,not_assessed,,,motor_vehicle_loans,,,,,,,,,,,,,,,
pcaf_cat15_00036,r033_cignagroup,33,CIGNA GROUP,,,,not_assessed,,,project_finance,,,,,,,,,,,,,,,
pcaf_cat15_00037,r034_agriculturalbankofchina,34,AGRICULTURAL BANK OF CHINA,,,,not_assessed,,,business_loans_unlisted_equity,,,,,,,,,,,,,,,
pcaf_cat15_00038,r034_agriculturalbankofchina,34,AGRICULTURAL BANK OF CHINA,,,,not_assessed,,,commercial_real_estate,,,,,,,,,,,,,,,
pcaf_cat15_00039,r034_agriculturalbankofchina,34,AGRICULTURAL BANK OF CHINA,,,,not_assessed,,,listed_equity_corporate_bonds,,,,,,,,,,,,,,,
pcaf_cat15_00040,r034_agriculturalbankofchina,34,AGRICULTURAL BANK OF CHINA,,,,not_assessed,,,mortgages,,,,,,,,,,,,,,,
pcaf_cat15_00041,r034_agriculturalbankofchina,34,AGRICULTURAL BANK OF CHINA,,,,not_assessed,,,motor_vehicle_loans,,,,,,,,,,,,,,,
pcaf_cat15_00042,r034_agriculturalbankofchina,34,AGRICULTURAL BANK OF CHINA,,,,not_assessed,,,project_finance,,,,,,,,,,,,,,,
pcaf_cat15_00043,r037_bankofchina,37,BANK OF CHINA,,,,not_assessed,,,business_loans_unlisted_equity,,,,,,,,,,,,,,,
pcaf_cat15_00044,r037_bankofchina,37,BANK OF CHINA,,,,not_assessed,,,commercial_real_estate,,,,,,,,,,,,,,,
pcaf_cat15_00045,r037_bankofchina,37,BANK OF CHINA,,,,not_assessed,,,listed_equity_corporate_bonds,,,,,,,,,,,,,,,
pcaf_cat15_00046,r037_bankofchina,37,BANK OF CHINA,,,,not_assessed,,,mortgages,,,,,,,,,,,,,,,
pcaf_cat15_00047,r037_bankofchina,37,BANK OF CHINA,,,,not_assessed,,,motor_vehicle_loans,,,,,,,,,,,,,,,
pcaf_cat15_00048,r037_bankofchina,37,BANK OF CHINA,,,,not_assessed,,,project_finance,,,,,,,,,,,,,,,
pcaf_cat15_00049,r038_bankofamerica,38,BANK OF AMERICA,,,,not_assessed,,,business_loans_unlisted_equity,,,,,,,,,,,,,,,
pcaf_cat15_00050,r038_bankofamerica,38,BANK OF AMERICA,,,,not_assessed,,,commercial_real_estate,,,,,,,,,,,,,,,
pcaf_cat15_00051,r038_bankofamerica,38,BANK OF AMERICA,,,,not_assessed,,,listed_equity_corporate_bonds,,,,,,,,,,,,,,,
pcaf_cat15_00052,r038_bankofamerica,38,BANK OF AMERICA,,,,not_assessed,,,mortgages,,,,,,,,,,,,,,,
pcaf_cat15_00053,r038_bankofamerica,38,BANK OF AMERICA,,,,not_assessed,,,motor_vehicle_loans,,,,,,,,,,,,,,,
pcaf_cat15_00054,r038_bankofamerica,38,BANK OF AMERICA,,,,not_assessed,,,project_finance,,,,,,,,,,,,,,,
pcaf_cat15_00055,r040_elevancehealth公司,40,Elevance Health公司,,,,not_assessed,,,business_loans_unlisted_equity,,,,,,,,,,,,,,,
pcaf_cat15_00056,r040_elevancehealth公司,40,Elevance Health公司,,,,not_assessed,,,commercial_real_estate,,,,,,,,,,,,,,,
pcaf_cat15_00057,r040_elevancehealth公司,40,Elevance Health公司,,,,not_assessed,,,listed_equity_corporate_bonds,,,,,,,,,,,,,,,
pcaf_cat15_00058,r040_elevancehealth公司,40,Elevance Health公司,,,,not_assessed,,,mortgages,,,,,,,,,,,,,,,
pcaf_cat15_00059,r040_elevancehealth公司,40,Elevance Health公司,,,,not_assessed,,,motor_vehicle_loans,,,,,,,,,,,,,,,
pcaf_cat15_00060,r040_elevancehealth公司,40,Elevance Health公司,,,,not_assessed,,,project_finance,,,,,,,,,,,,,,,
pcaf_cat15_00061,r045_citigroup,45,CITIGROUP,,,,not_assessed,,,business_loans_unlisted_equity,,,,,,,,,,,,,,,
pcaf_cat15_00062,r045_citigroup,45,CITIGROUP,,,,not_assessed,,,commercial_real_estate,,,,,,,,,,,,,,,
pcaf_cat15_00063,r045_citigroup,45,CITIGROUP,,,,not_assessed,,,listed_equity_corporate_bonds,,,,,,,,,,,,,,,
pcaf_cat15_00064,r045_citigroup,45,CITIGROUP,,,,not_assessed,,,mortgages,,,,,,,,,,,,,,,
pcaf_cat15_00065,r045_citigroup,45,CITIGROUP,,,,not_assessed,,,motor_vehicle_loans,,,,,,,,,,,,,,,
pcaf_cat15_00066,r045_citigroup,45,CITIGROUP,,,,not_assessed,,,project_finance,,,,,,,,,,,,,,,
pcaf_cat15_00067,r046_centene公司,46,Centene,,,,not_assessed,,,business_loans_unlisted_equity,,,,,,,,,,,,,,,
pcaf_cat15_00068,r046_centene公司,46,Centene,,,,not_assessed,,,commercial_real_estate,,,,,,,,,,,,,,,
pcaf_cat15_00069,r046_centene公司,46,Centene,,,,not_assessed,,,listed_equity_corporate_bonds,,,,,,,,,,,,,,,
pcaf_cat15_00070,r046_centene公司,46,Centene,,,,not_assessed,,,mortgages,,,,,,,,,,,,,,,
pcaf_cat15_00071,r046_centene公司,46,Centene,,,,not_assessed,,,motor_vehicle_loans,,,,,,,,,,,,,,,
pcaf_cat15_00072,r046_centene公司,46,Centene,,,,not_assessed,,,project_finance,,,,,,,,,,,,,,,
pcaf_cat15_00073,r053_pinganinsurance,53,PING AN INSURANCE,,,,not_assessed,,,business_loans_unlisted_equity,,,,,,,,,,,,,,,
pcaf_cat15_00074,r053_pinganinsurance,53,PING AN INSURANCE,,,,not_assessed,,,commercial_real_estate,,,,,,,,,,,,,,,
pcaf_cat15_00075,r053_pinganinsurance,53,PING AN INSURANCE,,,,not_assessed,,,listed_equity_corporate_bonds,,,,,,,,,,,,,,,
pcaf_cat15_00076,r053_pinganinsurance,53,PING AN INSURANCE,,,,not_assessed,,,mortgages,,,,,,,,,,,,,,,
pcaf_cat15_00077,r053_pinganinsurance,53,PING AN INSURANCE,,,,not_assessed,,,motor_vehicle_loans,,,,,,,,,,,,,,,
pcaf_cat15_00078,r053_pinganinsurance,53,PING AN INSURANCE,,,,not_assessed,,,project_finance,,,,,,,,,,,,,,,
pcaf_cat15_00079,r058_fanniemae,58,FANNIE MAE,,,,not_assessed,,,business_loans_unlisted_equity,,,,,,,,,,,,,,,
pcaf_cat15_00080,r058_fanniemae,58,FANNIE MAE,,,,not_assessed,,,commercial_real_estate,,,,,,,,,,,,,,,
pcaf_cat15_00081,r058_fanniemae,58,FANNIE MAE,,,,not_assessed,,,listed_equity_corporate_bonds,,,,,,,,,,,,,,,
pcaf_cat15_00082,r058_fanniemae,58,FANNIE MAE,,,,not_assessed,,,mortgages,,,,,,,,,,,,,,,
pcaf_cat15_00083,r058_fanniemae,58,FANNIE MAE,,,,not_assessed,,,motor_vehicle_loans,,,,,,,,,,,,,,,
pcaf_cat15_00084,r058_fanniemae,58,FANNIE MAE,,,,not_assessed,,,project_finance,,,,,,,,,,,,,,,
pcaf_cat15_00085,r059_chinalifeinsurance,59,CHINA LIFE INSURANCE,,,,not_assessed,,,business_loans_unlisted_equity,,,,,,,,,,,,,,,
pcaf_cat15_00086,r059_chinalifeinsurance,59,CHINA LIFE INSURANCE,,,,not_assessed,,,commercial_real_estate,,,,,,,,,,,,,,,
pcaf_cat15_00087,r059_chinalifeinsurance,59,CHINA LIFE INSURANCE,,,,not_assessed,,,listed_equity_corporate_bonds,,,,,,,,,,,,,,,
pcaf_cat15_00088,r059_chinalifeinsurance,59,CHINA LIFE INSURANCE,,,,not_assessed,,,mortgages,,,,,,,,,,,,,,,
pcaf_cat15_00089,r059_chinalifeinsurance,59,CHINA LIFE INSURANCE,,,,not_assessed,,,motor_vehicle_loans,,,,,,,,,,,,,,,
pcaf_cat15_00090,r059_chinalifeinsurance,59,CHINA LIFE INSURANCE,,,,not_assessed,,,project_finance,,,,,,,,,,,,,,,
pcaf_cat15_00091,r062_bancosantander,62,BANCO SANTANDER,,,,not_assessed,,,business_loans_unlisted_equity,,,,,,,,,,,,,,,
pcaf_cat15_00092,r062_bancosantander,62,BANCO SANTANDER,,,,not_assessed,,,commercial_real_estate,,,,,,,,,,,,,,,
pcaf_cat15_00093,r062_bancosantander,62,BANCO SANTANDER,,,,not_assessed,,,listed_equity_corporate_bonds,,,,,,,,,,,,,,,
pcaf_cat15_00094,r062_bancosantander,62,BANCO SANTANDER,,,,not_assessed,,,mortgages,,,,,,,,,,,,,,,
pcaf_cat15_00095,r062_bancosantander,62,BANCO SANTANDER,,,,not_assessed,,,motor_vehicle_loans,,,,,,,,,,,,,,,
pcaf_cat15_00096,r062_bancosantander,62,BANCO SANTANDER,,,,not_assessed,,,project_finance,,,,,,,,,,,,,,,
pcaf_cat15_00097,r064_bnpparibas,64,BNP PARIBAS,,,,not_assessed,,,business_loans_unlisted_equity,,,,,,,,,,,,,,,
pcaf_cat15_00098,r064_bnpparibas,64,BNP PARIBAS,,,,not_assessed,,,commercial_real_estate,,,,,,,,,,,,,,,
pcaf_cat15_00099,r064_bnpparibas,64,BNP PARIBAS,,,,not_assessed,,,listed_equity_corporate_bonds,,,,,,,,,,,,,,,
pcaf_cat15_00100,r064_bnpparibas,64,BNP PARIBAS,,,,not_assessed,,,mortgages,,,,,,,,,,,,,,,
pcaf_cat15_00101,r064_bnpparibas,64,BNP PARIBAS,,,,not_assessed,,,motor_vehicle_loans,,,,,,,,,,,,,,,
pcaf_cat15_00102,r064_bnpparibas,64,BNP PARIBAS,,,,not_assessed,,,project_finance,,,,,,,,,,,,,,,
pcaf_cat15_00103,r067_hsbcholdings,67,HSBC HOLDINGS,,,,not_assessed,,,business_loans_unlisted_equity,,,,,,,,,,,,,,,
pcaf_cat15_00104,r067_hsbcholdings,67,HSBC HOLDINGS,,,,not_assessed,,,commercial_real_estate,,,,,,,,,,,,,,,
pcaf_cat15_00105,r067_hsbcholdings,67,HSBC HOLDINGS,,,,not_assessed,,,listed_equity_corporate_bonds,,,,,,,,,,,,,,,
pcaf_cat15_00106,r067_hsbcholdings,67,HSBC HOLDINGS,,,,not_assessed,,,mortgages,,,,,,,,,,,,,,,
pcaf_cat15_00107,r067_hsbcholdings,67,HSBC HOLDINGS,,,,not_assessed,,,motor_vehicle_loans,,,,,,,,,,,,,,,
pcaf_cat15_00108,r067_hsbcholdings,67,HSBC HOLDINGS,,,,not_assessed,,,project_finance,,,,,,,,,,,,,,,
pcaf_cat15_00109,r071_citicgroup,71,CITIC GROUP,,,,not_assessed,,,business_loans_unlisted_equity,,,,,,,,,,,,,,,
pcaf_cat15_00110,r071_citicgroup,71,CITIC GROUP,,,,not_assessed,,,commercial_real_estate,,,,,,,,,,,,,,,
pcaf_cat15_00111,r071_citicgroup,71,CITIC GROUP,,,,not_assessed,,,listed_equity_corporate_bonds,,,,,,,,,,,,,,,
pcaf_cat15_00112,r071_citicgroup,71,CITIC GROUP,,,,not_assessed,,,mortgages,,,,,,,,,,,,,,,
pcaf_cat15_00113,r071_citicgroup,71,CITIC GROUP,,,,not_assessed,,,motor_vehicle_loans,,,,,,,,,,,,,,,
pcaf_cat15_00114,r071_citicgroup,71,CITIC GROUP,,,,not_assessed,,,project_finance,,,,,,,,,,,,,,,
pcaf_cat15_00115,r072_chinaresources,72,CHINA RESOURCES,,,,not_assessed,,,business_loans_unlisted_equity,,,,,,,,,,,,,,,
pcaf_cat15_00116,r072_chinaresources,72,CHINA RESOURCES,,,,not_assessed,,,commercial_real_estate,,,,,,,,,,,,,,,
pcaf_cat15_00117,r072_chinaresources,72,CHINA RESOURCES,,,,not_assessed,,,listed_equity_corporate_bonds,,,,,,,,,,,,,,,
pcaf_cat15_00118,r072_chinaresources,72,CHINA RESOURCES,,,,not_assessed,,,mortgages,,,,,,,,,,,,,,,
pcaf_cat15_00119,r072_chinaresources,72,CHINA RESOURCES,,,,not_assessed,,,motor_vehicle_loans,,,,,,,,,,,,,,,
pcaf_cat15_00120,r072_chinaresources,72,CHINA RESOURCES,,,,not_assessed,,,project_finance,,,,,,,,,,,,,,,
pcaf_cat15_00121,r080_wellsfargo,80,WELLS FARGO,,,,not_assessed,,,business_loans_unlisted_equity,,,,,,,,,,,,,,,
pcaf_cat15_00122,r080_wellsfargo,80,WELLS FARGO,,,,not_assessed,,,commercial_real_estate,,,,,,,,,,,,,,,
pcaf_cat15_00123,r080_wellsfargo,80,WELLS FARGO,,,,not_assessed,,,listed_equity_corporate_bonds,,,,,,,,,,,,,,,
pcaf_cat15_00124,r080_wellsfargo,80,WELLS FARGO,,,,not_assessed,,,mortgages,,,,,,,,,,,,,,,
pcaf_cat15_00125,r080_wellsfargo,80,WELLS FARGO,,,,not_assessed,,,motor_vehicle_loans,,,,,,,,,,,,,,,
pcaf_cat15_00126,r080_wellsfargo,80,WELLS FARGO,,,,not_assessed,,,project_finance,,,,,,,,,,,,,,,
pcaf_cat15_00127,r082_allianz,82,ALLIANZ,,,,not_assessed,,,business_loans_unlisted_equity,,,,,,,,,,,,,,,
pcaf_cat15_00128,r082_allianz,82,ALLIANZ,,,,not_assessed,,,commercial_real_estate,,,,,,,,,,,,,,,
pcaf_cat15_00129,r082_allianz,82,ALLIANZ,,,,not_assessed,,,listed_equity_corporate_bonds,,,,,,,,,,,,,,,
pcaf_cat15_00130,r082_allianz,82,ALLIANZ,,,,not_assessed,,,mortgages,,,,,,,,,,,,,,,
pcaf_cat15_00131,r082_allianz,82,ALLIANZ,,,,not_assessed,,,motor_vehicle_loans,,,,,,,,,,,,,,,
pcaf_cat15_00132,r082_allianz,82,ALLIANZ,,,,not_assessed,,,project_finance,,,,,,,,,,,,,,,
pcaf_cat15_00133,r087_goldmansachsgroup,87,GOLDMAN SACHS GROUP,,,,not_assessed,,,business_loans_unlisted_equity,,,,,,,,,,,,,,,
pcaf_cat15_00134,r087_goldmansachsgroup,87,GOLDMAN SACHS GROUP,,,,not_assessed,,,commercial_real_estate,,,,,,,,,,,,,,,
pcaf_cat15_00135,r087_goldmansachsgroup,87,GOLDMAN SACHS GROUP,,,,not_assessed,,,listed_equity_corporate_bonds,,,,,,,,,,,,,,,
pcaf_cat15_00136,r087_goldmansachsgroup,87,GOLDMAN SACHS GROUP,,,,not_assessed,,,mortgages,,,,,,,,,,,,,,,
pcaf_cat15_00137,r087_goldmansachsgroup,87,GOLDMAN SACHS GROUP,,,,not_assessed,,,motor_vehicle_loans,,,,,,,,,,,,,,,
pcaf_cat15_00138,r087_goldmansachsgroup,87,GOLDMAN SACHS GROUP,,,,not_assessed,,,project_finance,,,,,,,,,,,,,,,
pcaf_cat15_00139,r088_freddiemac,88,FREDDIE MAC,,,,not_assessed,,,business_loans_unlisted_equity,,,,,,,,,,,,,,,
pcaf_cat15_00140,r088_freddiemac,88,FREDDIE MAC,,,,not_assessed,,,commercial_real_estate,,,,,,,,,,,,,,,
pcaf_cat15_00141,r088_freddiemac,88,FREDDIE MAC,,,,not_assessed,,,listed_equity_corporate_bonds,,,,,,,,,,,,,,,
pcaf_cat15_00142,r088_freddiemac,88,FREDDIE MAC,,,,not_assessed,,,mortgages,,,,,,,,,,,,,,,
pcaf_cat15_00143,r088_freddiemac,88,FREDDIE MAC,,,,not_assessed,,,motor_vehicle_loans,,,,,,,,,,,,,,,
pcaf_cat15_00144,r088_freddiemac,88,FREDDIE MAC,,,,not_assessed,,,project_finance,,,,,,,,,,,,,,,
pcaf_cat15_00145,r092_humana,92,HUMANA,,,,not_assessed,,,business_loans_unlisted_equity,,,,,,,,,,,,,,,
pcaf_cat15_00146,r092_humana,92,HUMANA,,,,not_assessed,,,commercial_real_estate,,,,,,,,,,,,,,,
pcaf_cat15_00147,r092_humana,92,HUMANA,,,,not_assessed,,,listed_equity_corporate_bonds,,,,,,,,,,,,,,,
pcaf_cat15_00148,r092_humana,92,HUMANA,,,,not_assessed,,,mortgages,,,,,,,,,,,,,,,
pcaf_cat15_00149,r092_humana,92,HUMANA,,,,not_assessed,,,motor_vehicle_loans,,,,,,,,,,,,,,,
pcaf_cat15_00150,r092_humana,92,HUMANA,,,,not_assessed,,,project_finance,,,,,,,,,,,,,,,
pcaf_cat15_00151,r094_statefarminsurance,94,STATE FARM INSURANCE,,,,not_assessed,,,business_loans_unlisted_equity,,,,,,,,,,,,,,,
pcaf_cat15_00152,r094_statefarminsurance,94,STATE FARM INSURANCE,,,,not_assessed,,,commercial_real_estate,,,,,,,,,,,,,,,
pcaf_cat15_00153,r094_statefarminsurance,94,STATE FARM INSURANCE,,,,not_assessed,,,listed_equity_corporate_bonds,,,,,,,,,,,,,,,
pcaf_cat15_00154,r094_statefarminsurance,94,STATE FARM INSURANCE,,,,not_assessed,,,mortgages,,,,,,,,,,,,,,,
pcaf_cat15_00155,r094_statefarminsurance,94,STATE FARM INSURANCE,,,,not_assessed,,,motor_vehicle_loans,,,,,,,,,,,,,,,
pcaf_cat15_00156,r094_statefarminsurance,94,STATE FARM INSURANCE,,,,not_assessed,,,project_finance,,,,,,,,,,,,,,,
pcaf_cat15_00157,r095_lifeinsurancecorpofindia,95,LIFE INSURANCE CORP. OF INDIA,,,,not_assessed,,,business_loans_unlisted_equity,,,,,,,,,,,,,,,
pcaf_cat15_00158,r095_lifeinsurancecorpofindia,95,LIFE INSURANCE CORP. OF INDIA,,,,not_assessed,,,commercial_real_estate,,,,,,,,,,,,,,,
pcaf_cat15_00159,r095_lifeinsurancecorpofindia,95,LIFE INSURANCE CORP. OF INDIA,,,,not_assessed,,,listed_equity_corporate_bonds,,,,,,,,,,,,,,,
pcaf_cat15_00160,r095_lifeinsurancecorpofindia,95,LIFE INSURANCE CORP. OF INDIA,,,,not_assessed,,,mortgages,,,,,,,,,,,,,,,
pcaf_cat15_00161,r095_lifeinsurancecorpofindia,95,LIFE INSURANCE CORP. OF INDIA,,,,not_assessed,,,motor_vehicle_loans,,,,,,,,,,,,,,,
pcaf_cat15_00162,r095_lifeinsurancecorpofindia,95,LIFE INSURANCE CORP. OF INDIA,,,,not_assessed,,,project_finance,,,,,,,,,,,,,,,
pcaf_cat15_00163,r104_sociétégénérale,104,SOCIÉTÉ GÉNÉRALE,,,,not_assessed,,,business_loans_unlisted_equity,,,,,,,,,,,,,,,
pcaf_cat15_00164,r104_sociétégénérale,104,SOCIÉTÉ GÉNÉRALE,,,,not_assessed,,,commercial_real_estate,,,,,,,,,,,,,,,
pcaf_cat15_00165,r104_sociétégénérale,104,SOCIÉTÉ GÉNÉRALE,,,,not_assessed,,,listed_equity_corporate_bonds,,,,,,,,,,,,,,,
pcaf_cat15_00166,r104_sociétégénérale,104,SOCIÉTÉ GÉNÉRALE,,,,not_assessed,,,mortgages,,,,,,,,,,,,,,,
pcaf_cat15_00167,r104_sociétégénérale,104,SOCIÉTÉ GÉNÉRALE,,,,not_assessed,,,motor_vehicle_loans,,,,,,,,,,,,,,,
pcaf_cat15_00168,r104_sociétégénérale,104,SOCIÉTÉ GÉNÉRALE,,,,not_assessed,,,project_finance,,,,,,,,,,,,,,,
pcaf_cat15_00169,r111_morganstanley,111,MORGAN STANLEY,,,,not_assessed,,,business_loans_unlisted_equity,,,,,,,,,,,,,,,
pcaf_cat15_00170,r111_morganstanley,111,MORGAN STANLEY,,,,not_assessed,,,commercial_real_estate,,,,,,,,,,,,,,,
pcaf_cat15_00171,r111_morganstanley,111,MORGAN STANLEY,,,,not_assessed,,,listed_equity_corporate_bonds,,,,,,,,,,,,,,,
pcaf_cat15_00172,r111_morganstanley,111,MORGAN STANLEY,,,,not_assessed,,,mortgages,,,,,,,,,,,,,,,
pcaf_cat15_00173,r111_morganstanley,111,MORGAN STANLEY,,,,not_assessed,,,motor_vehicle_loans,,,,,,,,,,,,,,,
pcaf_cat15_00174,r111_morganstanley,111,MORGAN STANLEY,,,,not_assessed,,,project_finance,,,,,,,,,,,,,,,
pcaf_cat15_00175,r113_brookfield,113,BROOKFIELD,,,,not_assessed,,,business_loans_unlisted_equity,,,,,,,,,,,,,,,
pcaf_cat15_00176,r113_brookfield,113,BROOKFIELD,,,,not_assessed,,,commercial_real_estate,,,,,,,,,,,,,,,
pcaf_cat15_00177,r113_brookfield,113,BROOKFIELD,,,,not_assessed,,,listed_equity_corporate_bonds,,,,,,,,,,,,,,,
pcaf_cat15_00178,r113_brookfield,113,BROOKFIELD,,,,not_assessed,,,mortgages,,,,,,,,,,,,,,,
pcaf_cat15_00179,r113_brookfield,113,BROOKFIELD,,,,not_assessed,,,motor_vehicle_loans,,,,,,,,,,,,,,,
pcaf_cat15_00180,r113_brookfield,113,BROOKFIELD,,,,not_assessed,,,project_finance,,,,,,,,,,,,,,,
pcaf_cat15_00181,r118_créditagricole,118,CRÉDIT AGRICOLE,,,,not_assessed,,,business_loans_unlisted_equity,,,,,,,,,,,,,,,
pcaf_cat15_00182,r118_créditagricole,118,CRÉDIT AGRICOLE,,,,not_assessed,,,commercial_real_estate,,,,,,,,,,,,,,,
pcaf_cat15_00183,r118_créditagricole,118,CRÉDIT AGRICOLE,,,,not_assessed,,,listed_equity_corporate_bonds,,,,,,,,,,,,,,,
pcaf_cat15_00184,r118_créditagricole,118,CRÉDIT AGRICOLE,,,,not_assessed,,,mortgages,,,,,,,,,,,,,,,
pcaf_cat15_00185,r118_créditagricole,118,CRÉDIT AGRICOLE,,,,not_assessed,,,motor_vehicle_loans,,,,,,,,,,,,,,,
pcaf_cat15_00186,r118_créditagricole,118,CRÉDIT AGRICOLE,,,,not_assessed,,,project_finance,,,,,,,,,,,,,,,
pcaf_cat15_00187,r126_axa,126,AXA,,,,not_assessed,,,business_loans_unlisted_equity,,,,,,,,,,,,,,,
pcaf_cat15_00188,r126_axa,126,AXA,,,,not_assessed,,,commercial_real_estate,,,,,,,,,,,,,,,
pcaf_cat15_00189,r126_axa,126,AXA,,,,not_assessed,,,listed_equity_corporate_bonds,,,,,,,,,,,,,,,
pcaf_cat15_00190,r126_axa,126,AXA,,,,not_assessed,,,mortgages,,,,,,,,,,,,,,,
pcaf_cat15_00191,r126_axa,126,AXA,,,,not_assessed,,,motor_vehicle_loans,,,,,,,,,,,,,,,
pcaf_cat15_00192,r126_axa,126,AXA,,,,not_assessed,,,project_finance,,,,,,,,,,,,,,,
pcaf_cat15_00193,r137_royalbankofcanada,137,ROYAL BANK OF CANADA,,,,not_assessed,,,business_loans_unlisted_equity,,,,,,,,,,,,,,,
pcaf_cat15_00194,r137_royalbankofcanada,137,ROYAL BANK OF CANADA,,,,not_assessed,,,commercial_real_estate,,,,,,,,,,,,,,,
pcaf_cat15_00195,r137_royalbankofcanada,137,ROYAL BANK OF CANADA,,,,not_assessed,,,listed_equity_corporate_bonds,,,,,,,,,,,,,,,
pcaf_cat15_00196,r137_royalbankofcanada,137,ROYAL BANK OF CANADA,,,,not_assessed,,,mortgages,,,,,,,,,,,,,,,
pcaf_cat15_00197,r137_royalbankofcanada,137,ROYAL BANK OF CANADA,,,,not_assessed,,,motor_vehicle_loans,,,,,,,,,,,,,,,
pcaf_cat15_00198,r137_royalbankofcanada,137,ROYAL BANK OF CANADA,,,,not_assessed,,,project_finance,,,,,,,,,,,,,,,
pcaf_cat15_00199,r144_nipponlifeinsurance,144,NIPPON LIFE INSURANCE,,,,not_assessed,,,business_loans_unlisted_equity,,,,,,,,,,,,,,,
pcaf_cat15_00200,r144_nipponlifeinsurance,144,NIPPON LIFE INSURANCE,,,,not_assessed,,,commercial_real_estate,,,,,,,,,,,,,,,
pcaf_cat15_00201,r144_nipponlifeinsurance,144,NIPPON LIFE INSURANCE,,,,not_assessed,,,listed_equity_corporate_bonds,,,,,,,,,,,,,,,
pcaf_cat15_00202,r144_nipponlifeinsurance,144,NIPPON LIFE INSURANCE,,,,not_assessed,,,mortgages,,,,,,,,,,,,,,,
pcaf_cat15_00203,r144_nipponlifeinsurance,144,NIPPON LIFE INSURANCE,,,,not_assessed,,,motor_vehicle_loans,,,,,,,,,,,,,,,
pcaf_cat15_00204,r144_nipponlifeinsurance,144,NIPPON LIFE INSURANCE,,,,not_assessed,,,project_finance,,,,,,,,,,,,,,,
pcaf_cat15_00205,r146_japanpostholdings,146,JAPAN POST HOLDINGS,,,,not_assessed,,,business_loans_unlisted_equity,,,,,,,,,,,,,,,
pcaf_cat15_00206,r146_japanpostholdings,146,JAPAN POST HOLDINGS,,,,not_assessed,,,commercial_real_estate,,,,,,,,,,,,,,,
pcaf_cat15_00207,r146_japanpostholdings,146,JAPAN POST HOLDINGS,,,,not_assessed,,,listed_equity_corporate_bonds,,,,,,,,,,,,,,,
pcaf_cat15_00208,r146_japanpostholdings,146,JAPAN POST HOLDINGS,,,,not_assessed,,,mortgages,,,,,,,,,,,,,,,
pcaf_cat15_00209,r146_japanpostholdings,146,JAPAN POST HOLDINGS,,,,not_assessed,,,motor_vehicle_loans,,,,,,,,,,,,,,,
pcaf_cat15_00210,r146_japanpostholdings,146,JAPAN POST HOLDINGS,,,,not_assessed,,,project_finance,,,,,,,,,,,,,,,
pcaf_cat15_00211,r148_mitsubishiufjfinancialgroup,148,MITSUBISHI UFJ FINANCIAL GROUP,,,,not_assessed,,,business_loans_unlisted_equity,,,,,,,,,,,,,,,
pcaf_cat15_00212,r148_mitsubishiufjfinancialgroup,148,MITSUBISHI UFJ FINANCIAL GROUP,,,,not_assessed,,,commercial_real_estate,,,,,,,,,,,,,,,
pcaf_cat15_00213,r148_mitsubishiufjfinancialgroup,148,MITSUBISHI UFJ FINANCIAL GROUP,,,,not_assessed,,,listed_equity_corporate_bonds,,,,,,,,,,,,,,,
pcaf_cat15_00214,r148_mitsubishiufjfinancialgroup,148,MITSUBISHI UFJ FINANCIAL GROUP,,,,not_assessed,,,mortgages,,,,,,,,,,,,,,,
pcaf_cat15_00215,r148_mitsubishiufjfinancialgroup,148,MITSUBISHI UFJ FINANCIAL GROUP,,,,not_assessed,,,motor_vehicle_loans,,,,,,,,,,,,,,,
pcaf_cat15_00216,r148_mitsubishiufjfinancialgroup,148,MITSUBISHI UFJ FINANCIAL GROUP,,,,not_assessed,,,project_finance,,,,,,,,,,,,,,,
pcaf_cat15_00217,r154_bankofcommunications,154,BANK OF COMMUNICATIONS,,,,not_assessed,,,business_loans_unlisted_equity,,,,,,,,,,,,,,,
pcaf_cat15_00218,r154_bankofcommunications,154,BANK OF COMMUNICATIONS,,,,not_assessed,,,commercial_real_estate,,,,,,,,,,,,,,,
pcaf_cat15_00219,r154_bankofcommunications,154,BANK OF COMMUNICATIONS,,,,not_assessed,,,listed_equity_corporate_bonds,,,,,,,,,,,,,,,
pcaf_cat15_00220,r154_bankofcommunications,154,BANK OF COMMUNICATIONS,,,,not_assessed,,,mortgages,,,,,,,,,,,,,,,
pcaf_cat15_00221,r154_bankofcommunications,154,BANK OF COMMUNICATIONS,,,,not_assessed,,,motor_vehicle_loans,,,,,,,,,,,,,,,
pcaf_cat15_00222,r154_bankofcommunications,154,BANK OF COMMUNICATIONS,,,,not_assessed,,,project_finance,,,,,,,,,,,,,,,
pcaf_cat15_00223,r158_peoplesinsurancecoofchina,158,PEOPLE'S INSURANCE CO. OF CHINA,,,,not_assessed,,,business_loans_unlisted_equity,,,,,,,,,,,,,,,
pcaf_cat15_00224,r158_peoplesinsurancecoofchina,158,PEOPLE'S INSURANCE CO. OF CHINA,,,,not_assessed,,,commercial_real_estate,,,,,,,,,,,,,,,
pcaf_cat15_00225,r158_peoplesinsurancecoofchina,158,PEOPLE'S INSURANCE CO. OF CHINA,,,,not_assessed,,,listed_equity_corporate_bonds,,,,,,,,,,,,,,,
pcaf_cat15_00226,r158_peoplesinsurancecoofchina,158,PEOPLE'S INSURANCE CO. OF CHINA,,,,not_assessed,,,mortgages,,,,,,,,,,,,,,,
pcaf_cat15_00227,r158_peoplesinsurancecoofchina,158,PEOPLE'S INSURANCE CO. OF CHINA,,,,not_assessed,,,motor_vehicle_loans,,,,,,,,,,,,,,,
pcaf_cat15_00228,r158_peoplesinsurancecoofchina,158,PEOPLE'S INSURANCE CO. OF CHINA,,,,not_assessed,,,project_finance,,,,,,,,,,,,,,,
pcaf_cat15_00229,r164_daiichilifeholdings,164,DAI-ICHI LIFE HOLDINGS,,,,not_assessed,,,business_loans_unlisted_equity,,,,,,,,,,,,,,,
pcaf_cat15_00230,r164_daiichilifeholdings,164,DAI-ICHI LIFE HOLDINGS,,,,not_assessed,,,commercial_real_estate,,,,,,,,,,,,,,,
pcaf_cat15_00231,r164_daiichilifeholdings,164,DAI-ICHI LIFE HOLDINGS,,,,not_assessed,,,listed_equity_corporate_bonds,,,,,,,,,,,,,,,
pcaf_cat15_00232,r164_daiichilifeholdings,164,DAI-ICHI LIFE HOLDINGS,,,,not_assessed,,,mortgages,,,,,,,,,,,,,,,
pcaf_cat15_00233,r164_daiichilifeholdings,164,DAI-ICHI LIFE HOLDINGS,,,,not_assessed,,,motor_vehicle_loans,,,,,,,,,,,,,,,
pcaf_cat15_00234,r164_daiichilifeholdings,164,DAI-ICHI LIFE HOLDINGS,,,,not_assessed,,,project_finance,,,,,,,,,,,,,,,
pcaf_cat15_00235,r168_torontodominionbank,168,TORONTO-DOMINION BANK,,,,not_assessed,,,business_loans_unlisted_equity,,,,,,,,,,,,,,,
pcaf_cat15_00236,r168_torontodominionbank,168,TORONTO-DOMINION BANK,,,,not_assessed,,,commercial_real_estate,,,,,,,,,,,,,,,
pcaf_cat15_00237,r168_torontodominionbank,168,TORONTO-DOMINION BANK,,,,not_assessed,,,listed_equity_corporate_bonds,,,,,,,,,,,,,,,
pcaf_cat15_00238,r168_torontodominionbank,168,TORONTO-DOMINION BANK,,,,not_assessed,,,mortgages,,,,,,,,,,,,,,,
pcaf_cat15_00239,r168_torontodominionbank,168,TORONTO-DOMINION BANK,,,,not_assessed,,,motor_vehicle_loans,,,,,,,,,,,,,,,
pcaf_cat15_00240,r168_torontodominionbank,168,TORONTO-DOMINION BANK,,,,not_assessed,,,project_finance,,,,,,,,,,,,,,,
pcaf_cat15_00241,r174_法国bpce银行集团,174,BPCE Group,,,,not_assessed,,,business_loans_unlisted_equity,,,,,,,,,,,,,,,
pcaf_cat15_00242,r174_法国bpce银行集团,174,BPCE Group,,,,not_assessed,,,commercial_real_estate,,,,,,,,,,,,,,,
pcaf_cat15_00243,r174_法国bpce银行集团,174,BPCE Group,,,,not_assessed,,,listed_equity_corporate_bonds,,,,,,,,,,,,,,,
pcaf_cat15_00244,r174_法国bpce银行集团,174,BPCE Group,,,,not_assessed,,,mortgages,,,,,,,,,,,,,,,
pcaf_cat15_00245,r174_法国bpce银行集团,174,BPCE Group,,,,not_assessed,,,motor_vehicle_loans,,,,,,,,,,,,,,,
pcaf_cat15_00246,r174_法国bpce银行集团,174,BPCE Group,,,,not_assessed,,,project_finance,,,,,,,,,,,,,,,
pcaf_cat15_00247,r178_statebankofindia,178,STATE BANK OF INDIA,,,,not_assessed,,,business_loans_unlisted_equity,,,,,,,,,,,,,,,
pcaf_cat15_00248,r178_statebankofindia,178,STATE BANK OF INDIA,,,,not_assessed,,,commercial_real_estate,,,,,,,,,,,,,,,
pcaf_cat15_00249,r178_statebankofindia,178,STATE BANK OF INDIA,,,,not_assessed,,,listed_equity_corporate_bonds,,,,,,,,,,,,,,,
pcaf_cat15_00250,r178_statebankofindia,178,STATE BANK OF INDIA,,,,not_assessed,,,mortgages,,,,,,,,,,,,,,,
pcaf_cat15_00251,r178_statebankofindia,178,STATE BANK OF INDIA,,,,not_assessed,,,motor_vehicle_loans,,,,,,,,,,,,,,,
pcaf_cat15_00252,r178_statebankofindia,178,STATE BANK OF INDIA,,,,not_assessed,,,project_finance,,,,,,,,,,,,,,,
pcaf_cat15_00253,r179_chinamerchantsbank,179,CHINA MERCHANTS BANK,,,,not_assessed,,,business_loans_unlisted_equity,,,,,,,,,,,,,,,
pcaf_cat15_00254,r179_chinamerchantsbank,179,CHINA MERCHANTS BANK,,,,not_assessed,,,commercial_real_estate,,,,,,,,,,,,,,,
pcaf_cat15_00255,r179_chinamerchantsbank,179,CHINA MERCHANTS BANK,,,,not_assessed,,,listed_equity_corporate_bonds,,,,,,,,,,,,,,,
pcaf_cat15_00256,r179_chinamerchantsbank,179,CHINA MERCHANTS BANK,,,,not_assessed,,,mortgages,,,,,,,,,,,,,,,
pcaf_cat15_00257,r179_chinamerchantsbank,179,CHINA MERCHANTS BANK,,,,not_assessed,,,motor_vehicle_loans,,,,,,,,,,,,,,,
pcaf_cat15_00258,r179_chinamerchantsbank,179,CHINA MERCHANTS BANK,,,,not_assessed,,,project_finance,,,,,,,,,,,,,,,
pcaf_cat15_00259,r182_ubsgroup,182,UBS GROUP,,,,not_assessed,,,business_loans_unlisted_equity,,,,,,,,,,,,,,,
pcaf_cat15_00260,r182_ubsgroup,182,UBS GROUP,,,,not_assessed,,,commercial_real_estate,,,,,,,,,,,,,,,
pcaf_cat15_00261,r182_ubsgroup,182,UBS GROUP,,,,not_assessed,,,listed_equity_corporate_bonds,,,,,,,,,,,,,,,
pcaf_cat15_00262,r182_ubsgroup,182,UBS GROUP,,,,not_assessed,,,mortgages,,,,,,,,,,,,,,,
pcaf_cat15_00263,r182_ubsgroup,182,UBS GROUP,,,,not_assessed,,,motor_vehicle_loans,,,,,,,,,,,,,,,
pcaf_cat15_00264,r182_ubsgroup,182,UBS GROUP,,,,not_assessed,,,project_finance,,,,,,,,,,,,,,,
pcaf_cat15_00265,r189_itaúunibancoholding,189,ITAÚ UNIBANCO HOLDING,,,,not_assessed,,,business_loans_unlisted_equity,,,,,,,,,,,,,,,
pcaf_cat15_00266,r189_itaúunibancoholding,189,ITAÚ UNIBANCO HOLDING,,,,not_assessed,,,commercial_real_estate,,,,,,,,,,,,,,,
pcaf_cat15_00267,r189_itaúunibancoholding,189,ITAÚ UNIBANCO HOLDING,,,,not_assessed,,,listed_equity_corporate_bonds,,,,,,,,,,,,,,,
pcaf_cat15_00268,r189_itaúunibancoholding,189,ITAÚ UNIBANCO HOLDING,,,,not_assessed,,,mortgages,,,,,,,,,,,,,,,
pcaf_cat15_00269,r189_itaúunibancoholding,189,ITAÚ UNIBANCO HOLDING,,,,not_assessed,,,motor_vehicle_loans,,,,,,,,,,,,,,,
pcaf_cat15_00270,r189_itaúunibancoholding,189,ITAÚ UNIBANCO HOLDING,,,,not_assessed,,,project_finance,,,,,,,,,,,,,,,
pcaf_cat15_00271,r195_americanexpress,195,AMERICAN EXPRESS,,,,not_assessed,,,business_loans_unlisted_equity,,,,,,,,,,,,,,,
pcaf_cat15_00272,r195_americanexpress,195,AMERICAN EXPRESS,,,,not_assessed,,,commercial_real_estate,,,,,,,,,,,,,,,
pcaf_cat15_00273,r195_americanexpress,195,AMERICAN EXPRESS,,,,not_assessed,,,listed_equity_corporate_bonds,,,,,,,,,,,,,,,
pcaf_cat15_00274,r195_americanexpress,195,AMERICAN EXPRESS,,,,not_assessed,,,mortgages,,,,,,,,,,,,,,,
pcaf_cat15_00275,r195_americanexpress,195,AMERICAN EXPRESS,,,,not_assessed,,,motor_vehicle_loans,,,,,,,,,,,,,,,
pcaf_cat15_00276,r195_americanexpress,195,AMERICAN EXPRESS,,,,not_assessed,,,project_finance,,,,,,,,,,,,,,,
pcaf_cat15_00277,r200_bancobilbaovizcayaargentaria,200,BANCO BILBAO VIZCAYA ARGENTARIA,,,,not_assessed,,,business_loans_unlisted_equity,,,,,,,,,,,,,,,
pcaf_cat15_00278,r200_bancobilbaovizcayaargentaria,200,BANCO BILBAO VIZCAYA ARGENTARIA,,,,not_assessed,,,commercial_real_estate,,,,,,,,,,,,,,,
pcaf_cat15_00279,r200_bancobilbaovizcayaargentaria,200,BANCO BILBAO VIZCAYA ARGENTARIA,,,,not_assessed,,,listed_equity_corporate_bonds,,,,,,,,,,,,,,,
pcaf_cat15_00280,r200_bancobilbaovizcayaargentaria,200,BANCO BILBAO VIZCAYA ARGENTARIA,,,,not_assessed,,,mortgages,,,,,,,,,,,,,,,
pcaf_cat15_00281,r200_bancobilbaovizcayaargentaria,200,BANCO BILBAO VIZCAYA ARGENTARIA,,,,not_assessed,,,motor_vehicle_loans,,,,,,,,,,,,,,,
pcaf_cat15_00282,r200_bancobilbaovizcayaargentaria,200,BANCO BILBAO VIZCAYA ARGENTARIA,,,,not_assessed,,,project_finance,,,,,,,,,,,,,,,
pcaf_cat15_00283,r202_metlife,202,METLIFE,,,,not_assessed,,,business_loans_unlisted_equity,,,,,,,,,,,,,,,
pcaf_cat15_00284,r202_metlife,202,METLIFE,,,,not_assessed,,,commercial_real_estate,,,,,,,,,,,,,,,
pcaf_cat15_00285,r202_metlife,202,METLIFE,,,,not_assessed,,,listed_equity_corporate_bonds,,,,,,,,,,,,,,,
pcaf_cat15_00286,r202_metlife,202,METLIFE,,,,not_assessed,,,mortgages,,,,,,,,,,,,,,,
pcaf_cat15_00287,r202_metlife,202,METLIFE,,,,not_assessed,,,motor_vehicle_loans,,,,,,,,,,,,,,,
pcaf_cat15_00288,r202_metlife,202,METLIFE,,,,not_assessed,,,project_finance,,,,,,,,,,,,,,,
pcaf_cat15_00289,r204_lloydsbankinggroup,204,LLOYDS BANKING GROUP,,,,not_assessed,,,business_loans_unlisted_equity,,,,,,,,,,,,,,,
pcaf_cat15_00290,r204_lloydsbankinggroup,204,LLOYDS BANKING GROUP,,,,not_assessed,,,commercial_real_estate,,,,,,,,,,,,,,,
pcaf_cat15_00291,r204_lloydsbankinggroup,204,LLOYDS BANKING GROUP,,,,not_assessed,,,listed_equity_corporate_bonds,,,,,,,,,,,,,,,
pcaf_cat15_00292,r204_lloydsbankinggroup,204,LLOYDS BANKING GROUP,,,,not_assessed,,,mortgages,,,,,,,,,,,,,,,
pcaf_cat15_00293,r204_lloydsbankinggroup,204,LLOYDS BANKING GROUP,,,,not_assessed,,,motor_vehicle_loans,,,,,,,,,,,,,,,
pcaf_cat15_00294,r204_lloydsbankinggroup,204,LLOYDS BANKING GROUP,,,,not_assessed,,,project_finance,,,,,,,,,,,,,,,
pcaf_cat15_00295,r205_deutschebank,205,DEUTSCHE BANK,,,,not_assessed,,,business_loans_unlisted_equity,,,,,,,,,,,,,,,
pcaf_cat15_00296,r205_deutschebank,205,DEUTSCHE BANK,,,,not_assessed,,,commercial_real_estate,,,,,,,,,,,,,,,
pcaf_cat15_00297,r205_deutschebank,205,DEUTSCHE BANK,,,,not_assessed,,,listed_equity_corporate_bonds,,,,,,,,,,,,,,,
pcaf_cat15_00298,r205_deutschebank,205,DEUTSCHE BANK,,,,not_assessed,,,mortgages,,,,,,,,,,,,,,,
pcaf_cat15_00299,r205_deutschebank,205,DEUTSCHE BANK,,,,not_assessed,,,motor_vehicle_loans,,,,,,,,,,,,,,,
pcaf_cat15_00300,r205_deutschebank,205,DEUTSCHE BANK,,,,not_assessed,,,project_finance,,,,,,,,,,,,,,,
pcaf_cat15_00301,r208_sumitomomitsuifinancialgroup,208,SUMITOMO MITSUI FINANCIAL GROUP,,,,not_assessed,,,business_loans_unlisted_equity,,,,,,,,,,,,,,,
pcaf_cat15_00302,r208_sumitomomitsuifinancialgroup,208,SUMITOMO MITSUI FINANCIAL GROUP,,,,not_assessed,,,commercial_real_estate,,,,,,,,,,,,,,,
pcaf_cat15_00303,r208_sumitomomitsuifinancialgroup,208,SUMITOMO MITSUI FINANCIAL GROUP,,,,not_assessed,,,listed_equity_corporate_bonds,,,,,,,,,,,,,,,
pcaf_cat15_00304,r208_sumitomomitsuifinancialgroup,208,SUMITOMO MITSUI FINANCIAL GROUP,,,,not_assessed,,,mortgages,,,,,,,,,,,,,,,
pcaf_cat15_00305,r208_sumitomomitsuifinancialgroup,208,SUMITOMO MITSUI FINANCIAL GROUP,,,,not_assessed,,,motor_vehicle_loans,,,,,,,,,,,,,,,
pcaf_cat15_00306,r208_sumitomomitsuifinancialgroup,208,SUMITOMO MITSUI FINANCIAL GROUP,,,,not_assessed,,,project_finance,,,,,,,,,,,,,,,
pcaf_cat15_00307,r212_barclays,212,BARCLAYS,,,,not_assessed,,,business_loans_unlisted_equity,,,,,,,,,,,,,,,
pcaf_cat15_00308,r212_barclays,212,BARCLAYS,,,,not_assessed,,,commercial_real_estate,,,,,,,,,,,,,,,
pcaf_cat15_00309,r212_barclays,212,BARCLAYS,,,,not_assessed,,,listed_equity_corporate_bonds,,,,,,,,,,,,,,,
pcaf_cat15_00310,r212_barclays,212,BARCLAYS,,,,not_assessed,,,mortgages,,,,,,,,,,,,,,,
pcaf_cat15_00311,r212_barclays,212,BARCLAYS,,,,not_assessed,,,motor_vehicle_loans,,,,,,,,,,,,,,,
pcaf_cat15_00312,r212_barclays,212,BARCLAYS,,,,not_assessed,,,project_finance,,,,,,,,,,,,,,,
pcaf_cat15_00313,r215_munichregroup,215,MUNICH RE GROUP,,,,not_assessed,,,business_loans_unlisted_equity,,,,,,,,,,,,,,,
pcaf_cat15_00314,r215_munichregroup,215,MUNICH RE GROUP,,,,not_assessed,,,commercial_real_estate,,,,,,,,,,,,,,,
pcaf_cat15_00315,r215_munichregroup,215,MUNICH RE GROUP,,,,not_assessed,,,listed_equity_corporate_bonds,,,,,,,,,,,,,,,
pcaf_cat15_00316,r215_munichregroup,215,MUNICH RE GROUP,,,,not_assessed,,,mortgages,,,,,,,,,,,,,,,
pcaf_cat15_00317,r215_munichregroup,215,MUNICH RE GROUP,,,,not_assessed,,,motor_vehicle_loans,,,,,,,,,,,,,,,
pcaf_cat15_00318,r215_munichregroup,215,MUNICH RE GROUP,,,,not_assessed,,,project_finance,,,,,,,,,,,,,,,
pcaf_cat15_00319,r216_sberbank,216,SBERBANK,,,,not_assessed,,,business_loans_unlisted_equity,,,,,,,,,,,,,,,
pcaf_cat15_00320,r216_sberbank,216,SBERBANK,,,,not_assessed,,,commercial_real_estate,,,,,,,,,,,,,,,
pcaf_cat15_00321,r216_sberbank,216,SBERBANK,,,,not_assessed,,,listed_equity_corporate_bonds,,,,,,,,,,,,,,,
pcaf_cat15_00322,r216_sberbank,216,SBERBANK,,,,not_assessed,,,mortgages,,,,,,,,,,,,,,,
pcaf_cat15_00323,r216_sberbank,216,SBERBANK,,,,not_assessed,,,motor_vehicle_loans,,,,,,,,,,,,,,,
pcaf_cat15_00324,r216_sberbank,216,SBERBANK,,,,not_assessed,,,project_finance,,,,,,,,,,,,,,,
pcaf_cat15_00325,r217_bancodobrasil,217,BANCO DO BRASIL,,,,not_assessed,,,business_loans_unlisted_equity,,,,,,,,,,,,,,,
pcaf_cat15_00326,r217_bancodobrasil,217,BANCO DO BRASIL,,,,not_assessed,,,commercial_real_estate,,,,,,,,,,,,,,,
pcaf_cat15_00327,r217_bancodobrasil,217,BANCO DO BRASIL,,,,not_assessed,,,listed_equity_corporate_bonds,,,,,,,,,,,,,,,
pcaf_cat15_00328,r217_bancodobrasil,217,BANCO DO BRASIL,,,,not_assessed,,,mortgages,,,,,,,,,,,,,,,
pcaf_cat15_00329,r217_bancodobrasil,217,BANCO DO BRASIL,,,,not_assessed,,,motor_vehicle_loans,,,,,,,,,,,,,,,
pcaf_cat15_00330,r217_bancodobrasil,217,BANCO DO BRASIL,,,,not_assessed,,,project_finance,,,,,,,,,,,,,,,
pcaf_cat15_00331,r218_progressive,218,PROGRESSIVE,,,,not_assessed,,,business_loans_unlisted_equity,,,,,,,,,,,,,,,
pcaf_cat15_00332,r218_progressive,218,PROGRESSIVE,,,,not_assessed,,,commercial_real_estate,,,,,,,,,,,,,,,
pcaf_cat15_00333,r218_progressive,218,PROGRESSIVE,,,,not_assessed,,,listed_equity_corporate_bonds,,,,,,,,,,,,,,,
pcaf_cat15_00334,r218_progressive,218,PROGRESSIVE,,,,not_assessed,,,mortgages,,,,,,,,,,,,,,,
pcaf_cat15_00335,r218_progressive,218,PROGRESSIVE,,,,not_assessed,,,motor_vehicle_loans,,,,,,,,,,,,,,,
pcaf_cat15_00336,r218_progressive,218,PROGRESSIVE,,,,not_assessed,,,project_finance,,,,,,,,,,,,,,,
pcaf_cat15_00337,r223_stonex集团,223,StoneX,,,,not_assessed,,,business_loans_unlisted_equity,,,,,,,,,,,,,,,
pcaf_cat15_00338,r223_stonex集团,223,StoneX,,,,not_assessed,,,commercial_real_estate,,,,,,,,,,,,,,,
pcaf_cat15_00339,r223_stonex集团,223,StoneX,,,,not_assessed,,,listed_equity_corporate_bonds,,,,,,,,,,,,,,,
pcaf_cat15_00340,r223_stonex集团,223,StoneX,,,,not_assessed,,,mortgages,,,,,,,,,,,,,,,
pcaf_cat15_00341,r223_stonex集团,223,StoneX,,,,not_assessed,,,motor_vehicle_loans,,,,,,,,,,,,,,,
pcaf_cat15_00342,r223_stonex集团,223,StoneX,,,,not_assessed,,,project_finance,,,,,,,,,,,,,,,
pcaf_cat15_00343,r224_zurichinsurancegroup,224,ZURICH INSURANCE GROUP,,,,not_assessed,,,business_loans_unlisted_equity,,,,,,,,,,,,,,,
pcaf_cat15_00344,r224_zurichinsurancegroup,224,ZURICH INSURANCE GROUP,,,,not_assessed,,,commercial_real_estate,,,,,,,,,,,,,,,
pcaf_cat15_00345,r224_zurichinsurancegroup,224,ZURICH INSURANCE GROUP,,,,not_assessed,,,listed_equity_corporate_bonds,,,,,,,,,,,,,,,
pcaf_cat15_00346,r224_zurichinsurancegroup,224,ZURICH INSURANCE GROUP,,,,not_assessed,,,mortgages,,,,,,,,,,,,,,,
pcaf_cat15_00347,r224_zurichinsurancegroup,224,ZURICH INSURANCE GROUP,,,,not_assessed,,,motor_vehicle_loans,,,,,,,,,,,,,,,
pcaf_cat15_00348,r224_zurichinsurancegroup,224,ZURICH INSURANCE GROUP,,,,not_assessed,,,project_finance,,,,,,,,,,,,,,,
pcaf_cat15_00349,r226_mizuhofinancialgroup,226,MIZUHO FINANCIAL GROUP,,,,not_assessed,,,business_loans_unlisted_equity,,,,,,,,,,,,,,,
pcaf_cat15_00350,r226_mizuhofinancialgroup,226,MIZUHO FINANCIAL GROUP,,,,not_assessed,,,commercial_real_estate,,,,,,,,,,,,,,,
pcaf_cat15_00351,r226_mizuhofinancialgroup,226,MIZUHO FINANCIAL GROUP,,,,not_assessed,,,listed_equity_corporate_bonds,,,,,,,,,,,,,,,
pcaf_cat15_00352,r226_mizuhofinancialgroup,226,MIZUHO FINANCIAL GROUP,,,,not_assessed,,,mortgages,,,,,,,,,,,,,,,
pcaf_cat15_00353,r226_mizuhofinancialgroup,226,MIZUHO FINANCIAL GROUP,,,,not_assessed,,,motor_vehicle_loans,,,,,,,,,,,,,,,
pcaf_cat15_00354,r226_mizuhofinancialgroup,226,MIZUHO FINANCIAL GROUP,,,,not_assessed,,,project_finance,,,,,,,,,,,,,,,
pcaf_cat15_00355,r228_inggroup,228,ING GROUP,,,,not_assessed,,,business_loans_unlisted_equity,,,,,,,,,,,,,,,
pcaf_cat15_00356,r228_inggroup,228,ING GROUP,,,,not_assessed,,,commercial_real_estate,,,,,,,,,,,,,,,
pcaf_cat15_00357,r228_inggroup,228,ING GROUP,,,,not_assessed,,,listed_equity_corporate_bonds,,,,,,,,,,,,,,,
pcaf_cat15_00358,r228_inggroup,228,ING GROUP,,,,not_assessed,,,mortgages,,,,,,,,,,,,,,,
pcaf_cat15_00359,r228_inggroup,228,ING GROUP,,,,not_assessed,,,motor_vehicle_loans,,,,,,,,,,,,,,,
pcaf_cat15_00360,r228_inggroup,228,ING GROUP,,,,not_assessed,,,project_finance,,,,,,,,,,,,,,,
pcaf_cat15_00361,r232_industrialbank,232,INDUSTRIAL BANK,,,,not_assessed,,,business_loans_unlisted_equity,,,,,,,,,,,,,,,
pcaf_cat15_00362,r232_industrialbank,232,INDUSTRIAL BANK,,,,not_assessed,,,commercial_real_estate,,,,,,,,,,,,,,,
pcaf_cat15_00363,r232_industrialbank,232,INDUSTRIAL BANK,,,,not_assessed,,,listed_equity_corporate_bonds,,,,,,,,,,,,,,,
pcaf_cat15_00364,r232_industrialbank,232,INDUSTRIAL BANK,,,,not_assessed,,,mortgages,,,,,,,,,,,,,,,
pcaf_cat15_00365,r232_industrialbank,232,INDUSTRIAL BANK,,,,not_assessed,,,motor_vehicle_loans,,,,,,,,,,,,,,,
pcaf_cat15_00366,r232_industrialbank,232,INDUSTRIAL BANK,,,,not_assessed,,,project_finance,,,,,,,,,,,,,,,
pcaf_cat15_00367,r244_allstate,244,ALLSTATE,,,,not_assessed,,,business_loans_unlisted_equity,,,,,,,,,,,,,,,
pcaf_cat15_00368,r244_allstate,244,ALLSTATE,,,,not_assessed,,,commercial_real_estate,,,,,,,,,,,,,,,
pcaf_cat15_00369,r244_allstate,244,ALLSTATE,,,,not_assessed,,,listed_equity_corporate_bonds,,,,,,,,,,,,,,,
pcaf_cat15_00370,r244_allstate,244,ALLSTATE,,,,not_assessed,,,mortgages,,,,,,,,,,,,,,,
pcaf_cat15_00371,r244_allstate,244,ALLSTATE,,,,not_assessed,,,motor_vehicle_loans,,,,,,,,,,,,,,,
pcaf_cat15_00372,r244_allstate,244,ALLSTATE,,,,not_assessed,,,project_finance,,,,,,,,,,,,,,,
pcaf_cat15_00373,r245_assicurazionigenerali,245,ASSICURAZIONI GENERALI,,,,not_assessed,,,business_loans_unlisted_equity,,,,,,,,,,,,,,,
pcaf_cat15_00374,r245_assicurazionigenerali,245,ASSICURAZIONI GENERALI,,,,not_assessed,,,commercial_real_estate,,,,,,,,,,,,,,,
pcaf_cat15_00375,r245_assicurazionigenerali,245,ASSICURAZIONI GENERALI,,,,not_assessed,,,listed_equity_corporate_bonds,,,,,,,,,,,,,,,
pcaf_cat15_00376,r245_assicurazionigenerali,245,ASSICURAZIONI GENERALI,,,,not_assessed,,,mortgages,,,,,,,,,,,,,,,
pcaf_cat15_00377,r245_assicurazionigenerali,245,ASSICURAZIONI GENERALI,,,,not_assessed,,,motor_vehicle_loans,,,,,,,,,,,,,,,
pcaf_cat15_00378,r245_assicurazionigenerali,245,ASSICURAZIONI GENERALI,,,,not_assessed,,,project_finance,,,,,,,,,,,,,,,
pcaf_cat15_00379,r252_bancobradesco,252,BANCO BRADESCO,,,,not_assessed,,,business_loans_unlisted_equity,,,,,,,,,,,,,,,
pcaf_cat15_00380,r252_bancobradesco,252,BANCO BRADESCO,,,,not_assessed,,,commercial_real_estate,,,,,,,,,,,,,,,
pcaf_cat15_00381,r252_bancobradesco,252,BANCO BRADESCO,,,,not_assessed,,,listed_equity_corporate_bonds,,,,,,,,,,,,,,,
pcaf_cat15_00382,r252_bancobradesco,252,BANCO BRADESCO,,,,not_assessed,,,mortgages,,,,,,,,,,,,,,,
pcaf_cat15_00383,r252_bancobradesco,252,BANCO BRADESCO,,,,not_assessed,,,motor_vehicle_loans,,,,,,,,,,,,,,,
pcaf_cat15_00384,r252_bancobradesco,252,BANCO BRADESCO,,,,not_assessed,,,project_finance,,,,,,,,,,,,,,,
pcaf_cat15_00385,r254_nationwide,254,NATIONWIDE,,,,not_assessed,,,business_loans_unlisted_equity,,,,,,,,,,,,,,,
pcaf_cat15_00386,r254_nationwide,254,NATIONWIDE,,,,not_assessed,,,commercial_real_estate,,,,,,,,,,,,,,,
pcaf_cat15_00387,r254_nationwide,254,NATIONWIDE,,,,not_assessed,,,listed_equity_corporate_bonds,,,,,,,,,,,,,,,
pcaf_cat15_00388,r254_nationwide,254,NATIONWIDE,,,,not_assessed,,,mortgages,,,,,,,,,,,,,,,
pcaf_cat15_00389,r254_nationwide,254,NATIONWIDE,,,,not_assessed,,,motor_vehicle_loans,,,,,,,,,,,,,,,
pcaf_cat15_00390,r254_nationwide,254,NATIONWIDE,,,,not_assessed,,,project_finance,,,,,,,,,,,,,,,
pcaf_cat15_00391,r260_newyorklifeinsurance,260,NEW YORK LIFE INSURANCE,,,,not_assessed,,,business_loans_unlisted_equity,,,,,,,,,,,,,,,
pcaf_cat15_00392,r260_newyorklifeinsurance,260,NEW YORK LIFE INSURANCE,,,,not_assessed,,,commercial_real_estate,,,,,,,,,,,,,,,
pcaf_cat15_00393,r260_newyorklifeinsurance,260,NEW YORK LIFE INSURANCE,,,,not_assessed,,,listed_equity_corporate_bonds,,,,,,,,,,,,,,,
pcaf_cat15_00394,r260_newyorklifeinsurance,260,NEW YORK LIFE INSURANCE,,,,not_assessed,,,mortgages,,,,,,,,,,,,,,,
pcaf_cat15_00395,r260_newyorklifeinsurance,260,NEW YORK LIFE INSURANCE,,,,not_assessed,,,motor_vehicle_loans,,,,,,,,,,,,,,,
pcaf_cat15_00396,r260_newyorklifeinsurance,260,NEW YORK LIFE INSURANCE,,,,not_assessed,,,project_finance,,,,,,,,,,,,,,,
pcaf_cat15_00397,r266_prudentialfinancial,266,PRUDENTIAL FINANCIAL,,,,not_assessed,,,business_loans_unlisted_equity,,,,,,,,,,,,,,,
pcaf_cat15_00398,r266_prudentialfinancial,266,PRUDENTIAL FINANCIAL,,,,not_assessed,,,commercial_real_estate,,,,,,,,,,,,,,,
pcaf_cat15_00399,r266_prudentialfinancial,266,PRUDENTIAL FINANCIAL,,,,not_assessed,,,listed_equity_corporate_bonds,,,,,,,,,,,,,,,
pcaf_cat15_00400,r266_prudentialfinancial,266,PRUDENTIAL FINANCIAL,,,,not_assessed,,,mortgages,,,,,,,,,,,,,,,
pcaf_cat15_00401,r266_prudentialfinancial,266,PRUDENTIAL FINANCIAL,,,,not_assessed,,,motor_vehicle_loans,,,,,,,,,,,,,,,
pcaf_cat15_00402,r266_prudentialfinancial,266,PRUDENTIAL FINANCIAL,,,,not_assessed,,,project_finance,,,,,,,,,,,,,,,
pcaf_cat15_00403,r280_libertymutualinsurancegroup,280,LIBERTY MUTUAL INSURANCE GROUP,,,,not_assessed,,,business_loans_unlisted_equity,,,,,,,,,,,,,,,
pcaf_cat15_00404,r280_libertymutualinsurancegroup,280,LIBERTY MUTUAL INSURANCE GROUP,,,,not_assessed,,,commercial_real_estate,,,,,,,,,,,,,,,
pcaf_cat15_00405,r280_libertymutualinsurancegroup,280,LIBERTY MUTUAL INSURANCE GROUP,,,,not_assessed,,,listed_equity_corporate_bonds,,,,,,,,,,,,,,,
pcaf_cat15_00406,r280_libertymutualinsurancegroup,280,LIBERTY MUTUAL INSURANCE GROUP,,,,not_assessed,,,mortgages,,,,,,,,,,,,,,,
pcaf_cat15_00407,r280_libertymutualinsurancegroup,280,LIBERTY MUTUAL INSURANCE GROUP,,,,not_assessed,,,motor_vehicle_loans,,,,,,,,,,,,,,,
pcaf_cat15_00408,r280_libertymutualinsurancegroup,280,LIBERTY MUTUAL INSURANCE GROUP,,,,not_assessed,,,project_finance,,,,,,,,,,,,,,,
pcaf_cat15_00409,r281_bankofnovascotia,281,BANK OF NOVA SCOTIA,,,,not_assessed,,,business_loans_unlisted_equity,,,,,,,,,,,,,,,
pcaf_cat15_00410,r281_bankofnovascotia,281,BANK OF NOVA SCOTIA,,,,not_assessed,,,commercial_real_estate,,,,,,,,,,,,,,,
pcaf_cat15_00411,r281_bankofnovascotia,281,BANK OF NOVA SCOTIA,,,,not_assessed,,,listed_equity_corporate_bonds,,,,,,,,,,,,,,,
pcaf_cat15_00412,r281_bankofnovascotia,281,BANK OF NOVA SCOTIA,,,,not_assessed,,,mortgages,,,,,,,,,,,,,,,
pcaf_cat15_00413,r281_bankofnovascotia,281,BANK OF NOVA SCOTIA,,,,not_assessed,,,motor_vehicle_loans,,,,,,,,,,,,,,,
pcaf_cat15_00414,r281_bankofnovascotia,281,BANK OF NOVA SCOTIA,,,,not_assessed,,,project_finance,,,,,,,,,,,,,,,
pcaf_cat15_00415,r283_intesasanpaolo,283,INTESA SANPAOLO,,,,not_assessed,,,business_loans_unlisted_equity,,,,,,,,,,,,,,,
pcaf_cat15_00416,r283_intesasanpaolo,283,INTESA SANPAOLO,,,,not_assessed,,,commercial_real_estate,,,,,,,,,,,,,,,
pcaf_cat15_00417,r283_intesasanpaolo,283,INTESA SANPAOLO,,,,not_assessed,,,listed_equity_corporate_bonds,,,,,,,,,,,,,,,
pcaf_cat15_00418,r283_intesasanpaolo,283,INTESA SANPAOLO,,,,not_assessed,,,mortgages,,,,,,,,,,,,,,,
pcaf_cat15_00419,r283_intesasanpaolo,283,INTESA SANPAOLO,,,,not_assessed,,,motor_vehicle_loans,,,,,,,,,,,,,,,
pcaf_cat15_00420,r283_intesasanpaolo,283,INTESA SANPAOLO,,,,not_assessed,,,project_finance,,,,,,,,,,,,,,,
pcaf_cat15_00421,r287_tokiomarineholdings,287,TOKIO MARINE HOLDINGS,,,,not_assessed,,,business_loans_unlisted_equity,,,,,,,,,,,,,,,
pcaf_cat15_00422,r287_tokiomarineholdings,287,TOKIO MARINE HOLDINGS,,,,not_assessed,,,commercial_real_estate,,,,,,,,,,,,,,,
pcaf_cat15_00423,r287_tokiomarineholdings,287,TOKIO MARINE HOLDINGS,,,,not_assessed,,,listed_equity_corporate_bonds,,,,,,,,,,,,,,,
pcaf_cat15_00424,r287_tokiomarineholdings,287,TOKIO MARINE HOLDINGS,,,,not_assessed,,,mortgages,,,,,,,,,,,,,,,
pcaf_cat15_00425,r287_tokiomarineholdings,287,TOKIO MARINE HOLDINGS,,,,not_assessed,,,motor_vehicle_loans,,,,,,,,,,,,,,,
pcaf_cat15_00426,r287_tokiomarineholdings,287,TOKIO MARINE HOLDINGS,,,,not_assessed,,,project_finance,,,,,,,,,,,,,,,
pcaf_cat15_00427,r292_shanghaipudongdevelopmentbank,292,SHANGHAI PUDONG DEVELOPMENT BANK,,,,not_assessed,,,business_loans_unlisted_equity,,,,,,,,,,,,,,,
pcaf_cat15_00428,r292_shanghaipudongdevelopmentbank,292,SHANGHAI PUDONG DEVELOPMENT BANK,,,,not_assessed,,,commercial_real_estate,,,,,,,,,,,,,,,
pcaf_cat15_00429,r292_shanghaipudongdevelopmentbank,292,SHANGHAI PUDONG DEVELOPMENT BANK,,,,not_assessed,,,listed_equity_corporate_bonds,,,,,,,,,,,,,,,
pcaf_cat15_00430,r292_shanghaipudongdevelopmentbank,292,SHANGHAI PUDONG DEVELOPMENT BANK,,,,not_assessed,,,mortgages,,,,,,,,,,,,,,,
pcaf_cat15_00431,r292_shanghaipudongdevelopmentbank,292,SHANGHAI PUDONG DEVELOPMENT BANK,,,,not_assessed,,,motor_vehicle_loans,,,,,,,,,,,,,,,
pcaf_cat15_00432,r292_shanghaipudongdevelopmentbank,292,SHANGHAI PUDONG DEVELOPMENT BANK,,,,not_assessed,,,project_finance,,,,,,,,,,,,,,,
pcaf_cat15_00433,r294_bankofmontreal,294,BANK OF MONTREAL,,,,not_assessed,,,business_loans_unlisted_equity,,,,,,,,,,,,,,,
pcaf_cat15_00434,r294_bankofmontreal,294,BANK OF MONTREAL,,,,not_assessed,,,commercial_real_estate,,,,,,,,,,,,,,,
pcaf_cat15_00435,r294_bankofmontreal,294,BANK OF MONTREAL,,,,not_assessed,,,listed_equity_corporate_bonds,,,,,,,,,,,,,,,
pcaf_cat15_00436,r294_bankofmontreal,294,BANK OF MONTREAL,,,,not_assessed,,,mortgages,,,,,,,,,,,,,,,
pcaf_cat15_00437,r294_bankofmontreal,294,BANK OF MONTREAL,,,,not_assessed,,,motor_vehicle_loans,,,,,,,,,,,,,,,
pcaf_cat15_00438,r294_bankofmontreal,294,BANK OF MONTREAL,,,,not_assessed,,,project_finance,,,,,,,,,,,,,,,
pcaf_cat15_00439,r296_kb金融集团,296,KB金融集团,,,,not_assessed,,,business_loans_unlisted_equity,,,,,,,,,,,,,,,
pcaf_cat15_00440,r296_kb金融集团,296,KB金融集团,,,,not_assessed,,,commercial_real_estate,,,,,,,,,,,,,,,
pcaf_cat15_00441,r296_kb金融集团,296,KB金融集团,,,,not_assessed,,,listed_equity_corporate_bonds,,,,,,,,,,,,,,,
pcaf_cat15_00442,r296_kb金融集团,296,KB金融集团,,,,not_assessed,,,mortgages,,,,,,,,,,,,,,,
pcaf_cat15_00443,r296_kb金融集团,296,KB金融集团,,,,not_assessed,,,motor_vehicle_loans,,,,,,,,,,,,,,,
pcaf_cat15_00444,r296_kb金融集团,296,KB金融集团,,,,not_assessed,,,project_finance,,,,,,,,,,,,,,,
pcaf_cat15_00445,r301_swissre,301,SWISS RE,,,,not_assessed,,,business_loans_unlisted_equity,,,,,,,,,,,,,,,
pcaf_cat15_00446,r301_swissre,301,SWISS RE,,,,not_assessed,,,commercial_real_estate,,,,,,,,,,,,,,,
pcaf_cat15_00447,r301_swissre,301,SWISS RE,,,,not_assessed,,,listed_equity_corporate_bonds,,,,,,,,,,,,,,,
pcaf_cat15_00448,r301_swissre,301,SWISS RE,,,,not_assessed,,,mortgages,,,,,,,,,,,,,,,
pcaf_cat15_00449,r301_swissre,301,SWISS RE,,,,not_assessed,,,motor_vehicle_loans,,,,,,,,,,,,,,,
pcaf_cat15_00450,r301_swissre,301,SWISS RE,,,,not_assessed,,,project_finance,,,,,,,,,,,,,,,
pcaf_cat15_00451,r302_chubb,302,CHUBB,,,,not_assessed,,,business_loans_unlisted_equity,,,,,,,,,,,,,,,
pcaf_cat15_00452,r302_chubb,302,CHUBB,,,,not_assessed,,,commercial_real_estate,,,,,,,,,,,,,,,
pcaf_cat15_00453,r302_chubb,302,CHUBB,,,,not_assessed,,,listed_equity_corporate_bonds,,,,,,,,,,,,,,,
pcaf_cat15_00454,r302_chubb,302,CHUBB,,,,not_assessed,,,mortgages,,,,,,,,,,,,,,,
pcaf_cat15_00455,r302_chubb,302,CHUBB,,,,not_assessed,,,motor_vehicle_loans,,,,,,,,,,,,,,,
pcaf_cat15_00456,r302_chubb,302,CHUBB,,,,not_assessed,,,project_finance,,,,,,,,,,,,,,,
pcaf_cat15_00457,r304_capitalonefinancial,304,CAPITAL ONE FINANCIAL,,,,not_assessed,,,business_loans_unlisted_equity,,,,,,,,,,,,,,,
pcaf_cat15_00458,r304_capitalonefinancial,304,CAPITAL ONE FINANCIAL,,,,not_assessed,,,commercial_real_estate,,,,,,,,,,,,,,,
pcaf_cat15_00459,r304_capitalonefinancial,304,CAPITAL ONE FINANCIAL,,,,not_assessed,,,listed_equity_corporate_bonds,,,,,,,,,,,,,,,
pcaf_cat15_00460,r304_capitalonefinancial,304,CAPITAL ONE FINANCIAL,,,,not_assessed,,,mortgages,,,,,,,,,,,,,,,
pcaf_cat15_00461,r304_capitalonefinancial,304,CAPITAL ONE FINANCIAL,,,,not_assessed,,,motor_vehicle_loans,,,,,,,,,,,,,,,
pcaf_cat15_00462,r304_capitalonefinancial,304,CAPITAL ONE FINANCIAL,,,,not_assessed,,,project_finance,,,,,,,,,,,,,,,
pcaf_cat15_00463,r306_hdfc银行,306,HDFC银行,,,,not_assessed,,,business_loans_unlisted_equity,,,,,,,,,,,,,,,
pcaf_cat15_00464,r306_hdfc银行,306,HDFC银行,,,,not_assessed,,,commercial_real_estate,,,,,,,,,,,,,,,
pcaf_cat15_00465,r306_hdfc银行,306,HDFC银行,,,,not_assessed,,,listed_equity_corporate_bonds,,,,,,,,,,,,,,,
pcaf_cat15_00466,r306_hdfc银行,306,HDFC银行,,,,not_assessed,,,mortgages,,,,,,,,,,,,,,,
pcaf_cat15_00467,r306_hdfc银行,306,HDFC银行,,,,not_assessed,,,motor_vehicle_loans,,,,,,,,,,,,,,,
pcaf_cat15_00468,r306_hdfc银行,306,HDFC银行,,,,not_assessed,,,project_finance,,,,,,,,,,,,,,,
pcaf_cat15_00469,r312_landesbankbadenwürttemberg,312,LANDESBANK BADEN-WÜRTTEMBERG,,,,not_assessed,,,business_loans_unlisted_equity,,,,,,,,,,,,,,,
pcaf_cat15_00470,r312_landesbankbadenwürttemberg,312,LANDESBANK BADEN-WÜRTTEMBERG,,,,not_assessed,,,commercial_real_estate,,,,,,,,,,,,,,,
pcaf_cat15_00471,r312_landesbankbadenwürttemberg,312,LANDESBANK BADEN-WÜRTTEMBERG,,,,not_assessed,,,listed_equity_corporate_bonds,,,,,,,,,,,,,,,
pcaf_cat15_00472,r312_landesbankbadenwürttemberg,312,LANDESBANK BADEN-WÜRTTEMBERG,,,,not_assessed,,,mortgages,,,,,,,,,,,,,,,
pcaf_cat15_00473,r312_landesbankbadenwürttemberg,312,LANDESBANK BADEN-WÜRTTEMBERG,,,,not_assessed,,,motor_vehicle_loans,,,,,,,,,,,,,,,
pcaf_cat15_00474,r312_landesbankbadenwürttemberg,312,LANDESBANK BADEN-WÜRTTEMBERG,,,,not_assessed,,,project_finance,,,,,,,,,,,,,,,
pcaf_cat15_00475,r313_exor集团,313,EXOR,,,,not_assessed,,,business_loans_unlisted_equity,,,,,,,,,,,,,,,
pcaf_cat15_00476,r313_exor集团,313,EXOR,,,,not_assessed,,,commercial_real_estate,,,,,,,,,,,,,,,
pcaf_cat15_00477,r313_exor集团,313,EXOR,,,,not_assessed,,,listed_equity_corporate_bonds,,,,,,,,,,,,,,,
pcaf_cat15_00478,r313_exor集团,313,EXOR,,,,not_assessed,,,mortgages,,,,,,,,,,,,,,,
pcaf_cat15_00479,r313_exor集团,313,EXOR,,,,not_assessed,,,motor_vehicle_loans,,,,,,,,,,,,,,,
pcaf_cat15_00480,r313_exor集团,313,EXOR,,,,not_assessed,,,project_finance,,,,,,,,,,,,,,,
pcaf_cat15_00481,r315_unicreditgroup,315,UNICREDIT GROUP,,,,not_assessed,,,business_loans_unlisted_equity,,,,,,,,,,,,,,,
pcaf_cat15_00482,r315_unicreditgroup,315,UNICREDIT GROUP,,,,not_assessed,,,commercial_real_estate,,,,,,,,,,,,,,,
pcaf_cat15_00483,r315_unicreditgroup,315,UNICREDIT GROUP,,,,not_assessed,,,listed_equity_corporate_bonds,,,,,,,,,,,,,,,
pcaf_cat15_00484,r315_unicreditgroup,315,UNICREDIT GROUP,,,,not_assessed,,,mortgages,,,,,,,,,,,,,,,
pcaf_cat15_00485,r315_unicreditgroup,315,UNICREDIT GROUP,,,,not_assessed,,,motor_vehicle_loans,,,,,,,,,,,,,,,
pcaf_cat15_00486,r315_unicreditgroup,315,UNICREDIT GROUP,,,,not_assessed,,,project_finance,,,,,,,,,,,,,,,
pcaf_cat15_00487,r323_anzgroupholdings,323,ANZ GROUP HOLDINGS,,,,not_assessed,,,business_loans_unlisted_equity,,,,,,,,,,,,,,,
pcaf_cat15_00488,r323_anzgroupholdings,323,ANZ GROUP HOLDINGS,,,,not_assessed,,,commercial_real_estate,,,,,,,,,,,,,,,
pcaf_cat15_00489,r323_anzgroupholdings,323,ANZ GROUP HOLDINGS,,,,not_assessed,,,listed_equity_corporate_bonds,,,,,,,,,,,,,,,
pcaf_cat15_00490,r323_anzgroupholdings,323,ANZ GROUP HOLDINGS,,,,not_assessed,,,mortgages,,,,,,,,,,,,,,,
pcaf_cat15_00491,r323_anzgroupholdings,323,ANZ GROUP HOLDINGS,,,,not_assessed,,,motor_vehicle_loans,,,,,,,,,,,,,,,
pcaf_cat15_00492,r323_anzgroupholdings,323,ANZ GROUP HOLDINGS,,,,not_assessed,,,project_finance,,,,,,,,,,,,,,,
pcaf_cat15_00493,r324_americaninternationalgroup,324,AMERICAN INTERNATIONAL GROUP,,,,not_assessed,,,business_loans_unlisted_equity,,,,,,,,,,,,,,,
pcaf_cat15_00494,r324_americaninternationalgroup,324,AMERICAN INTERNATIONAL GROUP,,,,not_assessed,,,commercial_real_estate,,,,,,,,,,,,,,,
pcaf_cat15_00495,r324_americaninternationalgroup,324,AMERICAN INTERNATIONAL GROUP,,,,not_assessed,,,listed_equity_corporate_bonds,,,,,,,,,,,,,,,
pcaf_cat15_00496,r324_americaninternationalgroup,324,AMERICAN INTERNATIONAL GROUP,,,,not_assessed,,,mortgages,,,,,,,,,,,,,,,
pcaf_cat15_00497,r324_americaninternationalgroup,324,AMERICAN INTERNATIONAL GROUP,,,,not_assessed,,,motor_vehicle_loans,,,,,,,,,,,,,,,
pcaf_cat15_00498,r324_americaninternationalgroup,324,AMERICAN INTERNATIONAL GROUP,,,,not_assessed,,,project_finance,,,,,,,,,,,,,,,
pcaf_cat15_00499,r327_talanx公司,327,Talanx,,,,not_assessed,,,business_loans_unlisted_equity,,,,,,,,,,,,,,,
pcaf_cat15_00500,r327_talanx公司,327,Talanx,,,,not_assessed,,,commercial_real_estate,,,,,,,,,,,,,,,
pcaf_cat15_00501,r327_talanx公司,327,Talanx,,,,not_assessed,,,listed_equity_corporate_bonds,,,,,,,,,,,,,,,
pcaf_cat15_00502,r327_talanx公司,327,Talanx,,,,not_assessed,,,mortgages,,,,,,,,,,,,,,,
pcaf_cat15_00503,r327_talanx公司,327,Talanx,,,,not_assessed,,,motor_vehicle_loans,,,,,,,,,,,,,,,
pcaf_cat15_00504,r327_talanx公司,327,Talanx,,,,not_assessed,,,project_finance,,,,,,,,,,,,,,,
pcaf_cat15_00505,r331_chinapacificinsurancegroup,331,CHINA PACIFIC INSURANCE (GROUP),,,,not_assessed,,,business_loans_unlisted_equity,,,,,,,,,,,,,,,
pcaf_cat15_00506,r331_chinapacificinsurancegroup,331,CHINA PACIFIC INSURANCE (GROUP),,,,not_assessed,,,commercial_real_estate,,,,,,,,,,,,,,,
pcaf_cat15_00507,r331_chinapacificinsurancegroup,331,CHINA PACIFIC INSURANCE (GROUP),,,,not_assessed,,,listed_equity_corporate_bonds,,,,,,,,,,,,,,,
pcaf_cat15_00508,r331_chinapacificinsurancegroup,331,CHINA PACIFIC INSURANCE (GROUP),,,,not_assessed,,,mortgages,,,,,,,,,,,,,,,
pcaf_cat15_00509,r331_chinapacificinsurancegroup,331,CHINA PACIFIC INSURANCE (GROUP),,,,not_assessed,,,motor_vehicle_loans,,,,,,,,,,,,,,,
pcaf_cat15_00510,r331_chinapacificinsurancegroup,331,CHINA PACIFIC INSURANCE (GROUP),,,,not_assessed,,,project_finance,,,,,,,,,,,,,,,
pcaf_cat15_00511,r333_tiaa,333,TIAA,,,,not_assessed,,,business_loans_unlisted_equity,,,,,,,,,,,,,,,
pcaf_cat15_00512,r333_tiaa,333,TIAA,,,,not_assessed,,,commercial_real_estate,,,,,,,,,,,,,,,
pcaf_cat15_00513,r333_tiaa,333,TIAA,,,,not_assessed,,,listed_equity_corporate_bonds,,,,,,,,,,,,,,,
pcaf_cat15_00514,r333_tiaa,333,TIAA,,,,not_assessed,,,mortgages,,,,,,,,,,,,,,,
pcaf_cat15_00515,r333_tiaa,333,TIAA,,,,not_assessed,,,motor_vehicle_loans,,,,,,,,,,,,,,,
pcaf_cat15_00516,r333_tiaa,333,TIAA,,,,not_assessed,,,project_finance,,,,,,,,,,,,,,,
pcaf_cat15_00517,r334_caixaeconômicafederal,334,CAIXA ECONÔMICA FEDERAL,,,,not_assessed,,,business_loans_unlisted_equity,,,,,,,,,,,,,,,
pcaf_cat15_00518,r334_caixaeconômicafederal,334,CAIXA ECONÔMICA FEDERAL,,,,not_assessed,,,commercial_real_estate,,,,,,,,,,,,,,,
pcaf_cat15_00519,r334_caixaeconômicafederal,334,CAIXA ECONÔMICA FEDERAL,,,,not_assessed,,,listed_equity_corporate_bonds,,,,,,,,,,,,,,,
pcaf_cat15_00520,r334_caixaeconômicafederal,334,CAIXA ECONÔMICA FEDERAL,,,,not_assessed,,,mortgages,,,,,,,,,,,,,,,
pcaf_cat15_00521,r334_caixaeconômicafederal,334,CAIXA ECONÔMICA FEDERAL,,,,not_assessed,,,motor_vehicle_loans,,,,,,,,,,,,,,,
pcaf_cat15_00522,r334_caixaeconômicafederal,334,CAIXA ECONÔMICA FEDERAL,,,,not_assessed,,,project_finance,,,,,,,,,,,,,,,
pcaf_cat15_00523,r337_créditmutuelgroup,337,CRÉDIT MUTUEL GROUP,,,,not_assessed,,,business_loans_unlisted_equity,,,,,,,,,,,,,,,
pcaf_cat15_00524,r337_créditmutuelgroup,337,CRÉDIT MUTUEL GROUP,,,,not_assessed,,,commercial_real_estate,,,,,,,,,,,,,,,
pcaf_cat15_00525,r337_créditmutuelgroup,337,CRÉDIT MUTUEL GROUP,,,,not_assessed,,,listed_equity_corporate_bonds,,,,,,,,,,,,,,,
pcaf_cat15_00526,r337_créditmutuelgroup,337,CRÉDIT MUTUEL GROUP,,,,not_assessed,,,mortgages,,,,,,,,,,,,,,,
pcaf_cat15_00527,r337_créditmutuelgroup,337,CRÉDIT MUTUEL GROUP,,,,not_assessed,,,motor_vehicle_loans,,,,,,,,,,,,,,,
pcaf_cat15_00528,r337_créditmutuelgroup,337,CRÉDIT MUTUEL GROUP,,,,not_assessed,,,project_finance,,,,,,,,,,,,,,,
pcaf_cat15_00529,r338_msandad保险集团控股有限公司,338,MS&AD保险集团控股有限公司,,,,not_assessed,,,business_loans_unlisted_equity,,,,,,,,,,,,,,,
pcaf_cat15_00530,r338_msandad保险集团控股有限公司,338,MS&AD保险集团控股有限公司,,,,not_assessed,,,commercial_real_estate,,,,,,,,,,,,,,,
pcaf_cat15_00531,r338_msandad保险集团控股有限公司,338,MS&AD保险集团控股有限公司,,,,not_assessed,,,listed_equity_corporate_bonds,,,,,,,,,,,,,,,
pcaf_cat15_00532,r338_msandad保险集团控股有限公司,338,MS&AD保险集团控股有限公司,,,,not_assessed,,,mortgages,,,,,,,,,,,,,,,
pcaf_cat15_00533,r338_msandad保险集团控股有限公司,338,MS&AD保险集团控股有限公司,,,,not_assessed,,,motor_vehicle_loans,,,,,,,,,,,,,,,
pcaf_cat15_00534,r338_msandad保险集团控股有限公司,338,MS&AD保险集团控股有限公司,,,,not_assessed,,,project_finance,,,,,,,,,,,,,,,
pcaf_cat15_00535,r351_chinaminshengbanking,351,CHINA MINSHENG BANKING,,,,not_assessed,,,business_loans_unlisted_equity,,,,,,,,,,,,,,,
pcaf_cat15_00536,r351_chinaminshengbanking,351,CHINA MINSHENG BANKING,,,,not_assessed,,,commercial_real_estate,,,,,,,,,,,,,,,
pcaf_cat15_00537,r351_chinaminshengbanking,351,CHINA MINSHENG BANKING,,,,not_assessed,,,listed_equity_corporate_bonds,,,,,,,,,,,,,,,
pcaf_cat15_00538,r351_chinaminshengbanking,351,CHINA MINSHENG BANKING,,,,not_assessed,,,mortgages,,,,,,,,,,,,,,,
pcaf_cat15_00539,r351_chinaminshengbanking,351,CHINA MINSHENG BANKING,,,,not_assessed,,,motor_vehicle_loans,,,,,,,,,,,,,,,
pcaf_cat15_00540,r351_chinaminshengbanking,351,CHINA MINSHENG BANKING,,,,not_assessed,,,project_finance,,,,,,,,,,,,,,,
pcaf_cat15_00541,r359_massachusettsmutuallifeinsurance,359,MASSACHUSETTS MUTUAL LIFE INSURANCE,,,,not_assessed,,,business_loans_unlisted_equity,,,,,,,,,,,,,,,
pcaf_cat15_00542,r359_massachusettsmutuallifeinsurance,359,MASSACHUSETTS MUTUAL LIFE INSURANCE,,,,not_assessed,,,commercial_real_estate,,,,,,,,,,,,,,,
pcaf_cat15_00543,r359_massachusettsmutuallifeinsurance,359,MASSACHUSETTS MUTUAL LIFE INSURANCE,,,,not_assessed,,,listed_equity_corporate_bonds,,,,,,,,,,,,,,,
pcaf_cat15_00544,r359_massachusettsmutuallifeinsurance,359,MASSACHUSETTS MUTUAL LIFE INSURANCE,,,,not_assessed,,,mortgages,,,,,,,,,,,,,,,
pcaf_cat15_00545,r359_massachusettsmutuallifeinsurance,359,MASSACHUSETTS MUTUAL LIFE INSURANCE,,,,not_assessed,,,motor_vehicle_loans,,,,,,,,,,,,,,,
pcaf_cat15_00546,r359_massachusettsmutuallifeinsurance,359,MASSACHUSETTS MUTUAL LIFE INSURANCE,,,,not_assessed,,,project_finance,,,,,,,,,,,,,,,
pcaf_cat15_00547,r360_unitedservicesautomobileassn,360,UNITED SERVICES AUTOMOBILE ASSN.,,,,not_assessed,,,business_loans_unlisted_equity,,,,,,,,,,,,,,,
pcaf_cat15_00548,r360_unitedservicesautomobileassn,360,UNITED SERVICES AUTOMOBILE ASSN.,,,,not_assessed,,,commercial_real_estate,,,,,,,,,,,,,,,
pcaf_cat15_00549,r360_unitedservicesautomobileassn,360,UNITED SERVICES AUTOMOBILE ASSN.,,,,not_assessed,,,listed_equity_corporate_bonds,,,,,,,,,,,,,,,
pcaf_cat15_00550,r360_unitedservicesautomobileassn,360,UNITED SERVICES AUTOMOBILE ASSN.,,,,not_assessed,,,mortgages,,,,,,,,,,,,,,,
pcaf_cat15_00551,r360_unitedservicesautomobileassn,360,UNITED SERVICES AUTOMOBILE ASSN.,,,,not_assessed,,,motor_vehicle_loans,,,,,,,,,,,,,,,
pcaf_cat15_00552,r360_unitedservicesautomobileassn,360,UNITED SERVICES AUTOMOBILE ASSN.,,,,not_assessed,,,project_finance,,,,,,,,,,,,,,,
pcaf_cat15_00553,r365_travelers公司,365,Travelers,,,,not_assessed,,,business_loans_unlisted_equity,,,,,,,,,,,,,,,
pcaf_cat15_00554,r365_travelers公司,365,Travelers,,,,not_assessed,,,commercial_real_estate,,,,,,,,,,,,,,,
pcaf_cat15_00555,r365_travelers公司,365,Travelers,,,,not_assessed,,,listed_equity_corporate_bonds,,,,,,,,,,,,,,,
pcaf_cat15_00556,r365_travelers公司,365,Travelers,,,,not_assessed,,,mortgages,,,,,,,,,,,,,,,
pcaf_cat15_00557,r365_travelers公司,365,Travelers,,,,not_assessed,,,motor_vehicle_loans,,,,,,,,,,,,,,,
pcaf_cat15_00558,r365_travelers公司,365,Travelers,,,,not_assessed,,,project_finance,,,,,,,,,,,,,,,
pcaf_cat15_00559,r367_canadianimperialbankofcommerce,367,CANADIAN IMPERIAL BANK OF COMMERCE,,,,not_assessed,,,business_loans_unlisted_equity,,,,,,,,,,,,,,,
pcaf_cat15_00560,r367_canadianimperialbankofcommerce,367,CANADIAN IMPERIAL BANK OF COMMERCE,,,,not_assessed,,,commercial_real_estate,,,,,,,,,,,,,,,
pcaf_cat15_00561,r367_canadianimperialbankofcommerce,367,CANADIAN IMPERIAL BANK OF COMMERCE,,,,not_assessed,,,listed_equity_corporate_bonds,,,,,,,,,,,,,,,
pcaf_cat15_00562,r367_canadianimperialbankofcommerce,367,CANADIAN IMPERIAL BANK OF COMMERCE,,,,not_assessed,,,mortgages,,,,,,,,,,,,,,,
pcaf_cat15_00563,r367_canadianimperialbankofcommerce,367,CANADIAN IMPERIAL BANK OF COMMERCE,,,,not_assessed,,,motor_vehicle_loans,,,,,,,,,,,,,,,
pcaf_cat15_00564,r367_canadianimperialbankofcommerce,367,CANADIAN IMPERIAL BANK OF COMMERCE,,,,not_assessed,,,project_finance,,,,,,,,,,,,,,,
pcaf_cat15_00565,r370_shenzheninvestmentholdings,370,SHENZHEN INVESTMENT HOLDINGS,,,,not_assessed,,,business_loans_unlisted_equity,,,,,,,,,,,,,,,
pcaf_cat15_00566,r370_shenzheninvestmentholdings,370,SHENZHEN INVESTMENT HOLDINGS,,,,not_assessed,,,commercial_real_estate,,,,,,,,,,,,,,,
pcaf_cat15_00567,r370_shenzheninvestmentholdings,370,SHENZHEN INVESTMENT HOLDINGS,,,,not_assessed,,,listed_equity_corporate_bonds,,,,,,,,,,,,,,,
pcaf_cat15_00568,r370_shenzheninvestmentholdings,370,SHENZHEN INVESTMENT HOLDINGS,,,,not_assessed,,,mortgages,,,,,,,,,,,,,,,
pcaf_cat15_00569,r370_shenzheninvestmentholdings,370,SHENZHEN INVESTMENT HOLDINGS,,,,not_assessed,,,motor_vehicle_loans,,,,,,,,,,,,,,,
pcaf_cat15_00570,r370_shenzheninvestmentholdings,370,SHENZHEN INVESTMENT HOLDINGS,,,,not_assessed,,,project_finance,,,,,,,,,,,,,,,
pcaf_cat15_00571,r372_hanwha,372,HANWHA,,,,not_assessed,,,business_loans_unlisted_equity,,,,,,,,,,,,,,,
pcaf_cat15_00572,r372_hanwha,372,HANWHA,,,,not_assessed,,,commercial_real_estate,,,,,,,,,,,,,,,
pcaf_cat15_00573,r372_hanwha,372,HANWHA,,,,not_assessed,,,listed_equity_corporate_bonds,,,,,,,,,,,,,,,
pcaf_cat15_00574,r372_hanwha,372,HANWHA,,,,not_assessed,,,mortgages,,,,,,,,,,,,,,,
pcaf_cat15_00575,r372_hanwha,372,HANWHA,,,,not_assessed,,,motor_vehicle_loans,,,,,,,,,,,,,,,
pcaf_cat15_00576,r372_hanwha,372,HANWHA,,,,not_assessed,,,project_finance,,,,,,,,,,,,,,,
pcaf_cat15_00577,r373_usbancorp,373,U.S. BANCORP,,,,not_assessed,,,business_loans_unlisted_equity,,,,,,,,,,,,,,,
pcaf_cat15_00578,r373_usbancorp,373,U.S. BANCORP,,,,not_assessed,,,commercial_real_estate,,,,,,,,,,,,,,,
pcaf_cat15_00579,r373_usbancorp,373,U.S. BANCORP,,,,not_assessed,,,listed_equity_corporate_bonds,,,,,,,,,,,,,,,
pcaf_cat15_00580,r373_usbancorp,373,U.S. BANCORP,,,,not_assessed,,,mortgages,,,,,,,,,,,,,,,
pcaf_cat15_00581,r373_usbancorp,373,U.S. BANCORP,,,,not_assessed,,,motor_vehicle_loans,,,,,,,,,,,,,,,
pcaf_cat15_00582,r373_usbancorp,373,U.S. BANCORP,,,,not_assessed,,,project_finance,,,,,,,,,,,,,,,
pcaf_cat15_00583,r381_taikanginsurancegroup,381,TAIKANG INSURANCE GROUP,,,,not_assessed,,,business_loans_unlisted_equity,,,,,,,,,,,,,,,
pcaf_cat15_00584,r381_taikanginsurancegroup,381,TAIKANG INSURANCE GROUP,,,,not_assessed,,,commercial_real_estate,,,,,,,,,,,,,,,
pcaf_cat15_00585,r381_taikanginsurancegroup,381,TAIKANG INSURANCE GROUP,,,,not_assessed,,,listed_equity_corporate_bonds,,,,,,,,,,,,,,,
pcaf_cat15_00586,r381_taikanginsurancegroup,381,TAIKANG INSURANCE GROUP,,,,not_assessed,,,mortgages,,,,,,,,,,,,,,,
pcaf_cat15_00587,r381_taikanginsurancegroup,381,TAIKANG INSURANCE GROUP,,,,not_assessed,,,motor_vehicle_loans,,,,,,,,,,,,,,,
pcaf_cat15_00588,r381_taikanginsurancegroup,381,TAIKANG INSURANCE GROUP,,,,not_assessed,,,project_finance,,,,,,,,,,,,,,,
pcaf_cat15_00589,r388_northwesternmutual,388,NORTHWESTERN MUTUAL,,,,not_assessed,,,business_loans_unlisted_equity,,,,,,,,,,,,,,,
pcaf_cat15_00590,r388_northwesternmutual,388,NORTHWESTERN MUTUAL,,,,not_assessed,,,commercial_real_estate,,,,,,,,,,,,,,,
pcaf_cat15_00591,r388_northwesternmutual,388,NORTHWESTERN MUTUAL,,,,not_assessed,,,listed_equity_corporate_bonds,,,,,,,,,,,,,,,
pcaf_cat15_00592,r388_northwesternmutual,388,NORTHWESTERN MUTUAL,,,,not_assessed,,,mortgages,,,,,,,,,,,,,,,
pcaf_cat15_00593,r388_northwesternmutual,388,NORTHWESTERN MUTUAL,,,,not_assessed,,,motor_vehicle_loans,,,,,,,,,,,,,,,
pcaf_cat15_00594,r388_northwesternmutual,388,NORTHWESTERN MUTUAL,,,,not_assessed,,,project_finance,,,,,,,,,,,,,,,
pcaf_cat15_00595,r393_fairfaxfinancialholdings,393,FAIRFAX FINANCIAL HOLDINGS,,,,not_assessed,,,business_loans_unlisted_equity,,,,,,,,,,,,,,,
pcaf_cat15_00596,r393_fairfaxfinancialholdings,393,FAIRFAX FINANCIAL HOLDINGS,,,,not_assessed,,,commercial_real_estate,,,,,,,,,,,,,,,
pcaf_cat15_00597,r393_fairfaxfinancialholdings,393,FAIRFAX FINANCIAL HOLDINGS,,,,not_assessed,,,listed_equity_corporate_bonds,,,,,,,,,,,,,,,
pcaf_cat15_00598,r393_fairfaxfinancialholdings,393,FAIRFAX FINANCIAL HOLDINGS,,,,not_assessed,,,mortgages,,,,,,,,,,,,,,,
pcaf_cat15_00599,r393_fairfaxfinancialholdings,393,FAIRFAX FINANCIAL HOLDINGS,,,,not_assessed,,,motor_vehicle_loans,,,,,,,,,,,,,,,
pcaf_cat15_00600,r393_fairfaxfinancialholdings,393,FAIRFAX FINANCIAL HOLDINGS,,,,not_assessed,,,project_finance,,,,,,,,,,,,,,,
pcaf_cat15_00601,r396_standardchartered,396,STANDARD CHARTERED,,,,not_assessed,,,business_loans_unlisted_equity,,,,,,,,,,,,,,,
pcaf_cat15_00602,r396_standardchartered,396,STANDARD CHARTERED,,,,not_assessed,,,commercial_real_estate,,,,,,,,,,,,,,,
pcaf_cat15_00603,r396_standardchartered,396,STANDARD CHARTERED,,,,not_assessed,,,listed_equity_corporate_bonds,,,,,,,,,,,,,,,
pcaf_cat15_00604,r396_standardchartered,396,STANDARD CHARTERED,,,,not_assessed,,,mortgages,,,,,,,,,,,,,,,
pcaf_cat15_00605,r396_standardchartered,396,STANDARD CHARTERED,,,,not_assessed,,,motor_vehicle_loans,,,,,,,,,,,,,,,
pcaf_cat15_00606,r396_standardchartered,396,STANDARD CHARTERED,,,,not_assessed,,,project_finance,,,,,,,,,,,,,,,
pcaf_cat15_00607,r399_meijiyasudalifeinsurance,399,MEIJI YASUDA LIFE INSURANCE,,,,not_assessed,,,business_loans_unlisted_equity,,,,,,,,,,,,,,,
pcaf_cat15_00608,r399_meijiyasudalifeinsurance,399,MEIJI YASUDA LIFE INSURANCE,,,,not_assessed,,,commercial_real_estate,,,,,,,,,,,,,,,
pcaf_cat15_00609,r399_meijiyasudalifeinsurance,399,MEIJI YASUDA LIFE INSURANCE,,,,not_assessed,,,listed_equity_corporate_bonds,,,,,,,,,,,,,,,
pcaf_cat15_00610,r399_meijiyasudalifeinsurance,399,MEIJI YASUDA LIFE INSURANCE,,,,not_assessed,,,mortgages,,,,,,,,,,,,,,,
pcaf_cat15_00611,r399_meijiyasudalifeinsurance,399,MEIJI YASUDA LIFE INSURANCE,,,,not_assessed,,,motor_vehicle_loans,,,,,,,,,,,,,,,
pcaf_cat15_00612,r399_meijiyasudalifeinsurance,399,MEIJI YASUDA LIFE INSURANCE,,,,not_assessed,,,project_finance,,,,,,,,,,,,,,,
pcaf_cat15_00613,r402_hangzhouindustrialinvestmentgroup,402,HANGZHOU INDUSTRIAL INVESTMENT GROUP,,,,not_assessed,,,business_loans_unlisted_equity,,,,,,,,,,,,,,,
pcaf_cat15_00614,r402_hangzhouindustrialinvestmentgroup,402,HANGZHOU INDUSTRIAL INVESTMENT GROUP,,,,not_assessed,,,commercial_real_estate,,,,,,,,,,,,,,,
pcaf_cat15_00615,r402_hangzhouindustrialinvestmentgroup,402,HANGZHOU INDUSTRIAL INVESTMENT GROUP,,,,not_assessed,,,listed_equity_corporate_bonds,,,,,,,,,,,,,,,
pcaf_cat15_00616,r402_hangzhouindustrialinvestmentgroup,402,HANGZHOU INDUSTRIAL INVESTMENT GROUP,,,,not_assessed,,,mortgages,,,,,,,,,,,,,,,
pcaf_cat15_00617,r402_hangzhouindustrialinvestmentgroup,402,HANGZHOU INDUSTRIAL INVESTMENT GROUP,,,,not_assessed,,,motor_vehicle_loans,,,,,,,,,,,,,,,
pcaf_cat15_00618,r402_hangzhouindustrialinvestmentgroup,402,HANGZHOU INDUSTRIAL INVESTMENT GROUP,,,,not_assessed,,,project_finance,,,,,,,,,,,,,,,
pcaf_cat15_00619,r404_dzbank,404,DZ BANK,,,,not_assessed,,,business_loans_unlisted_equity,,,,,,,,,,,,,,,
pcaf_cat15_00620,r404_dzbank,404,DZ BANK,,,,not_assessed,,,commercial_real_estate,,,,,,,,,,,,,,,
pcaf_cat15_00621,r404_dzbank,404,DZ BANK,,,,not_assessed,,,listed_equity_corporate_bonds,,,,,,,,,,,,,,,
pcaf_cat15_00622,r404_dzbank,404,DZ BANK,,,,not_assessed,,,mortgages,,,,,,,,,,,,,,,
pcaf_cat15_00623,r404_dzbank,404,DZ BANK,,,,not_assessed,,,motor_vehicle_loans,,,,,,,,,,,,,,,
pcaf_cat15_00624,r404_dzbank,404,DZ BANK,,,,not_assessed,,,project_finance,,,,,,,,,,,,,,,
pcaf_cat15_00625,r414_guangdongguangxinholdingsgroup,414,GUANGDONG GUANGXIN HOLDINGS GROUP,,,,not_assessed,,,business_loans_unlisted_equity,,,,,,,,,,,,,,,
pcaf_cat15_00626,r414_guangdongguangxinholdingsgroup,414,GUANGDONG GUANGXIN HOLDINGS GROUP,,,,not_assessed,,,commercial_real_estate,,,,,,,,,,,,,,,
pcaf_cat15_00627,r414_guangdongguangxinholdingsgroup,414,GUANGDONG GUANGXIN HOLDINGS GROUP,,,,not_assessed,,,listed_equity_corporate_bonds,,,,,,,,,,,,,,,
pcaf_cat15_00628,r414_guangdongguangxinholdingsgroup,414,GUANGDONG GUANGXIN HOLDINGS GROUP,,,,not_assessed,,,mortgages,,,,,,,,,,,,,,,
pcaf_cat15_00629,r414_guangdongguangxinholdingsgroup,414,GUANGDONG GUANGXIN HOLDINGS GROUP,,,,not_assessed,,,motor_vehicle_loans,,,,,,,,,,,,,,,
pcaf_cat15_00630,r414_guangdongguangxinholdingsgroup,414,GUANGDONG GUANGXIN HOLDINGS GROUP,,,,not_assessed,,,project_finance,,,,,,,,,,,,,,,
pcaf_cat15_00631,r419_mapfregroup,419,MAPFRE GROUP,,,,not_assessed,,,business_loans_unlisted_equity,,,,,,,,,,,,,,,
pcaf_cat15_00632,r419_mapfregroup,419,MAPFRE GROUP,,,,not_assessed,,,commercial_real_estate,,,,,,,,,,,,,,,
pcaf_cat15_00633,r419_mapfregroup,419,MAPFRE GROUP,,,,not_assessed,,,listed_equity_corporate_bonds,,,,,,,,,,,,,,,
pcaf_cat15_00634,r419_mapfregroup,419,MAPFRE GROUP,,,,not_assessed,,,mortgages,,,,,,,,,,,,,,,
pcaf_cat15_00635,r419_mapfregroup,419,MAPFRE GROUP,,,,not_assessed,,,motor_vehicle_loans,,,,,,,,,,,,,,,
pcaf_cat15_00636,r419_mapfregroup,419,MAPFRE GROUP,,,,not_assessed,,,project_finance,,,,,,,,,,,,,,,
pcaf_cat15_00637,r446_aiagroup,446,AIA GROUP,,,,not_assessed,,,business_loans_unlisted_equity,,,,,,,,,,,,,,,
pcaf_cat15_00638,r446_aiagroup,446,AIA GROUP,,,,not_assessed,,,commercial_real_estate,,,,,,,,,,,,,,,
pcaf_cat15_00639,r446_aiagroup,446,AIA GROUP,,,,not_assessed,,,listed_equity_corporate_bonds,,,,,,,,,,,,,,,
pcaf_cat15_00640,r446_aiagroup,446,AIA GROUP,,,,not_assessed,,,mortgages,,,,,,,,,,,,,,,
pcaf_cat15_00641,r446_aiagroup,446,AIA GROUP,,,,not_assessed,,,motor_vehicle_loans,,,,,,,,,,,,,,,
pcaf_cat15_00642,r446_aiagroup,446,AIA GROUP,,,,not_assessed,,,project_finance,,,,,,,,,,,,,,,
pcaf_cat15_00643,r449_nationalaustraliabank,449,NATIONAL AUSTRALIA BANK,,,,not_assessed,,,business_loans_unlisted_equity,,,,,,,,,,,,,,,
pcaf_cat15_00644,r449_nationalaustraliabank,449,NATIONAL AUSTRALIA BANK,,,,not_assessed,,,commercial_real_estate,,,,,,,,,,,,,,,
pcaf_cat15_00645,r449_nationalaustraliabank,449,NATIONAL AUSTRALIA BANK,,,,not_assessed,,,listed_equity_corporate_bonds,,,,,,,,,,,,,,,
pcaf_cat15_00646,r449_nationalaustraliabank,449,NATIONAL AUSTRALIA BANK,,,,not_assessed,,,mortgages,,,,,,,,,,,,,,,
pcaf_cat15_00647,r449_nationalaustraliabank,449,NATIONAL AUSTRALIA BANK,,,,not_assessed,,,motor_vehicle_loans,,,,,,,,,,,,,,,
pcaf_cat15_00648,r449_nationalaustraliabank,449,NATIONAL AUSTRALIA BANK,,,,not_assessed,,,project_finance,,,,,,,,,,,,,,,
pcaf_cat15_00649,r454_sompoholdings,454,SOMPO HOLDINGS,,,,not_assessed,,,business_loans_unlisted_equity,,,,,,,,,,,,,,,
pcaf_cat15_00650,r454_sompoholdings,454,SOMPO HOLDINGS,,,,not_assessed,,,commercial_real_estate,,,,,,,,,,,,,,,
pcaf_cat15_00651,r454_sompoholdings,454,SOMPO HOLDINGS,,,,not_assessed,,,listed_equity_corporate_bonds,,,,,,,,,,,,,,,
pcaf_cat15_00652,r454_sompoholdings,454,SOMPO HOLDINGS,,,,not_assessed,,,mortgages,,,,,,,,,,,,,,,
pcaf_cat15_00653,r454_sompoholdings,454,SOMPO HOLDINGS,,,,not_assessed,,,motor_vehicle_loans,,,,,,,,,,,,,,,
pcaf_cat15_00654,r454_sompoholdings,454,SOMPO HOLDINGS,,,,not_assessed,,,project_finance,,,,,,,,,,,,,,,
pcaf_cat15_00655,r457_molinahealthcare公司,457,Molina Healthcare,,,,not_assessed,,,business_loans_unlisted_equity,,,,,,,,,,,,,,,
pcaf_cat15_00656,r457_molinahealthcare公司,457,Molina Healthcare,,,,not_assessed,,,commercial_real_estate,,,,,,,,,,,,,,,
pcaf_cat15_00657,r457_molinahealthcare公司,457,Molina Healthcare,,,,not_assessed,,,listed_equity_corporate_bonds,,,,,,,,,,,,,,,
pcaf_cat15_00658,r457_molinahealthcare公司,457,Molina Healthcare,,,,not_assessed,,,mortgages,,,,,,,,,,,,,,,
pcaf_cat15_00659,r457_molinahealthcare公司,457,Molina Healthcare,,,,not_assessed,,,motor_vehicle_loans,,,,,,,,,,,,,,,
pcaf_cat15_00660,r457_molinahealthcare公司,457,Molina Healthcare,,,,not_assessed,,,project_finance,,,,,,,,,,,,,,,
pcaf_cat15_00661,r461_rabobankgroup,461,RABOBANK GROUP,,,,not_assessed,,,business_loans_unlisted_equity,,,,,,,,,,,,,,,
pcaf_cat15_00662,r461_rabobankgroup,461,RABOBANK GROUP,,,,not_assessed,,,commercial_real_estate,,,,,,,,,,,,,,,
pcaf_cat15_00663,r461_rabobankgroup,461,RABOBANK GROUP,,,,not_assessed,,,listed_equity_corporate_bonds,,,,,,,,,,,,,,,
pcaf_cat15_00664,r461_rabobankgroup,461,RABOBANK GROUP,,,,not_assessed,,,mortgages,,,,,,,,,,,,,,,
pcaf_cat15_00665,r461_rabobankgroup,461,RABOBANK GROUP,,,,not_assessed,,,motor_vehicle_loans,,,,,,,,,,,,,,,
pcaf_cat15_00666,r461_rabobankgroup,461,RABOBANK GROUP,,,,not_assessed,,,project_finance,,,,,,,,,,,,,,,
pcaf_cat15_00667,r466_bankofnewyorkmellon,466,BANK OF NEW YORK MELLON,,,,not_assessed,,,business_loans_unlisted_equity,,,,,,,,,,,,,,,
pcaf_cat15_00668,r466_bankofnewyorkmellon,466,BANK OF NEW YORK MELLON,,,,not_assessed,,,commercial_real_estate,,,,,,,,,,,,,,,
pcaf_cat15_00669,r466_bankofnewyorkmellon,466,BANK OF NEW YORK MELLON,,,,not_assessed,,,listed_equity_corporate_bonds,,,,,,,,,,,,,,,
pcaf_cat15_00670,r466_bankofnewyorkmellon,466,BANK OF NEW YORK MELLON,,,,not_assessed,,,mortgages,,,,,,,,,,,,,,,
pcaf_cat15_00671,r466_bankofnewyorkmellon,466,BANK OF NEW YORK MELLON,,,,not_assessed,,,motor_vehicle_loans,,,,,,,,,,,,,,,
pcaf_cat15_00672,r466_bankofnewyorkmellon,466,BANK OF NEW YORK MELLON,,,,not_assessed,,,project_finance,,,,,,,,,,,,,,,
pcaf_cat15_00673,r472_guangxiinvestmentgroup,472,GUANGXI INVESTMENT GROUP,,,,not_assessed,,,business_loans_unlisted_equity,,,,,,,,,,,,,,,
pcaf_cat15_00674,r472_guangxiinvestmentgroup,472,GUANGXI INVESTMENT GROUP,,,,not_assessed,,,commercial_real_estate,,,,,,,,,,,,,,,
pcaf_cat15_00675,r472_guangxiinvestmentgroup,472,GUANGXI INVESTMENT GROUP,,,,not_assessed,,,listed_equity_corporate_bonds,,,,,,,,,,,,,,,
pcaf_cat15_00676,r472_guangxiinvestmentgroup,472,GUANGXI INVESTMENT GROUP,,,,not_assessed,,,mortgages,,,,,,,,,,,,,,,
pcaf_cat15_00677,r472_guangxiinvestmentgroup,472,GUANGXI INVESTMENT GROUP,,,,not_assessed,,,motor_vehicle_loans,,,,,,,,,,,,,,,
pcaf_cat15_00678,r472_guangxiinvestmentgroup,472,GUANGXI INVESTMENT GROUP,,,,not_assessed,,,project_finance,,,,,,,,,,,,,,,
pcaf_cat15_00679,r473_vtbbank,473,VTB BANK,,,,not_assessed,,,business_loans_unlisted_equity,,,,,,,,,,,,,,,
pcaf_cat15_00680,r473_vtbbank,473,VTB BANK,,,,not_assessed,,,commercial_real_estate,,,,,,,,,,,,,,,
pcaf_cat15_00681,r473_vtbbank,473,VTB BANK,,,,not_assessed,,,listed_equity_corporate_bonds,,,,,,,,,,,,,,,
pcaf_cat15_00682,r473_vtbbank,473,VTB BANK,,,,not_assessed,,,mortgages,,,,,,,,,,,,,,,
pcaf_cat15_00683,r473_vtbbank,473,VTB BANK,,,,not_assessed,,,motor_vehicle_loans,,,,,,,,,,,,,,,
pcaf_cat15_00684,r473_vtbbank,473,VTB BANK,,,,not_assessed,,,project_finance,,,,,,,,,,,,,,,
pcaf_cat15_00685,r476_powercorpofcanada,476,POWER CORP. OF CANADA,,,,not_assessed,,,business_loans_unlisted_equity,,,,,,,,,,,,,,,
pcaf_cat15_00686,r476_powercorpofcanada,476,POWER CORP. OF CANADA,,,,not_assessed,,,commercial_real_estate,,,,,,,,,,,,,,,
pcaf_cat15_00687,r476_powercorpofcanada,476,POWER CORP. OF CANADA,,,,not_assessed,,,listed_equity_corporate_bonds,,,,,,,,,,,,,,,
pcaf_cat15_00688,r476_powercorpofcanada,476,POWER CORP. OF CANADA,,,,not_assessed,,,mortgages,,,,,,,,,,,,,,,
pcaf_cat15_00689,r476_powercorpofcanada,476,POWER CORP. OF CANADA,,,,not_assessed,,,motor_vehicle_loans,,,,,,,,,,,,,,,
pcaf_cat15_00690,r476_powercorpofcanada,476,POWER CORP. OF CANADA,,,,not_assessed,,,project_finance,,,,,,,,,,,,,,,
pcaf_cat15_00691,r477_truistfinancial公司,477,Truist Financial,,,,not_assessed,,,business_loans_unlisted_equity,,,,,,,,,,,,,,,
pcaf_cat15_00692,r477_truistfinancial公司,477,Truist Financial,,,,not_assessed,,,commercial_real_estate,,,,,,,,,,,,,,,
pcaf_cat15_00693,r477_truistfinancial公司,477,Truist Financial,,,,not_assessed,,,listed_equity_corporate_bonds,,,,,,,,,,,,,,,
pcaf_cat15_00694,r477_truistfinancial公司,477,Truist Financial,,,,not_assessed,,,mortgages,,,,,,,,,,,,,,,
pcaf_cat15_00695,r477_truistfinancial公司,477,Truist Financial,,,,not_assessed,,,motor_vehicle_loans,,,,,,,,,,,,,,,
pcaf_cat15_00696,r477_truistfinancial公司,477,Truist Financial,,,,not_assessed,,,project_finance,,,,,,,,,,,,,,,
pcaf_cat15_00697,r484_commonwealthbankofaustralia,484,COMMONWEALTH BANK OF AUSTRALIA,,,,not_assessed,,,business_loans_unlisted_equity,,,,,,,,,,,,,,,
pcaf_cat15_00698,r484_commonwealthbankofaustralia,484,COMMONWEALTH BANK OF AUSTRALIA,,,,not_assessed,,,commercial_real_estate,,,,,,,,,,,,,,,
pcaf_cat15_00699,r484_commonwealthbankofaustralia,484,COMMONWEALTH BANK OF AUSTRALIA,,,,not_assessed,,,listed_equity_corporate_bonds,,,,,,,,,,,,,,,
pcaf_cat15_00700,r484_commonwealthbankofaustralia,484,COMMONWEALTH BANK OF AUSTRALIA,,,,not_assessed,,,mortgages,,,,,,,,,,,,,,,
pcaf_cat15_00701,r484_commonwealthbankofaustralia,484,COMMONWEALTH BANK OF AUSTRALIA,,,,not_assessed,,,motor_vehicle_loans,,,,,,,,,,,,,,,
pcaf_cat15_00702,r484_commonwealthbankofaustralia,484,COMMONWEALTH BANK OF AUSTRALIA,,,,not_assessed,,,project_finance,,,,,,,,,,,,,,,
pcaf_cat15_00703,r490_visa公司,490,Visa公司,,,,not_assessed,,,business_loans_unlisted_equity,,,,,,,,,,,,,,,
pcaf_cat15_00704,r490_visa公司,490,Visa公司,,,,not_assessed,,,commercial_real_estate,,,,,,,,,,,,,,,
pcaf_cat15_00705,r490_visa公司,490,Visa公司,,,,not_assessed,,,listed_equity_corporate_bonds,,,,,,,,,,,,,,,
pcaf_cat15_00706,r490_visa公司,490,Visa公司,,,,not_assessed,,,mortgages,,,,,,,,,,,,,,,
pcaf_cat15_00707,r490_visa公司,490,Visa公司,,,,not_assessed,,,motor_vehicle_loans,,,,,,,,,,,,,,,
pcaf_cat15_00708,r490_visa公司,490,Visa公司,,,,not_assessed,,,project_finance,,,,,,,,,,,,,,,
pcaf_cat15_00709,r491_apolloglobalmanagement,491,APOLLO GLOBAL MANAGEMENT,,,,not_assessed,,,business_loans_unlisted_equity,,,,,,,,,,,,,,,
pcaf_cat15_00710,r491_apolloglobalmanagement,491,APOLLO GLOBAL MANAGEMENT,,,,not_assessed,,,commercial_real_estate,,,,,,,,,,,,,,,
pcaf_cat15_00711,r491_apolloglobalmanagement,491,APOLLO GLOBAL MANAGEMENT,,,,not_assessed,,,listed_equity_corporate_bonds,,,,,,,,,,,,,,,
pcaf_cat15_00712,r491_apolloglobalmanagement,491,APOLLO GLOBAL MANAGEMENT,,,,not_assessed,,,mortgages,,,,,,,,,,,,,,,
pcaf_cat15_00713,r491_apolloglobalmanagement,491,APOLLO GLOBAL MANAGEMENT,,,,not_assessed,,,motor_vehicle_loans,,,,,,,,,,,,,,,
pcaf_cat15_00714,r491_apolloglobalmanagement,491,APOLLO GLOBAL MANAGEMENT,,,,not_assessed,,,project_finance,,,,,,,,,,,,,,,
