queue_id,company_id,report_id,inventory_year,scope3_total_mtco2e,category_sum_mtco2e,delta_mtco2e,delta_percent,tolerance_flag,categories_present,categories_missing,duplicate_category_codes,boundary_variants,value_unit_raw,evidence_pages,source_files,reconciliation_decision,accepted_total_value,accepted_category_sum,reviewer_note,company_name_en,company_name_zh,world500_rank
scope3_recon_00001,r001_walmart,,,636.57,,-636.57,-100.0,missing_total_or_categories,,1|2|3|4|5|6|7|8|9|10|11|12|13|14|15,,,,106,FY2025-Walmart-ESG-Report.pdf,,,,,WALMART,沃尔玛,1
scope3_recon_00002,r002_amazoncom,,,50.32,,-50.32,-100.0,missing_total_or_categories,,1|2|3|4|5|6|7|8|9|10|11|12|13|14|15,,,,50,2024-amazon-sustainability-report.pdf,,,,,AMAZON.COM,亚马逊,2
scope3_recon_00003,r007_apple,,,15.19099,,-15.19099,-100.0,missing_total_or_categories,,1|2|3|4|5|6|7|8|9|10|11|12|13|14|15,,,,105|106,Apple_Environmental_Progress_Report_2025.pdf,,,,,APPLE,苹果公司,7
scope3_recon_00004,r008_unitedhealthgroup,,,17.977601,0.5213369999999999,-17.456264,-97.10007469850956,review_delta_gt_5pct,4,1|2|3|5|6|7|8|9|10|11|12|13|14|15,,Operational control boundary,tCO2e,82,UNITEDHEALTH GROUP—2024-sustainability-report.pdf,,,,,UNITEDHEALTH GROUP,联合健康集团,8
scope3_recon_00005,r011_volkswagen,,,413.95,89572138.0,89571724.05,21638295.458388694,review_delta_gt_5pct,1,2|3|4|5|6|7|8|9|10|11|12|13|14|15,,,MtCO2e,66,2023_Volkswagen_Group_Sustainability_Report.pdf,,,,,VOLKSWAGEN,大众公司,11
scope3_recon_00006,r013_shell,,,154.0,2424.0,2270.0,1474.025974025974,review_delta_gt_5pct,1|3|9|11,2|4|5|6|7|8|10|12|13|14|15,1|11,ESRS perimeter|Equity boundary,MtCO2e,103|375|99,shell-annual-report-2024.pdf,,,,,SHELL,壳牌公司,13
scope3_recon_00007,r016_mckesson,,,,25.426174000000003,,,missing_total_or_categories,1|2|3|4|5|6|7,8|9|10|11|12|13|14|15,,,tCO2e,64,McKesson Impact Report 2024.pdf,,,,,MCKESSON,麦克森公司,16
scope3_recon_00008,r017_alphabet公司,,,12.052999999999999,11.655999999999999,-0.39700000000000024,-3.293785779473992,pass,1|2|3|4|5|6|7|11,8|9|10|12|13|14|15,,,tCO2e,105,google-2025-environmental-report.pdf,,,,,Alphabet,Alphabet,17
scope3_recon_00009,r019_trafiguragroup,,,,318.9844509999999,,,missing_total_or_categories,1|3|6|8|10|11|14|15,2|4|5|7|9|12|13,,,tCO2e,26,2024_trafigura_sustainability_report.pdf,,,,,TRAFIGURA GROUP,托克集团,19
scope3_recon_00010,r023_totalenergies,,,342.0,415.0,73.0,21.34502923976608,review_delta_gt_5pct,1|2|3|4|8|9|10|11|12|15,5|6|7|13|14,,,MtCO2e,107,totalenergies_sustainability-climate-2025-progress-report_2025_en.pdf,,,,,TOTALENERGIES,道达尔能源公司,23
scope3_recon_00011,r029_chevron,,,,2506.0,,,missing_total_or_categories,11,1|2|3|4|5|6|7|8|9|10|12|13|14|15,11,Equity boundary|Operated perimeter,MtCO2e,13|17,chevron-sustainability-highlights-2024.pdf,,,,,CHEVRON,雪佛龙,29
scope3_recon_00012,r031_samsungelectronics,,,0.002021,,-0.002021,-100.0,missing_total_or_categories,,1|2|3|4|5|6|7|8|9|10|11|12|13|14|15,,,,62,SAMSUNG ELECTRONICS_Sustainability_report_2024_en.pdf,,,,,SAMSUNG ELECTRONICS,三星电子,31
scope3_recon_00013,r036_fordmotor,,,354.14,45.502015,-308.63798499999996,-87.15140481165639,review_delta_gt_5pct,1|2|4|11|15,3|5|6|7|8|9|10|12|13|14,,,tCO2e,193|237,2025-integrated-sustainability-and-financial-report-FORD MOTOR.pdf,,,,,FORD MOTOR,福特汽车公司,36
scope3_recon_00014,r038_bankofamerica,,,1.722654,1.815472,0.09281800000000007,5.38808141391133,review_delta_gt_5pct,1|6,2|3|4|5|7|8|9|10|11|12|13|14|15,,,tCO2e,116|81,BankOfAmerica_Sustainability_2024_Report.pdf,,,,,BANK OF AMERICA,美国银行,38
scope3_recon_00015,r042_mercedesbenzgroup,,,,1.83e-05,,,missing_total_or_categories,1,2|3|4|5|6|7|8|9|10|11|12|13|14|15,,,tCO2e,10,mercedes-benz-ir-sustainability-targets-and-metrics-summary-2024.pdf,,,,,MERCEDES-BENZ GROUP,梅赛德斯-奔驰集团,42
scope3_recon_00016,r046_centene公司,,,0.002019,,-0.002019,-100.0,missing_total_or_categories,,1|2|3|4|5|6|7|8|9|10|11|12|13|14|15,,,,58,Centene-Corporate-Responsibility-2024.pdf,,,,,Centene,Centene,46
scope3_recon_00017,r048_homedepot,,,192.934,,-192.934,-100.0,missing_total_or_categories,,1|2|3|4|5|6|7|8|9|10|11|12|13|14|15,,,,95,2024_ESG_Report_The_Home_Depot.pdf,,,,,HOME DEPOT,家得宝,48
scope3_recon_00018,r053_pinganinsurance,,,0.042193,,-0.042193,-100.0,missing_total_or_categories,,1|2|3|4|5|6|7|8|9|10|11|12|13|14|15,,,,136,2024中国平安可持续报告.pdf,,,,,PING AN INSURANCE,中国平安保险（集团）股份有限公司,53
scope3_recon_00019,r066_metaplatforms公司,,,7.445621,5.397384999999999,-2.048236000000001,-27.509270213995595,review_delta_gt_5pct,2|3|4|5|6|7|8|9|11,1|10|12|13|14|15,,,tCO2e,21|81,Meta-2024-Sustainability-Report.pdf,,,,,Meta Platforms,Meta Platforms,66
scope3_recon_00020,r073_hyundaimotor,,,147.253154,,-147.253154,-100.0,missing_total_or_categories,,1|2|3|4|5|6|7|8|9|10|11|12|13|14|15,,,,135,HYUNDAI MOTOR-hmc-2025-sustainability-report-en-v13.pdf,,,,,HYUNDAI MOTOR,现代汽车,73
scope3_recon_00021,r091_equinor公司,,,278.128188,,-278.128188,-100.0,missing_total_or_categories,,1|2|3|4|5|6|7|8|9|10|11|12|13|14|15,,,,117,annual-report-2024-equinor.pdf,,,,,Equinor,Equinor,91
scope3_recon_00022,r101_eon,,,5.0,,-5.0,-100.0,missing_total_or_categories,,1|2|3|4|5|6|7|8|9|10|11|12|13|14|15,,,,44,E.ON-GB24-gesamt-EN_final.pdf,,,,,E.ON,意昂集团,101
scope3_recon_00023,r111_morganstanley,,,,0.09828899999999999,,,missing_total_or_categories,6|13,1|2|3|4|5|7|8|9|10|11|12|14|15,,,tCO2e,69,Morgan_Stanley_2023_ESG_Report.pdf,,,,,MORGAN STANLEY,摩根士丹利,111
scope3_recon_00024,r114_royalaholddelhaize,,,0.354,,-0.354,-100.0,missing_total_or_categories,,1|2|3|4|5|6|7|8|9|10|11|12|13|14|15,,,,182,Ahold_Delhaize_Annual_Report_2024.pdf,,,,,ROYAL AHOLD DELHAIZE,皇家阿霍德德尔海兹集团,114
scope3_recon_00025,r116_indianoil,,,351.09,,-351.09,-100.0,missing_total_or_categories,,1|2|3|4|5|6|7|8|9|10|11|12|13|14|15,,,,59,INDIAN OIL-IOCL-Sustainability-Report-2023-24.pdf,,,,,INDIAN OIL,印度石油公司,116
scope3_recon_00026,r119_christiandior,,,7.522618,,-7.522618,-100.0,missing_total_or_categories,,1|2|3|4|5|6|7|8|9|10|11|12|13|14|15,,,,116,ChristianDior_2024_Annual_Report.pdf,,,,,CHRISTIAN DIOR,迪奥公司,119
scope3_recon_00027,r125_ptt,,,0.0002,,-0.0002,-100.0,missing_total_or_categories,,1|2|3|4|5|6|7|8|9|10|11|12|13|14|15,,,,152,PTT One Report ENG 2024.pdf,,,,,PTT,泰国国家石油有限公司,125
scope3_recon_00028,r130_engie集团,,,7.8e-05,,-7.8e-05,-100.0,missing_total_or_categories,,1|2|3|4|5|6|7|8|9|10|11|12|13|14|15,,,,112,ENGIE_DEU_2024_US__PDF_MEL_v3.pdf,,,,,Engie,Engie,130
scope3_recon_00029,r131_waltdisney,,,8e-06,2.1e-05,1.3e-05,162.5,review_delta_gt_5pct,1|14,2|3|4|5|6|7|8|9|10|11|12|13|15,,,tCO2e,28,华特迪士尼公司-2024-SSI-Report.pdf,,,,,WALT DISNEY,华特迪士尼公司,131
scope3_recon_00030,r132_orlen,,,1.1e-05,,-1.1e-05,-100.0,missing_total_or_categories,,1|2|3|4|5|6|7|8|9|10|11|12|13|14|15,,,,151,Management Board on the Operations of ORLEN Group 2024.pdf.coredownload.pdf,,,,,ORLEN,波兰国营石油公司,132
scope3_recon_00031,r133_delltechnologies,,,1.1e-05,,-1.1e-05,-100.0,missing_total_or_categories,,1|2|3|4|5|6|7|8|9|10|11|12|13|14|15,,,,3,DELL中国delltechnologies-esg-fy24-performance-metrics.pdf,,,,,DELL TECHNOLOGIES,戴尔科技公司,133
scope3_recon_00032,r143_byd,,,3.32631249,,-3.32631249,-100.0,missing_total_or_categories,,1|2|3|4|5|6|7|8|9|10|11|12|13|14|15,,,,127,比亚迪年度可持续报告2024.pdf,,,,,BYD,比亚迪股份有限公司,143
scope3_recon_00033,r145_siemens,,,0.0020239999999999998,,-0.0020239999999999998,-100.0,missing_total_or_categories,,1|2|3|4|5|6|7|8|9|10|11|12|13|14|15,,,,85,SIEMENS ENERGY-sustainability-report-2024-pdf_Original%20file.pdf,,,,,SIEMENS,西门子,145
scope3_recon_00034,r162_kia,,,0.0729755,,-0.0729755,-100.0,missing_total_or_categories,,1|2|3|4|5|6|7|8|9|10|11|12|13|14|15,,,,35,2025 KIA Sustainability Report.pdf,,,,,KIA,起亚公司,162
scope3_recon_00035,r163_sysco,,,9.790000000000001e-05,,-9.790000000000001e-05,-100.0,missing_total_or_categories,,1|2|3|4|5|6|7|8|9|10|11|12|13|14|15,,,,45,Sysco FY24 Sustainability Report.pdf,,,,,SYSCO,西斯科公司,163
scope3_recon_00036,r168_torontodominionbank,,,0.020241,,-0.020241,-100.0,missing_total_or_categories,,1|2|3|4|5|6|7|8|9|10|11|12|13|14|15,,,,56,2024-TORONTO-DOMINION BANK-sustainability-report-en.pdf,,,,,TORONTO-DOMINION BANK,多伦多道明银行,168
scope3_recon_00037,r174_法国bpce银行集团,,,0.002019,,-0.002019,-100.0,missing_total_or_categories,,1|2|3|4|5|6|7|8|9|10|11|12|13|14|15,,,,34,GROUPE BPCE-2023-240506-tcfd-version-uk.pdf,,,,,BPCE Group,法国BPCE银行,174
scope3_recon_00038,r183_airbus,,,10.605,,-10.605,-100.0,missing_total_or_categories,,1|2|3|4|5|6|7|8|9|10|11|12|13|14|15,,,,2,AIRBUS-pm_38_711_711991-us758j55ai.pdf,,,,,AIRBUS,空中客车公司,183
scope3_recon_00039,r185_zhejianggeelyholdinggroup,,,67.652981,,-67.652981,-100.0,missing_total_or_categories,,1|2|3|4|5|6|7|8|9|10|11|12|13|14|15,,,,38,Geely-Holding-Group-Sustainability-Report-2024-ZH.pdf,,,,,ZHEJIANG GEELY HOLDING GROUP,浙江吉利控股集团有限公司,185
scope3_recon_00040,r189_itaúunibancoholding,,,0.038263,,-0.038263,-100.0,missing_total_or_categories,,1|2|3|4|5|6|7|8|9|10|11|12|13|14|15,,,,115,ITAÚ UNIBANCO HOLDING ESG Report 2024.pdf,,,,,ITAÚ UNIBANCO HOLDING,伊塔乌联合银行控股公司,189
scope3_recon_00041,r191_generalelectric,,,23.0,,-23.0,-100.0,missing_total_or_categories,,1|2|3|4|5|6|7|8|9|10|11|12|13|14|15,,,,23,GENERAL ELECTRIC-Aerospace 2025-sustainability-report.pdf,,,,,GENERAL ELECTRIC,通用电气公司,191
scope3_recon_00042,r193_lockheedmartin,,,3e-06,,-3e-06,-100.0,missing_total_or_categories,,1|2|3|4|5|6|7|8|9|10|11|12|13|14|15,,,,42,2024-LOCKHEED MARTIN-Sustainability-Performance-Report.pdf,,,,,LOCKHEED MARTIN,洛克希德－马丁,193
scope3_recon_00043,r195_americanexpress,,,6e-06,6e-06,0.0,0.0,pass,6,1|2|3|4|5|7|8|9|10|11|12|13|14|15,,,tCO2e,67,AMERICAN EXPRESS_AXP_2023_2024_ESG_Report.pdf,,,,,AMERICAN EXPRESS,美国运通公司,195
scope3_recon_00044,r198_wilmarinternational,,,0.0001025,,-0.0001025,-100.0,missing_total_or_categories,,1|2|3|4|5|6|7|8|9|10|11|12|13|14|15,,,,25,24_0151_wilmar_2024_sr-v7-27-may.pdf,,,,,WILMAR INTERNATIONAL,丰益国际,198
scope3_recon_00045,r199_caterpillar,,,64.0,,-64.0,-100.0,missing_total_or_categories,,1|2|3|4|5|6|7|8|9|10|11|12|13|14|15,,,,67,CATERPILLAR 2024 SUSTAINABILITY REPORT.pdf,,,,,CATERPILLAR,卡特彼勒,199
scope3_recon_00046,r206_chinavanke,,,0.002022,,-0.002022,-100.0,missing_total_or_categories,,1|2|3|4|5|6|7|8|9|10|11|12|13|14|15,,,,50,2024-CHINA VANKE-sustainability-report.pdf,,,,,CHINA VANKE,万科企业股份有限公司,206
scope3_recon_00047,r222_nvidia,,,,6.912576999999999,,,missing_total_or_categories,1|2|3|4|5|6|7|8,9|10|11|12|13|14|15,,,tCO2e,29,NVIDIA-Sustainability-Report-Fiscal-Year-2025.pdf,,,,,NVIDIA,英伟达公司,222
scope3_recon_00048,r224_zurichinsurancegroup,,,1.8e-05,,-1.8e-05,-100.0,missing_total_or_categories,,1|2|3|4|5|6|7|8|9|10|11|12|13|14|15,,,,65,ZURICH INSURANCE GROUP sustainability-report-2024.pdf,,,,,ZURICH INSURANCE GROUP,苏黎世保险集团,224
scope3_recon_00049,r230_bungeglobal,,,3e-06,,-3e-06,-100.0,missing_total_or_categories,,1|2|3|4|5|6|7|8|9|10|11|12|13|14|15,,,,72,2025-Bunge-Global-Sustainability-Report.pdf,,,,,BUNGE GLOBAL,邦吉公司,230
scope3_recon_00050,r231_anheuserbuschinbev,,,4.64e-06,,-4.64e-06,-100.0,missing_total_or_categories,,1|2|3|4|5|6|7|8|9|10|11|12|13|14|15,,,,75,20224-ANHEUSER-BUSCH INBEV-sustainability-report,,,,,ANHEUSER-BUSCH INBEV,百威英博,231
scope3_recon_00051,r237_deltaairlines,,,23.119882,,-23.119882,-100.0,missing_total_or_categories,,1|2|3|4|5|6|7|8|9|10|11|12|13|14|15,,,,57,delta-difference-2024-report.pdf,,,,,DELTA AIR LINES,达美航空,237
scope3_recon_00052,r255_chartercommunications,,,0.957348,,-0.957348,-100.0,missing_total_or_categories,,1|2|3|4|5|6|7|8|9|10|11|12|13|14|15,,,,22,2023 CHARTER COMMUNICATIONS esg-report.pdf,,,,,CHARTER COMMUNICATIONS,特许通讯公司,255
scope3_recon_00053,r258_bharatpetroleum,,,0.0,,0.0,,missing_total_or_categories,,1|2|3|4|5|6|7|8|9|10|11|12|13|14|15,,,,79,BHARAT PETROLEUM sustainability-report-2023-24.pdf,,,,,BHARAT PETROLEUM,巴拉特石油公司,258
scope3_recon_00054,r260_newyorklifeinsurance,,,0.028430999999999998,0.0354,0.006969000000000003,24.51197636382823,review_delta_gt_5pct,6|13,1|2|3|4|5|7|8|9|10|11|12|14|15,,,tCO2e,54,2024NEW YORK LIFE INSURANCE Corporate-Responsibility-Report.pdf,,,,,NEW YORK LIFE INSURANCE,美国纽约人寿保险公司,260
scope3_recon_00055,r262_tjx公司,,,0.0126,,-0.0126,-100.0,missing_total_or_categories,,1|2|3|4|5|6|7|8|9|10|11|12|13|14|15,,,,68,tjx-2025-global-corporate-responsibility-report.pdf,,,,,TJX,TJX,262
scope3_recon_00056,r263_novartis,,,4e-06,,-4e-06,-100.0,missing_total_or_categories,,1|2|3|4|5|6|7|8|9|10|11|12|13|14|15,,,,61,novartis-integrated-report-2024.pdf,,,,,NOVARTIS,诺华公司,263
scope3_recon_00057,r264_riotintogroup,,,574.6,1.0,-573.6,-99.8259658893143,review_delta_gt_5pct,10,1|2|3|4|5|6|7|8|9|11|12|13|14|15,,,MtCO2e,60|75,2024-RIO TINTO GROUP-annual-report.pdf,,,,,RIO TINTO GROUP,力拓集团,264
scope3_recon_00058,r266_prudentialfinancial,,,0.25554099999999996,0.056089,-0.19945199999999996,-78.05088028926865,review_delta_gt_5pct,6,1|2|3|4|5|7|8|9|10|11|12|13|14|15,,,tCO2e,46|51,Prudential-s-2024-Sustainability-Report.pdf,,,,,PRUDENTIAL FINANCIAL,保德信金融集团,266
scope3_recon_00059,r268_bhpgroup,,,377.6,,-377.6,-100.0,missing_total_or_categories,,1|2|3|4|5|6|7|8|9|10|11|12|13|14|15,,,,51,250819_bhpannualreport2025.pdf,,,,,BHP GROUP,必和必拓集团,268
scope3_recon_00060,r269_hp,,,,12.369000000000002,,,missing_total_or_categories,1|2|3|6|7,4|5|8|9|10|11|12|13|14|15,,,tCO2e,160,2024_HP_sustainability_report.pdf,,,,,HP,惠普公司,269
scope3_recon_00061,r270_unitedairlinesholdings,,,13.585206999999999,0.12317099999999999,-13.462036,-99.09334469471095,review_delta_gt_5pct,7,1|2|3|4|5|6|8|9|10|11|12|13|14|15,,,tCO2e,101,2024-UNITED AIRLINES HOLDINGS-report-interactive.pdf,,,,,UNITED AIRLINES HOLDINGS,联合航空控股公司,270
scope3_recon_00062,r271_tatamotors,,,25.9,,-25.9,-100.0,missing_total_or_categories,,1|2|3|4|5|6|7|8|9|10|11|12|13|14|15,,,,134,tata-motor-IAR-2024-25.pdf,,,,,TATA MOTORS,印度塔塔汽车公司,271
scope3_recon_00063,r278_americanairlinesgroup,,,0.015125,,-0.015125,-100.0,missing_total_or_categories,,1|2|3|4|5|6|7|8|9|10|11|12|13|14|15,,,,81,American-Airlines-Sustainability-Report-2024.pdf,,,,,AMERICAN AIRLINES GROUP,美国航空集团,278
scope3_recon_00064,r287_tokiomarineholdings,,,0.012516999999999999,,-0.012516999999999999,-100.0,missing_total_or_categories,,1|2|3|4|5|6|7|8|9|10|11|12|13|14|15,,,,42,TOKIO MARINE HOLDINGS sustainability_web_2025.pdf,,,,,TOKIO MARINE HOLDINGS,东京海上日动火灾保险公司,287
scope3_recon_00065,r292_shanghaipudongdevelopmentbank,,,0.53,,-0.53,-100.0,missing_total_or_categories,,1|2|3|4|5|6|7|8|9|10|11|12|13|14|15,,,,99,,,,,,SHANGHAI PUDONG DEVELOPMENT BANK,上海浦东发展银行股份有限公司,292
scope3_recon_00066,r294_bankofmontreal,,,5.393,1e-06,-5.392999,-99.99998145744483,review_delta_gt_5pct,1,2|3|4|5|6|7|8|9|10|11|12|13|14|15,,Operational control boundary,tCO2e,78|84,BMO_2024_SCR_EN_interactive.pdf,,,,,BANK OF MONTREAL,蒙特利尔银行,294
scope3_recon_00067,r295_zffriedrichshafen,,,1e-06,,-1e-06,-100.0,missing_total_or_categories,,1|2|3|4|5|6|7|8|9|10|11|12|13|14|15,,,,68,ZF_AnnualReport24.pdf,,,,,ZF FRIEDRICHSHAFEN,采埃孚,295
scope3_recon_00068,r297_sanofi,,,3.8226269999999998,,-3.8226269999999998,-100.0,missing_total_or_categories,,1|2|3|4|5|6|7|8|9|10|11|12|13|14|15,,,,38,SANOFI-sustainability-statement-2024--ESG-Report-.pdf,,,,,SANOFI,赛诺菲,297
scope3_recon_00069,r301_swissre,,,0.001,,-0.001,-100.0,missing_total_or_categories,,1|2|3|4|5|6|7|8|9|10|11|12|13|14|15,,,,82,2024-SWISS RE-sustainability-report-en.pdf,,,,,SWISS RE,瑞士再保险股份有限公司,301
scope3_recon_00070,r304_capitalonefinancial,,,0.0002,,-0.0002,-100.0,missing_total_or_categories,,1|2|3|4|5|6|7|8|9|10|11|12|13|14|15,,,,152,,,,,,CAPITAL ONE FINANCIAL,第一资本金融公司,304
scope3_recon_00071,r310_vodafonegroup,,,6.61,,-6.61,-100.0,missing_total_or_categories,,1|2|3|4|5|6|7|8|9|10|11|12|13|14|15,,,,38,Vodafone 2025 Annual Report.pdf,,,,,VODAFONE GROUP,沃达丰集团,310
scope3_recon_00072,r315_unicreditgroup,,,97.473496,,-97.473496,-100.0,missing_total_or_categories,,1|2|3|4|5|6|7|8|9|10|11|12|13|14|15,,,,271,2024-UNICREDIT GROUP-Annual-Reports-and-Accounts.pdf,,,,,UNICREDIT GROUP,联合信贷集团,315
scope3_recon_00073,r316_energiebadenwürttemberg,,,0.002023,,-0.002023,-100.0,missing_total_or_categories,,1|2|3|4|5|6|7|8|9|10|11|12|13|14|15,,,,107,,,,,,ENERGIE BADEN-WÜRTTEMBERG,巴登-符腾堡州能源公司,316
scope3_recon_00074,r320_orange公司,,,5.361,,-5.361,-100.0,missing_total_or_categories,,1|2|3|4|5|6|7|8|9|10|11|12|13|14|15,,,,3,ORANGE rapport annuel 2024-2025.pdf,,,,,Orange,Orange,320
scope3_recon_00075,r322_ingkagroup,,,4.9999999999999996e-06,,-4.9999999999999996e-06,-100.0,missing_total_or_categories,,1|2|3|4|5|6|7|8|9|10|11|12|13|14|15,,,,122,ingkagroup_annualsummaryandsustainabilityreport_fy24.pdf,,,,,INGKA GROUP,英格卡集团,322
scope3_recon_00076,r324_americaninternationalgroup,,,0.009075999999999999,0.000522,-0.008553999999999999,-94.24856765094756,review_delta_gt_5pct,13,1|2|3|4|5|6|7|8|9|10|11|12|14|15,,,tCO2e,34,AMERICAN INTERNATIONAL GROUP-aig-sustainability-report-2024.pdf,,,,,AMERICAN INTERNATIONAL GROUP,美国国际集团,324
scope3_recon_00077,r327_talanx公司,,,0.012627,,-0.012627,-100.0,missing_total_or_categories,,1|2|3|4|5|6|7|8|9|10|11|12|13|14|15,,,,32,Talanx_Nachhaltigkeitsbericht_2023_en.pdf,,,,,Talanx,Talanx,327
scope3_recon_00078,r329_astrazeneca,,,1.846,,-1.846,-100.0,missing_total_or_categories,,1|2|3|4|5|6|7|8|9|10|11|12|13|14|15,,,,129,AstraZeneca_AR_2024.pdf,,,,,ASTRAZENECA,阿斯利康,329
scope3_recon_00079,r344_continental,,,0.0020239999999999998,,-0.0020239999999999998,-100.0,missing_total_or_categories,,1|2|3|4|5|6|7|8|9|10|11|12|13|14|15,,,,145,CONTINENTAL annual-report-2024.pdf,,,,,CONTINENTAL,德国大陆集团,344
scope3_recon_00080,r345_raízen公司,,,13.08621082,,-13.08621082,-100.0,missing_total_or_categories,,1|2|3|4|5|6|7|8|9|10|11|12|13|14|15,,,,32,item-1338-raizen-rs24-25-en-d11.pdf,,,,,Raízen,Raízen,345
scope3_recon_00081,r346_dow,,,,7.722999999999999e-05,,,missing_total_or_categories,1|2|3|4|5|6|7|11|12|13|14|15,8|9|10,,,tCO2e,136,DOW-2024-progress-report.pdf,,,,,DOW,陶氏公司,346
scope3_recon_00082,r350_telefónica,,,1.962411,1.4212739999999997,-0.5411370000000002,-27.575110412650574,review_delta_gt_5pct,1|2|3|6,4|5|7|8|9|10|11|12|13|14|15,,,tCO2e,110|206,2024TELEFÓNICA consolidated-management-report.pdf,,,,,TELEFÓNICA,西班牙电话公司,350
scope3_recon_00083,r352_bestbuy,,,15.732438,,-15.732438,-100.0,missing_total_or_categories,,1|2|3|4|5|6|7|8|9|10|11|12|13|14|15,,,,59,BestBuy-CRS-Report-2025.pdf,,,,,BEST BUY,百思买,352
scope3_recon_00084,r356_thermofisherscientific,,,0.00030399999999999996,,-0.00030399999999999996,-100.0,missing_total_or_categories,,1|2|3|4|5|6|7|8|9|10|11|12|13|14|15,,,,66,2023-THERMO FISHER SCIENTIFIC-CSR-Report.pdf,,,,,THERMO FISHER SCIENTIFIC,赛默飞世尔科技公司,356
scope3_recon_00085,r357_magnainternational,,,58.655440999999996,,-58.655440999999996,-100.0,missing_total_or_categories,,1|2|3|4|5|6|7|8|9|10|11|12|13|14|15,,,,99,101227_magna_sustainabilityreport_fy2024_final_cda.pdf,,,,,MAGNA INTERNATIONAL,麦格纳国际,357
scope3_recon_00086,r366_warnerbrosdiscovery,,,1.4352,,-1.4352,-100.0,missing_total_or_categories,,1|2|3|4|5|6|7|8|9|10|11|12|13|14|15,,,,25,WARNER BROS. DISCOVERY_2024_impact_report.pdf,,,,,WARNER BROS. DISCOVERY,华纳兄弟探索公司,366
scope3_recon_00087,r369_jsainsbury,,,25.652904,,-25.652904,-100.0,missing_total_or_categories,,1|2|3|4|5|6|7|8|9|10|11|12|13|14|15,,,,35,sainsburys-plan-for-better-report-2024-25.pdf,,,,,J. SAINSBURY,森宝利公司,369
scope3_recon_00088,r376_abbottlaboratories,,,0.001,,-0.001,-100.0,missing_total_or_categories,,1|2|3|4|5|6|7|8|9|10|11|12|13|14|15,,,,57,Abbott-2024-Global-Sustainability-Report-June-2025.pdf,,,,,ABBOTT LABORATORIES,雅培公司,376
scope3_recon_00089,r387_schneiderelectric,,,8.0,,-8.0,-100.0,missing_total_or_categories,,1|2|3|4|5|6|7|8|9|10|11|12|13|14|15,,,,39,2024-SCHNEIDER ELECTRIC-sustainability-report_tcm564-513141.pdf,,,,,SCHNEIDER ELECTRIC,施耐德电气,387
scope3_recon_00090,r392_coop集团,,,22.633056,,-22.633056,-100.0,missing_total_or_categories,,1|2|3|4|5|6|7|8|9|10|11|12|13|14|15,,,,53,COOP GROUP Fortschrittsbericht-Nachhaltigkeit-2024_en.pdf,,,,,Coop,Coop,392
scope3_recon_00091,r398_compassgroup,,,11.965107,,-11.965107,-100.0,missing_total_or_categories,,1|2|3|4|5|6|7|8|9|10|11|12|13|14|15,,,,10,COMPASS GROUP sustainability-report_2024.pdf,,,,,COMPASS GROUP,康帕斯集团,398
scope3_recon_00092,r400_gsk,,,0.008624,,-0.008624,-100.0,missing_total_or_categories,,1|2|3|4|5|6|7|8|9|10|11|12|13|14|15,,,,25,GSK-responsible-business-performance-report-2024.pdf,,,,,GSK,葛兰素史克集团,400
scope3_recon_00093,r413_honeywellinternational,,,11.389635,,-11.389635,-100.0,missing_total_or_categories,,1|2|3|4|5|6|7|8|9|10|11|12|13|14|15,,,,61,HONEYWELL INTERNATIONAL-2025-impact-report.pdf,,,,,HONEYWELL INTERNATIONAL,霍尼韦尔国际公司,413
scope3_recon_00094,r424_starbucks,,,8.0,,-8.0,-100.0,missing_total_or_categories,,1|2|3|4|5|6|7|8|9|10|11|12|13|14|15,,,,45,Starbucks-Fiscal-2024-Global-Impact-Report.pdf,,,,,STARBUCKS,星巴克公司,424
scope3_recon_00095,r425_olamgroup,,,0.0020239999999999998,,-0.0020239999999999998,-100.0,missing_total_or_categories,,1|2|3|4|5|6|7|8|9|10|11|12|13|14|15,,,,99,OLAM GROUP_annual_report_2024.pdf,,,,,OLAM GROUP,新加坡奥兰集团,425
scope3_recon_00096,r427_broadcom,,,,0.10354599999999999,,,missing_total_or_categories,3|5|6|7,1|2|4|8|9|10|11|12|13|14|15,,,tCO2e,61,broadcom-2024-corpresponsibility-final.pdf,,,,,BROADCOM,博通公司,427
scope3_recon_00097,r450_sap公司,,,5.4999999999999995e-05,,-5.4999999999999995e-05,-100.0,missing_total_or_categories,,1|2|3|4|5|6|7|8|9|10|11|12|13|14|15,,,,161,SAP integrated_report2024.pdf,,,,,SAP,SAP,450
scope3_recon_00098,r455_elililly,,,6.1739999999999995,0.0020239999999999998,-6.171976,-99.96721736313575,review_delta_gt_5pct,4,1|2|3|5|6|7|8|9|10|11|12|13|14|15,,,tCO2e,15,2024_ELI LILLY-SustainabilityReport-20251020_FINAL.pdf,,,,,ELI LILLY,美国礼来公司,455
scope3_recon_00099,r456_koreagas,,,0.0020239999999999998,,-0.0020239999999999998,-100.0,missing_total_or_categories,,1|2|3|4|5|6|7|8|9|10|11|12|13|14|15,,,,147,KOGAS 2025 SUSTAINABILITY REPORT(A4).pdf,,,,,KOREA GAS,韩国天然气公司,456
scope3_recon_00100,r464_britishamericantobacco,,,4e-06,4e-06,0.0,0.0,pass,1,2|3|4|5|6|7|8|9|10|11|12|13|14|15,,,tCO2e,140,BRITISH AMERICAN TOBACCO_Annual_Report_on_Form_20-F_2024.pdf,,,,,BRITISH AMERICAN TOBACCO,英美烟草集团,464
scope3_recon_00101,r466_bankofnewyorkmellon,,,0.028260999999999998,,-0.028260999999999998,-100.0,missing_total_or_categories,,1|2|3|4|5|6|7|8|9|10|11|12|13|14|15,,,,129,2023-BANK OF NEW YORK MELLON sustainability-report.pdf,,,,,BANK OF NEW YORK MELLON,纽约梅隆银行,466
scope3_recon_00102,r469_novonordisk,,,1.5,0.001014,-1.498986,-99.9324,review_delta_gt_5pct,1|2|3,4|5|6|7|8|9|10|11|12|13|14|15,,,tCO2e,55|58,novo-nordisk-annual-report-2024.pdf,,,,,NOVO NORDISK,诺和诺德公司,469
scope3_recon_00103,r478_siemensenergy,,,0.0020239999999999998,,-0.0020239999999999998,-100.0,missing_total_or_categories,,1|2|3|4|5|6|7|8|9|10|11|12|13|14|15,,,,85,SIEMENS ENERGY-sustainability-report-2024-pdf_Original%20file.pdf,,,,,SIEMENS ENERGY,西门子能源,478
scope3_recon_00104,r480_ecopetrol,,,151.117258,,-151.117258,-100.0,missing_total_or_categories,,1|2|3|4|5|6|7|8|9|10|11|12|13|14|15,,,,297,2024-ECOPETROL-integrated-management-report.pdf,,,,,ECOPETROL,哥伦比亚国家石油公司,480
scope3_recon_00105,r481_arrowelectronics,,,9.05301,,-9.05301,-100.0,missing_total_or_categories,,1|2|3|4|5|6|7|8|9|10|11|12|13|14|15,,,,81,2024-ARROW ELECTRONICS-Corporate-Stewardship-and-Impact-Report-1.pdf,,,,,ARROW ELECTRONICS,艾睿电子,481
scope3_recon_00106,r482_jerónimomartins公司,,,0.016177999999999998,,-0.016177999999999998,-100.0,missing_total_or_categories,,1|2|3|4|5|6|7|8|9|10|11|12|13|14|15,,,,184,Jerónimo Martins公司-nfr-corporate-responsibility-jeronimomartins-ar24.pdf,,,,,Jerónimo Martins,Jerónimo Martins,482
scope3_recon_00107,r486_linde,,,0.53,,-0.53,-100.0,missing_total_or_categories,,1|2|3|4|5|6|7|8|9|10|11|12|13|14|15,,,,99,2024-LINDE-sustainable-development-report.pdf,,,,,LINDE,林德集团,486
scope3_recon_00108,r487_heineken,,,14.8,,-14.8,-100.0,missing_total_or_categories,,1|2|3|4|5|6|7|8|9|10|11|12|13|14|15,,,,177,heineken_n_v_annual_report_2024_final_20feb2025.pdf,,,,,HEINEKEN,喜力公司,487
