action_rank,review_priority,world500_rank,company_id,company_name_en,company_name_zh,scope_en,scope_zh,basis_en,basis_zh,boundary_en,boundary_zh,value_text,unit_raw,value_mtco2e,needed_for_scope_1_2_3_completion,quick_win_for_direct_scope_completion,likely_reject_or_reextract,direct_scope_count,existing_direct_scope_set,verification_status,verification_reason_zh,source_kind,binding_mode,evidence_page,source_file,source_path,snippet_en,review_check_company_report,review_check_inventory_page,review_check_latest_year,review_check_unit,review_check_scope2_method,review_check_boundary,reviewer_decision,manual_emissions_ready,manual_note_zh
1,,13,r013_shell,SHELL,壳牌公司,Scope 3,范围3,,,,,154,MtCO2e,154.0,True,False,True,2,Scope 1|Scope 2,review_required,数值未锚定到已匹配报告页面全文；Scope 3 类别项或 Scope 1/2/3 合计项不能作为 Scope 3 总量采信；油气企业多口径数值需要人工边界复核,evidence_snippet_fallback,table_column_anchor,99,shell-annual-report-2024.pdf,C:\Users\lenovo\Desktop\一些任务\董敬轩\知识图谱\2024世界500强及碳中和报告\2024世界500强及碳中和报告\shell-annual-report-2024.pdf,"See ""Basis of preparation - absolute Scope 1, 2 and 3 emissions"" on page 100-101. [D] In 2024, we revised Scope 3 Category 1 for 2023 (from 154 million tonnes CO2e to 130 million tonnes CO2e), for 2022 (from 144 million tonnes CO2e to 136 m",,,,,,,,,
2,,36,r036_fordmotor,FORD MOTOR,福特汽车公司,Scope 1,范围1,,,,,7,tCO2e,7e-06,True,False,True,2,Scope 2|Scope 3,review_required,缺少有效的 MtCO2e 折算值,report_page_anchor,year_table_row_anchor,237,2025-integrated-sustainability-and-financial-report-FORD MOTOR.pdf,C:\Users\lenovo\Desktop\一些任务\董敬轩\知识图谱\2024世界500强及碳中和报告\2024世界500强及碳中和报告\2025-integrated-sustainability-and-financial-report-FORD MOTOR.pdf,"...f sold products - vehicle use (WTW) 7 292,127,000 Category 15 - Investments 3 - - 15,972,000 Scope 1 and 2 (market-based) Emissions from Unconsolidated Investee Facilities - - 322,000 Scope 3 Vehicle Use Emissions from Vehicles Sold by Unconsolidated Investees - - 15,650,000 Tota",,,,,,,,,
3,,36,r036_fordmotor,FORD MOTOR,福特汽车公司,Scope 1,范围1,,,Operational control boundary,运营控制边界,2,tCO2e,2e-06,True,False,True,2,Scope 2|Scope 3,review_required,缺少有效的 MtCO2e 折算值,report_page_anchor,table_column_anchor,192,2025-integrated-sustainability-and-financial-report-FORD MOTOR.pdf,C:\Users\lenovo\Desktop\一些任务\董敬轩\知识图谱\2024世界500强及碳中和报告\2024世界500强及碳中和报告\2025-integrated-sustainability-and-financial-report-FORD MOTOR.pdf,"...port 2025 192 Gross Scopes 1, 2, 3, and Total GHG Emissions Footnote ESRS Metric 2024 Global Scope 1 GHG Emissions (metric tons CO2e) Gross Scope 1 GHG emissions 2 E1-6 44a & 48a 870,091 Consolidated accounting group E1-6 50a 870,091 Unconsolidated, where Ford has operational con",,,,,,,,,
4,,66,r066_metaplatforms公司,Meta Platforms,Meta Platforms,Scope 2,范围2,,,,,"1,658",tCO2e,0.001658,True,False,True,2,Scope 1|Scope 3,review_required,缺少有效的 MtCO2e 折算值；Scope 2 未明确市场法/位置法口径,report_page_scan,year_table_row_anchor,78,Meta-2024-Sustainability-Report.pdf,C:\Users\lenovo\Desktop\一些任务\董敬轩\知识图谱\2024世界500强及碳中和报告\2024世界500强及碳中和报告\Meta-2024-Sustainability-Report.pdf,"...4,330,000 5,129,000 5,830,244 8,533,471 7,496,232 Scope 1 44,000 29,000 55,173 66,934 48,952 Scope 2 208,000 9,000 2,487 273 1,658 Scope 3 4,078,000 5,091,000 5,772,583 8,466,264 7,445,621 Location-based (in metric tons CO2e) 2019 2020 2021 2022 2023 Total 6,295,000 8,559,000 10,",,,,,,,,,
5,,195,r195_americanexpress,AMERICAN EXPRESS,美国运通公司,Scope 3,范围3,,,,,6,tCO2e,6e-06,True,False,True,2,Scope 1|Scope 2,review_required,缺少有效的 MtCO2e 折算值；Scope 3 类别项或 Scope 1/2/3 合计项不能作为 Scope 3 总量采信,report_page_scan,table_column_anchor,67,AMERICAN EXPRESS_AXP_2023_2024_ESG_Report.pdf,C:\Users\lenovo\Desktop\一些任务\董敬轩\知识图谱\2024世界500强及碳中和报告\2024世界500强及碳中和报告\AMERICAN EXPRESS_AXP_2023_2024_ESG_Report.pdf,"... (Location-Based) MTCO2e 93,687 85,188 Scope 2 - Indirect (Market-Based)4 MTCO2e 2,269 2,266 Scope 3 Category 5: Waste Generated in Operations5 MTCO2e 807 569 Category 6: Business Travel6 MTCO2e 18,064 11,454 Total Greenhouse Gas Emissions7 Total Scope 1 & 2 (Location-Based) Emis",,,,,,,,,
6,,317,r317_tokyoelectricpower,TOKYO ELECTRIC POWER,东京电力公司,Scope 3,范围3,,,,,0,ktCO2,,True,False,True,2,Scope 1|Scope 2,review_required,候选质量不是 high；单位不能稳定折算为 CO2e,report_page_scan,table_column_anchor,103,TOKYO ELECTRIC POWER TP2024_en_web_print.pdf,C:\Users\lenovo\Desktop\一些任务\董敬轩\知识图谱\2024世界500强及碳中和报告\2024世界500强及碳中和报告\TOKYO ELECTRIC POWER TP2024_en_web_print.pdf,"...ssions (*1) Scope 1 ktCO2-eq 203 205 211 Scope 2 (location based) ktCO2-eq 5,773 4,913 5,981 Scope 3 ktCO2-eq － 106,401 116,330 C1.0 Land/freshwater/ocean- use change Total spatial footprint Total surface area controlled/managed by the organisation, where the organisation has con",,,,,,,,,
7,,450,r450_sap公司,SAP,SAP,Scope 1,范围1,,,,,3,MtCO2,,True,False,True,2,Scope 2|Scope 3,review_required,候选质量不是 high；单位不能稳定折算为 CO2e,report_page_scan,year_table_row_anchor,339,SAP integrated_report2024.pdf,C:\Users\lenovo\Desktop\一些任务\董敬轩\知识图谱\2024世界500强及碳中和报告\2024世界500强及碳中和报告\SAP integrated_report2024.pdf,"...96.4 92.8 93.2 95.3 Customer Net Promoter Score7 12 9 7 10 4 Gross greenhouse gas emissions (scope 1, 2, 3 / market-based) (in million tons CO2 equivalents) 6.9 6.9 NA NA NA 1 Based on SAP Group results, according to IFRS, unless otherwise stated. 2 From 2024, we updated our non-",,,,,,,,,
8,,266,r266_prudentialfinancial,PRUDENTIAL FINANCIAL,保德信金融集团,Scope 2,范围2,Market-Based,市场法,,,"255,541",TCO2E,0.25554099999999996,True,True,False,1,Scope 3,review_required,数值缺少稳定的表格/年份锚定,report_page_anchor,sentence_unit_binding,45,Prudential-s-2024-Sustainability-Report.pdf,C:\Users\lenovo\Desktop\一些任务\董敬轩\知识图谱\2024世界500强及碳中和报告\2024世界500强及碳中和报告\Prudential-s-2024-Sustainability-Report.pdf,"...FROM RENEWABLE SOURCES VIA CONTRACTUAL AGREEMENTS 13,609 TCO2E SCOPE 1 EMISSIONS 9,307 TCO2E SCOPE 2 EMISSIONS (MARKET-BASED) 255,541 TCO2E SCOPE 3 EMISSIONS 2024 Sustainability Report 45 Additional Information Environmental Stewardship Investing Sustainably Governance Our Cultur",,,,,,,,,
9,,329,r329_astrazeneca,ASTRAZENECA,阿斯利康,Scope 3,范围3,,,,,"1,846",ktCO2e,1.846,True,True,False,1,Scope 1,review_required,数值缺少稳定的表格/年份锚定,report_page_scan,sentence_unit_binding,129,AstraZeneca_AR_2024.pdf,C:\Users\lenovo\Desktop\一些任务\董敬轩\知识图谱\2024世界500强及碳中和报告\2024世界500强及碳中和报告\AstraZeneca_AR_2024.pdf,"...5bn $35.5bn Relative TSR 20% Median Upper Quartile Sustainability 10% Value Chain emissions (Scope 3) 1,846 ktCO2e 1,434 ktCO2e Regulatory events measure NME and major life-cycle management approvals (taking into account the first approval over the performance period). NME Phase ",,,,,,,,,
10,,166,r166_vinci,VINCI,万喜集团,Scope 3,范围3,,,,,49,million tonnes of CO2,,True,True,True,1,Scope 1,review_required,候选质量不是 high；单位不能稳定折算为 CO2e；数值缺少稳定的表格/年份锚定；上下文像基准/目标/进度值，不是清单排放值,report_page_scan,sentence_unit_binding,31,VINCI-2024_workforce_related_environmental_and_social_information.pdf,C:\Users\lenovo\Desktop\一些任务\董敬轩\知识图谱\2024世界500强及碳中和报告\2024世界500强及碳中和报告\VINCI-2024_workforce_related_environmental_and_social_information.pdf,"...41 Indirect greenhouse gas emissions In 2019, the baseline year, VINCI’s indirect emissions (Scope 3), adjusted for acquisitions and disposals over the period, totalled approximately 49 million tonnes of CO2 (adjusted for acquisitions and disposals). At 31 December 2024, the Grou",,,,,,,,,
11,,189,r189_itaúunibancoholding,ITAÚ UNIBANCO HOLDING,伊塔乌联合银行控股公司,Scope 3,范围3,,,,,"38,263",tCO2e,0.038263,True,True,True,1,Scope 1,review_required,数值缺少稳定的表格/年份锚定；上下文像基准/目标/进度值，不是清单排放值,report_page_scan,sentence_unit_binding,115,ITAÚ UNIBANCO HOLDING ESG Report 2024.pdf,C:\Users\lenovo\Desktop\一些任务\董敬轩\知识图谱\2024世界500强及碳中和报告\2024世界500强及碳中和报告\ITAÚ UNIBANCO HOLDING ESG Report 2024.pdf,"...ive plans to reduce these emissions. 3 Baseline 2023: Scope 1 and scope 2 - 18,738 tCO2e and Scope 3 - 38,263 tCO2e. Message from the CEO Sustainability in business Environmental Social Governance ESG Report 2024 | Itaú Unibanco Holding S.A 115",,,,,,,,,
12,,264,r264_riotintogroup,RIO TINTO GROUP,力拓集团,Scope 2,范围2,Location-Based,位置法,,,30.8,Mt CO2e,30.8,True,True,True,1,Scope 3,review_required,数值缺少稳定的表格/年份锚定；Scope 1 + Scope 2 合计值不能作为单一 Scope 数值采信,report_page_anchor,sentence_unit_binding,323,2024-RIO TINTO GROUP-annual-report.pdf,C:\Users\lenovo\Desktop\一些任务\董敬轩\知识图谱\2024世界500强及碳中和报告\2024世界500强及碳中和报告\2024-RIO TINTO GROUP-annual-report.pdf,"...nable assurance opinion: Scope 1 and 2 GHG Emissions In our opinion, Total gross Scope 1 and Scope 2 (Location-Based) Greenhouse Gas (GHG) Emissions (equity basis) of 30.8 Mt CO2e and Total gross Scope 1 and Scope 2 (Market-Based) Greenhouse Gas (GHG) Emissions (equity basis) of ",,,,,,,,,
13,,264,r264_riotintogroup,RIO TINTO GROUP,力拓集团,Scope 2,范围2,Market-Based,市场法,,,29.8,Mt CO2e,29.8,True,True,True,1,Scope 3,review_required,数值缺少稳定的表格/年份锚定；Scope 1 + Scope 2 合计值不能作为单一 Scope 数值采信,report_page_scan,sentence_unit_binding,323,2024-RIO TINTO GROUP-annual-report.pdf,C:\Users\lenovo\Desktop\一些任务\董敬轩\知识图谱\2024世界500强及碳中和报告\2024世界500强及碳中和报告\2024-RIO TINTO GROUP-annual-report.pdf,...d) Greenhouse Gas (GHG) Emissions (equity basis) of 30.8 Mt CO2e and Total gross Scope 1 and Scope 2 (Market-Based) Greenhouse Gas (GHG) Emissions (equity basis) of 29.8 Mt CO2e presented in the Sustainability sections of the Rio Tinto 2024 Reports for the year ended 31 December ,,,,,,,,,
14,,266,r266_prudentialfinancial,PRUDENTIAL FINANCIAL,保德信金融集团,Scope 1,范围1,,,,,"9,307",TCO2E,0.009307,True,True,True,1,Scope 3,review_required,缺少有效的 MtCO2e 折算值；数值缺少稳定的表格/年份锚定,report_page_scan,sentence_unit_binding,45,Prudential-s-2024-Sustainability-Report.pdf,C:\Users\lenovo\Desktop\一些任务\董敬轩\知识图谱\2024世界500强及碳中和报告\2024世界500强及碳中和报告\Prudential-s-2024-Sustainability-Report.pdf,"...2024 52% OF ELECTRICITY COMES FROM RENEWABLE SOURCES VIA CONTRACTUAL AGREEMENTS 13,609 TCO2E SCOPE 1 EMISSIONS 9,307 TCO2E SCOPE 2 EMISSIONS (MARKET-BASED) 255,541 TCO2E SCOPE 3 EMISSIONS 2024 Sustainability Report 45 Additional Information Environmental Stewardship Investing Sus",,,,,,,,,
15,,466,r466_bankofnewyorkmellon,BANK OF NEW YORK MELLON,纽约梅隆银行,Scope 3,范围3,,,,,"28,261",MT CO2e,0.028260999999999998,True,True,True,1,Scope 1,review_required,数值缺少稳定的表格/年份锚定；Scope 3 类别项或 Scope 1/2/3 合计项不能作为 Scope 3 总量采信,report_page_scan,sentence_unit_binding,129,2023-BANK OF NEW YORK MELLON sustainability-report.pdf,C:\Users\lenovo\Desktop\一些任务\董敬轩\知识图谱\2024世界500强及碳中和报告\2024世界500强及碳中和报告\2023-BANK OF NEW YORK MELLON sustainability-report.pdf,"...Emissions - Category 6 Business Travel MT CO2e 19,825 Total Scope 1 + Scope 2 Market Based + Scope 3 Business Travel MT CO2e 28,261 GHG Emission Offsets and Net Emissions for 2023 Purchased GHG Emission Offsets MT CO2e 28,811 Net Emissions CO2e (Scope 1 + Scope 2 Market Based + S",,,,,,,,,
16,,119,r119_christiandior,CHRISTIAN DIOR,迪奥公司,Scope 1,范围1,,,,,2,tCO2e,2e-06,True,False,True,1,Scope 3,review_required,缺少有效的 MtCO2e 折算值,report_page_anchor,table_column_anchor,114,ChristianDior_2024_Annual_Report.pdf,C:\Users\lenovo\Desktop\一些任务\董敬轩\知识图谱\2024世界500强及碳中和报告\2024世界500强及碳中和报告\ChristianDior_2024_Annual_Report.pdf,"... and Vigilance Plan 112 Annual Report as of December 31, 2024 GHG emissions - Scopes 1 and 2 Scope 1 emissions are those generated mainly through the combustion of fuel oil and natural gas, as well as the leaking of refrigerant fluids. Scope 2 emissions are those generated indire",,,,,,,,,
17,,145,r145_siemens,SIEMENS,西门子,Scope 1,范围1,,,,,22,tCO2e,2.2e-05,True,False,True,1,Scope 3,review_required,缺少有效的 MtCO2e 折算值；上下文像基准/目标/进度值，不是清单排放值,report_page_scan,table_column_anchor,85,SIEMENS ENERGY-sustainability-report-2024-pdf_Original%20file.pdf,C:\Users\lenovo\Desktop\一些任务\董敬轩\知识图谱\2024世界500强及碳中和报告\2024世界500强及碳中和报告\SIEMENS ENERGY-sustainability-report-2024-pdf_Original%20file.pdf,"...how challenging it will be to reduce emissions while at the same time serving our customers. Scope 1 & 2 In fiscal year 2024, our Scope 1 and 2 emissions increased by around 9% or 17 metric tons, resulting in a Scope 1 and 2 intensity of 5.71×10-6 t CO2e/€ of revenue in 2024 comp",,,,,,,,,
18,,198,r198_wilmarinternational,WILMAR INTERNATIONAL,丰益国际,Scope 1,范围1,Market-Based,市场法,Operational control boundary,运营控制边界,12.3,tCO2e,1.23e-05,True,False,True,1,Scope 3,review_required,缺少有效的 MtCO2e 折算值；Scope 1 + Scope 2 合计值不能作为单一 Scope 数值采信,report_page_anchor,table_column_anchor,25,24_0151_wilmar_2024_sr-v7-27-may.pdf,C:\Users\lenovo\Desktop\一些任务\董敬轩\知识图谱\2024世界500强及碳中和报告\2024世界500强及碳中和报告\24_0151_wilmar_2024_sr-v7-27-may.pdf,"...ar’s emissions arise from our factories and upstream palm oil operations. In 2024, our total Scope 1 and Scope 2 (market-based) GHG emissions8 were 12.3 million tCO2e (2023: 12.8 million tCO2e^), including 0.5 million tCO2e9 (2023: 0.6 million tCO2e) from land use change. Given t",,,,,,,,,
19,,198,r198_wilmarinternational,WILMAR INTERNATIONAL,丰益国际,Scope 2,范围2,Market-Based,市场法,Operational control boundary,运营控制边界,12.8,tCO2e,1.28e-05,True,False,True,1,Scope 3,review_required,缺少有效的 MtCO2e 折算值；Scope 1 + Scope 2 合计值不能作为单一 Scope 数值采信,report_page_anchor,table_column_anchor,25,24_0151_wilmar_2024_sr-v7-27-may.pdf,C:\Users\lenovo\Desktop\一些任务\董敬轩\知识图谱\2024世界500强及碳中和报告\2024世界500强及碳中和报告\24_0151_wilmar_2024_sr-v7-27-may.pdf,"...ns arise from our factories and upstream palm oil operations. In 2024, our total Scope 1 and Scope 2 (market-based) GHG emissions8 were 12.3 million tCO2e (2023: 12.8 million tCO2e^), including 0.5 million tCO2e9 (2023: 0.6 million tCO2e) from land use change. Given the decrease ",,,,,,,,,
20,,234,r234_panasonicholdings,PANASONIC HOLDINGS,松下控股公司,Scope 2,范围2,,,,,3,tCO2e,3e-06,True,False,True,1,Scope 1,review_required,缺少有效的 MtCO2e 折算值；Scope 2 未明确市场法/位置法口径,report_page_scan,table_column_anchor,155,2025_Sustainability Date Book PANASONIC HOLDINGS.pdf,C:\Users\lenovo\Desktop\一些任务\董敬轩\知识图谱\2024世界500强及碳中和报告\2024世界500强及碳中和报告\2025_Sustainability Date Book PANASONIC HOLDINGS.pdf,...m energy use (tCO2e) • Scope 1 GHG emissions (including the breakdown of the GHGs) (tCO2e) • Scope 2 GHG emissions (including the breakdown of the GHGs) (tCO2e) • CO2 emissions for logistics (tCO2e) 4 • Scope 3 GHG emissions Category11 (Use of sold products) (tCO2e) • Amount of r,,,,,,,,,
21,,264,r264_riotintogroup,RIO TINTO GROUP,力拓集团,Scope 1,范围1,,,Equity boundary,权益边界,23,MtCO2e,23.0,True,False,True,1,Scope 3,review_required,上下文像基准/目标/进度值，不是清单排放值,report_page_anchor,year_table_row_anchor,74,2024-RIO TINTO GROUP-annual-report.pdf,C:\Users\lenovo\Desktop\一些任务\董敬轩\知识图谱\2024世界500强及碳中和报告\2024世界500强及碳中和报告\2024-RIO TINTO GROUP-annual-report.pdf,Performance against target: Scope 1 and 2 GHG emissions - adjusted equity basis (Baseline1) Equity GHG emissions (Mt CO2e) 2024 2023 2018 Adjusted (Baseline) Scope 1 and 2 emissions2 30.7 33.9 Carbon credits3 1.1 0 Baseline net Scope 1 and 2 emissions 29.6 33.9 Emissions target b,,,,,,,,,
22,,268,r268_bhpgroup,BHP GROUP,必和必拓集团,Scope 1,范围1,,,Operational control boundary,运营控制边界,7.4,MtCO2e,7.4,True,False,True,1,Scope 3,review_required,上下文像基准/目标/进度值，不是清单排放值,report_page_anchor,year_table_row_anchor,51,250819_bhpannualreport2025.pdf,C:\Users\lenovo\Desktop\一些任务\董敬轩\知识图谱\2024世界500强及碳中和报告\2024世界500强及碳中和报告\250819_bhpannualreport2025.pdf,"...trol basis (MtCO2-e, unless otherwise indicated) FY2025 FY2024 FY2023 Total operations basis Scope 1 emissions 7.4 8.1 8.0 Scope 2 emissions 1.3 1.9 1.9 Total operational GHG emissions 8.7 10.0 9.9 Location-based Scope 2 emissions 3.1 3.7 3.8 Operational GHG emissions intensity (",,,,,,,,,
23,,268,r268_bhpgroup,BHP GROUP,必和必拓集团,Scope 2,范围2,Location-Based,位置法,,,3.1,MtCO2e,3.1,True,False,True,1,Scope 3,review_required,上下文像基准/目标/进度值，不是清单排放值,report_page_anchor,year_table_row_anchor,51,250819_bhpannualreport2025.pdf,C:\Users\lenovo\Desktop\一些任务\董敬轩\知识图谱\2024世界500强及碳中和报告\2024世界500强及碳中和报告\250819_bhpannualreport2025.pdf,...sions 7.4 8.1 8.0 Scope 2 emissions 1.3 1.9 1.9 Total operational GHG emissions 8.7 10.0 9.9 Location-based Scope 2 emissions 3.1 3.7 3.8 Operational GHG emissions intensity (tCO2-e per tonne of copper equivalent production) 1.6 1.8 1.7 Notes - Definition: Scope 3 emissions refer,,,,,,,,,
24,,295,r295_zffriedrichshafen,ZF FRIEDRICHSHAFEN,采埃孚,Scope 1,范围1,,,,,1,tCO2e,1e-06,True,False,True,1,Scope 3,review_required,缺少有效的 MtCO2e 折算值；Scope 1 + Scope 2 合计值不能作为单一 Scope 数值采信；上下文像基准/目标/进度值，不是清单排放值,report_page_anchor,year_table_row_anchor,68,ZF_AnnualReport24.pdf,C:\Users\lenovo\Desktop\一些任务\董敬轩\知识图谱\2024世界500强及碳中和报告\2024世界500强及碳中和报告\ZF_AnnualReport24.pdf,"Gross GHG emissions of Scope 1, 2 and 3 and total GHG emissions in million tons (CO2-aquivalent) 2024 2023 2019 Baseline Scope 1 1) 0.229 0.247 0.406 Scope 2 1) location-based 1) 1.144 1.184 1.437 market-based 1) 0.649 0.805 1.371 Scope 1 + Scope 2 emissions (market-based) 0.878 ",,,,,,,,,
25,,344,r344_continental,CONTINENTAL,德国大陆集团,Scope 1,范围1,,,,,7,tCO2e,7e-06,True,False,True,1,Scope 3,review_required,缺少有效的 MtCO2e 折算值；Scope 1 + Scope 2 合计值不能作为单一 Scope 数值采信；上下文像基准/目标/进度值，不是清单排放值,report_page_anchor,year_table_row_anchor,142,CONTINENTAL annual-report-2024.pdf,C:\Users\lenovo\Desktop\一些任务\董敬轩\知识图谱\2024世界500强及碳中和报告\2024世界500强及碳中和报告\CONTINENTAL annual-report-2024.pdf,...G 2024 Annual Report Management Report Sustainability Report - Environmental Information 139 Scope 1 and Scope 2 GHG emissions Retrospective Milestones and target years Base year 2023 2024 ∆ PY in % 2025 2030 2035 Reduction rate (Annual % target / Base year) Scope 1 GHG emissions,,,,,,,,,
26,,346,r346_dow,DOW,陶氏公司,Scope 2,范围2,,,,,3.11,tCO2e,3.11e-06,True,False,True,1,Scope 1,review_required,缺少有效的 MtCO2e 折算值；Scope 2 未明确市场法/位置法口径,report_page_scan,year_table_row_anchor,115,DOW-2024-progress-report.pdf,C:\Users\lenovo\Desktop\一些任务\董敬轩\知识图谱\2024世界500强及碳中和报告\2024世界500强及碳中和报告\DOW-2024-progress-report.pdf,... % Scope 1 Emissions From Power Sold to Third-party/Grid1 4.70 5.04 5.45 5.74 -1.04 -18.12 % Scope 2 (Market) 3.11 3.20 4.19 6.22 -3.11 -50.00 % Scope 2 (Location)2 3.44 3.36 3.45 3.95 -0.51 -12.91 % Gross Scope 1 & 2 (Market) 29.74 29.97 31.48 34.98 -5.24 -14.98 % Scope 1 & 2 GH,,,,,,,,,
27,,356,r356_thermofisherscientific,THERMO FISHER SCIENTIFIC,赛默飞世尔科技公司,Scope 3,范围3,,,,,304,tCO2e,0.00030399999999999996,True,False,True,1,Scope 1,review_required,缺少有效的 MtCO2e 折算值；上下文像基准/目标/进度值，不是清单排放值,report_page_anchor,table_column_anchor,66,2023-THERMO FISHER SCIENTIFIC-CSR-Report.pdf,C:\Users\lenovo\Desktop\一些任务\董敬轩\知识图谱\2024世界500强及碳中和报告\2024世界500强及碳中和报告\2023-THERMO FISHER SCIENTIFIC-CSR-Report.pdf,...2e/M USD revenue 8.0 6.0 5.3 Scope 1 and 2 GHG intensity MTCO2e/M USD revenue 16.3 13.3 13.1 Scope 3 GHG intensity MTCO2e/M USD revenue 341 291 264 Value chain GHG intensity MTCO2e/M USD revenue 358 304 277 Customer GHG allocation (scope 1 and 2 and upstream 3)31 MTCO2e/M USD rev,,,,,,,,,
28,,356,r356_thermofisherscientific,THERMO FISHER SCIENTIFIC,赛默飞世尔科技公司,Scope 3,范围3,Spend-based,支出法,,,304,tCO2e,0.00030399999999999996,True,False,True,1,Scope 1,review_required,缺少有效的 MtCO2e 折算值；上下文像基准/目标/进度值，不是清单排放值,report_page_scan,table_column_anchor,66,2023-THERMO FISHER SCIENTIFIC-CSR-Report.pdf,C:\Users\lenovo\Desktop\一些任务\董敬轩\知识图谱\2024世界500强及碳中和报告\2024世界500强及碳中和报告\2023-THERMO FISHER SCIENTIFIC-CSR-Report.pdf,...2e/M USD revenue 8.0 6.0 5.3 Scope 1 and 2 GHG intensity MTCO2e/M USD revenue 16.3 13.3 13.1 Scope 3 GHG intensity MTCO2e/M USD revenue 341 291 264 Value chain GHG intensity MTCO2e/M USD revenue 358 304 277 Customer GHG allocation (scope 1 and 2 and upstream 3)31 MTCO2e/M USD rev,,,,,,,,,
29,,376,r376_abbottlaboratories,ABBOTT LABORATORIES,雅培公司,Scope 2,范围2,Location-Based,位置法,,,23,tCO2e,2.3e-05,True,False,True,1,Scope 3,review_required,缺少有效的 MtCO2e 折算值,report_page_scan,year_table_row_anchor,55,Abbott-2024-Global-Sustainability-Report-June-2025.pdf,C:\Users\lenovo\Desktop\一些任务\董敬轩\知识图谱\2024世界500强及碳中和报告\2024世界500强及碳中和报告\Abbott-2024-Global-Sustainability-Report-June-2025.pdf,"...CO2e Emissions Purchased Energy (Scope 2) Market-Based CO2e Emissions q, t Purchased Energy (Scope 2) Location-Based CO2e Emissionst 894 973 489 13 502 393 472 904 975 495 10 504 400 471 932 1,017 515 17 532 400 485 987 1,063 525 12 537 450 526 2024 -1%o 2023 2022 SCOPE 1 AND 2 C",,,,,,,,,
30,,387,r387_schneiderelectric,SCHNEIDER ELECTRIC,施耐德电气,Scope 3,范围3,,,,,8,MtCO2e,8.0,True,False,True,1,Scope 1,review_required,上下文像基准/目标/进度值，不是清单排放值,report_page_scan,table_column_anchor,39,2024-SCHNEIDER ELECTRIC-sustainability-report_tcm564-513141.pdf,C:\Users\lenovo\Desktop\一些任务\董敬轩\知识图谱\2024世界500强及碳中和报告\2024世界500强及碳中和报告\2024-SCHNEIDER ELECTRIC-sustainability-report_tcm564-513141.pdf,"...ating suppliers are required to quantify their operational carbon footprint (Scopes 1 and 2; Scope 3 is optional), make public commitments for their reduction targets, implement action to achieve reduction, and share the emissions reduction progress with Schneider Electric. The p",,,,,,,,,
31,,387,r387_schneiderelectric,SCHNEIDER ELECTRIC,施耐德电气,Scope 3,范围3,Supplier-specific and industry-average factors,供应商特定数据与行业平均因子,,,8,MtCO2e,8.0,True,False,True,1,Scope 1,review_required,上下文像基准/目标/进度值，不是清单排放值,report_page_scan,table_column_anchor,39,2024-SCHNEIDER ELECTRIC-sustainability-report_tcm564-513141.pdf,C:\Users\lenovo\Desktop\一些任务\董敬轩\知识图谱\2024世界500强及碳中和报告\2024世界500强及碳中和报告\2024-SCHNEIDER ELECTRIC-sustainability-report_tcm564-513141.pdf,"...ating suppliers are required to quantify their operational carbon footprint (Scopes 1 and 2; Scope 3 is optional), make public commitments for their reduction targets, implement action to achieve reduction, and share the emissions reduction progress with Schneider Electric. The p",,,,,,,,,
32,,413,r413_honeywellinternational,HONEYWELL INTERNATIONAL,霍尼韦尔国际公司,Scope 2,范围2,Location-Based,位置法,,,"9,097,005",tCO2e,9.097005,True,False,True,1,Scope 1,review_required,上下文像基准/目标/进度值，不是清单排放值,report_page_scan,table_column_anchor,61,HONEYWELL INTERNATIONAL-2025-impact-report.pdf,C:\Users\lenovo\Desktop\一些任务\董敬轩\知识图谱\2024世界500强及碳中和报告\2024世界500强及碳中和报告\HONEYWELL INTERNATIONAL-2025-impact-report.pdf,"...2024 Greenhouse Gas (GHG) Emissions1 Scope 1 GHG emissions, metric tons CO2e 711,239 750,530 Scope 2 GHG emissions, location-based, metric tons CO2e 662,573 666,603 Total Scope 1 & 2 emissions, location-based 1,373,812 1,417,133 GHG intensity, Scope 1 & 2 location-based, metric t",,,,,,,,,
33,,455,r455_elililly,ELI LILLY,美国礼来公司,Scope 1,范围1,,,,,"192,000",tCO2e,0.192,True,False,True,1,Scope 3,review_required,Scope 1 + Scope 2 合计值不能作为单一 Scope 数值采信,report_page_anchor,year_table_row_anchor,17,2024_ELI LILLY-SustainabilityReport-20251020_FINAL.pdf,C:\Users\lenovo\Desktop\一些任务\董敬轩\知识图谱\2024世界500强及碳中和报告\2024世界500强及碳中和报告\2024_ELI LILLY-SustainabilityReport-20251020_FINAL.pdf,"...ons (Scope 3) N/A On track Greenhouse Gas Emissions (Market-Based)1 2020 2021 2022 2023 2024 Scope 1 159,000 157,000 171,000 182,000 192,000 Scope 2 551,000 466,000 374,000 345,000 258,000 Greenhouse Gas Emissions (Scope 1 and Scope 2) (metric tonnes CO2e)2 710,000 623,000 545,00",,,,,,,,,
34,,456,r456_koreagas,KOREA GAS,韩国天然气公司,Scope 1,范围1,,,,,5,tCO2e,4.9999999999999996e-06,True,False,True,1,Scope 3,review_required,缺少有效的 MtCO2e 折算值；Scope 1 + Scope 2 合计值不能作为单一 Scope 数值采信,report_page_anchor,year_table_row_anchor,120,KOGAS 2025 SUSTAINABILITY REPORT(A4).pdf,C:\Users\lenovo\Desktop\一些任务\董敬轩\知识图谱\2024世界500强及碳中和报告\2024世界500强及碳中和报告\KOGAS 2025 SUSTAINABILITY REPORT(A4).pdf,...based on the GHG statement. - Each emission figure is rounded and may not match the total of Scope 1 and Scope 2 emissions. - Organizational scope of Scope 1 and 2 emissions: Headquarters and 16 business sites (as reported to the Ministry of Environment). 2) Calculated based on t,,,,,,,,,
35,,456,r456_koreagas,KOREA GAS,韩国天然气公司,Scope 2,范围2,,,,,"392,586",tCO2e,0.392586,True,False,True,1,Scope 3,review_required,Scope 1 + Scope 2 合计值不能作为单一 Scope 数值采信；Scope 2 未明确市场法/位置法口径,report_page_scan,year_table_row_anchor,120,KOGAS 2025 SUSTAINABILITY REPORT(A4).pdf,C:\Users\lenovo\Desktop\一些任务\董敬轩\知识图谱\2024世界500强及碳中和报告\2024世界500强及碳中和报告\KOGAS 2025 SUSTAINABILITY REPORT(A4).pdf,... GHG statement. - Each emission figure is rounded and may not match the total of Scope 1 and Scope 2 emissions. - Organizational scope of Scope 1 and 2 emissions: Headquarters and 16 business sites (as reported to the Ministry of Environment). 2) Calculated based on the average e,,,,,,,,,
36,,478,r478_siemensenergy,SIEMENS ENERGY,西门子能源,Scope 1,范围1,,,,,22,tCO2e,2.2e-05,True,False,True,1,Scope 3,review_required,缺少有效的 MtCO2e 折算值；上下文像基准/目标/进度值，不是清单排放值,report_page_scan,table_column_anchor,85,SIEMENS ENERGY-sustainability-report-2024-pdf_Original%20file.pdf,C:\Users\lenovo\Desktop\一些任务\董敬轩\知识图谱\2024世界500强及碳中和报告\2024世界500强及碳中和报告\SIEMENS ENERGY-sustainability-report-2024-pdf_Original%20file.pdf,"...how challenging it will be to reduce emissions while at the same time serving our customers. Scope 1 & 2 In fiscal year 2024, our Scope 1 and 2 emissions increased by around 9% or 17 metric tons, resulting in a Scope 1 and 2 intensity of 5.71×10-6 t CO2e/€ of revenue in 2024 comp",,,,,,,,,
37,,38,r038_bankofamerica,BANK OF AMERICA,美国银行,Scope 3,范围3,,,,,"1,722,654",tCO2e,1.722654,True,True,False,0,,review_required,数值缺少稳定的表格/年份锚定,report_page_scan,sentence_unit_binding,116,BankOfAmerica_Sustainability_2024_Report.pdf,C:\Users\lenovo\Desktop\一些任务\董敬轩\知识图谱\2024世界500强及碳中和报告\2024世界500强及碳中和报告\BankOfAmerica_Sustainability_2024_Report.pdf,"...Credits Retired 85,786.00 tCO2e Total Net Scope 1 and Market-Based Scope 2 Emissions 0 tCO2e Scope 3 GHG Emissions Purchased Goods and Services 1,722,654 tCO2e Capital Goods 48,570 tCO2e Fuel- and Energy-Related Activities 168,018 tCO2e Upstream Transportation and Distribution 15",,,,,,,,,
38,,101,r101_eon,E.ON,意昂集团,Scope 3,范围3,,,,,5,million metric tons of CO2e,5.0,True,True,False,0,,review_required,数值缺少稳定的表格/年份锚定,report_page_scan,sentence_unit_binding,44,E.ON-GB24-gesamt-EN_final.pdf,C:\Users\lenovo\Desktop\一些任务\董敬轩\知识图谱\2024世界500强及碳中和报告\2024世界500强及碳中和报告\E.ON-GB24-gesamt-EN_final.pdf,...n factor was portfolio streamlining as part of our B2B strategy. The market-based figure for Scope 3 emissions declined by about 5 million metric tons of CO2e for the same reason. The Sustainable Products and Services chapter contains more information about our green power produc,,,,,,,,,
39,,114,r114_royalaholddelhaize,ROYAL AHOLD DELHAIZE,皇家阿霍德德尔海兹集团,Scope 3,范围3,,,,,354,ktCO2e,0.354,True,True,False,0,,review_required,数值缺少稳定的表格/年份锚定,report_page_anchor,sentence_unit_binding,182,Ahold_Delhaize_Annual_Report_2024.pdf,C:\Users\lenovo\Desktop\一些任务\董敬轩\知识图谱\2024世界500强及碳中和报告\2024世界500强及碳中和报告\Ahold_Delhaize_Annual_Report_2024.pdf,"...the GHG Protocol, emissions related to capital goods need to be reported under category 2 of scope 3 (these amounted to 354 ktCO2e for 2022 and 644 ktCO2e for 2020). We previously included all emissions related to not-for-resale purchased goods and services, including capital goo",,,,,,,,,
40,,403,r403_ubertechnologies公司,Uber Technologies,Uber Technologies,Scope 2,范围2,Market-Based,市场法,,,"118,795",tCO2e,0.118795,True,True,False,0,,review_required,数值缺少稳定的表格/年份锚定,report_page_anchor,sentence_unit_binding,55,uber-technologies-inc-2023-esg-report.pdf,C:\Users\lenovo\Desktop\一些任务\董敬轩\知识图谱\2024世界500强及碳中和报告\2024世界500强及碳中和报告\uber-technologies-inc-2023-esg-report.pdf,"...43 Absolute emissions Global tCO2e42,43 Scope 1: Stationary emissions Global tCO2e 735 1,274 Scope 2: Electricity: location-based Global tCO2e 118,795 125,182 Scope 2: Electricity: market-based Global tCO2e 60,705 58,502 Total Scope 1 & 2 Emissions: location-based Global tCO2e 11",,,,,,,,,
41,,498,r498_瑞士abb集团,ABB,瑞士ABB,Scope 1,范围1,,,,,67,ktCO2e,0.067,True,False,False,0,,review_required,数值未锚定到已匹配报告页面全文,evidence_snippet_fallback,table_column_anchor,36,ABB Sustainability Statement 2024.pdf,C:\Users\lenovo\Desktop\一些任务\董敬轩\知识图谱\2024世界500强及碳中和报告\2024世界500强及碳中和报告\ABB Sustainability Statement 2024.pdf,"34 ABB SUSTAINABILITY STATEMENT 2024 OVERVIEW OF SCOPE 1, 2 AND 3 GHG EMISSIONS (kt CO2e) 2024 2023 Gross scope 1 GHG emissions, of which Use of fuels 67 70 Coolants 4 4 SF6 8 9 Transport by own fleet 40 44 Emissions from biofuels - - Total",,,,,,,,,
42,,38,r038_bankofamerica,BANK OF AMERICA,美国银行,Scope 1,范围1,,,,,"68,050.00",tCO2e,0.06805,True,True,True,0,,review_required,数值缺少稳定的表格/年份锚定；Scope 1 + Scope 2 合计值不能作为单一 Scope 数值采信,report_page_scan,sentence_unit_binding,116,BankOfAmerica_Sustainability_2024_Report.pdf,C:\Users\lenovo\Desktop\一些任务\董敬轩\知识图谱\2024世界500强及碳中和报告\2024世界500强及碳中和报告\BankOfAmerica_Sustainability_2024_Report.pdf,"Emissions Scope 1 GHG Emissions 68,050.00 tCO2e Scope 2 GHG Location-Based Emissions 610,013.00 tCO2e Scope 2 GHG Market-Based Emissions 17,736.00 tCO2e Scope 1 and Scope 2 Carbon Credits Retired 85,786.00 tCO2e Total Net Scope 1 and Market-Based Scope 2 Emissions 0 tCO2e Scope 3",,,,,,,,,
43,,38,r038_bankofamerica,BANK OF AMERICA,美国银行,Scope 2,范围2,Market-Based,市场法,,,"610,013.00",tCO2e,0.610013,True,True,True,0,,review_required,数值缺少稳定的表格/年份锚定；Scope 1 + Scope 2 合计值不能作为单一 Scope 数值采信,report_page_scan,sentence_unit_binding,116,BankOfAmerica_Sustainability_2024_Report.pdf,C:\Users\lenovo\Desktop\一些任务\董敬轩\知识图谱\2024世界500强及碳中和报告\2024世界500强及碳中和报告\BankOfAmerica_Sustainability_2024_Report.pdf,"Emissions Scope 1 GHG Emissions 68,050.00 tCO2e Scope 2 GHG Location-Based Emissions 610,013.00 tCO2e Scope 2 GHG Market-Based Emissions 17,736.00 tCO2e Scope 1 and Scope 2 Carbon Credits Retired 85,786.00 tCO2e Total Net Scope 1 and Market-Based Scope 2 Emissions 0 tCO2e Scope 3",,,,,,,,,
44,,38,r038_bankofamerica,BANK OF AMERICA,美国银行,Scope 3,范围3,PCAF financed emissions methodology,PCAF投融资排放方法,,,"1,722,654",tCO2e,1.722654,True,True,True,0,,review_required,数值缺少稳定的表格/年份锚定；Scope 3 投融资排放需要 PCAF 拆分复核,report_page_scan,sentence_unit_binding,116,BankOfAmerica_Sustainability_2024_Report.pdf,C:\Users\lenovo\Desktop\一些任务\董敬轩\知识图谱\2024世界500强及碳中和报告\2024世界500强及碳中和报告\BankOfAmerica_Sustainability_2024_Report.pdf,"...Credits Retired 85,786.00 tCO2e Total Net Scope 1 and Market-Based Scope 2 Emissions 0 tCO2e Scope 3 GHG Emissions Purchased Goods and Services 1,722,654 tCO2e Capital Goods 48,570 tCO2e Fuel- and Energy-Related Activities 168,018 tCO2e Upstream Transportation and Distribution 15",,,,,,,,,
45,,209,r209_lg电子,LG Electronics,LG电子,Scope 1,范围1,,,,,"1,000",tCO2e,0.001,True,True,True,0,,review_required,缺少有效的 MtCO2e 折算值；数值未锚定到已匹配报告页面全文；数值缺少稳定的表格/年份锚定；Scope 1 + Scope 2 合计值不能作为单一 Scope 数值采信；上下文像基准/目标/进度值，不是清单排放值,evidence_snippet_fallback,sentence_unit_binding,24,2024-2025_LGE_Sustainability_Report_English.pdf,C:\Users\lenovo\Desktop\一些任务\董敬轩\知识图谱\2024世界500强及碳中和报告\2024世界500强及碳中和报告\2024-2025_LGE_Sustainability_Report_English.pdf,"s (Scope 1) South Korea 1,000 tCO2eq 110 75 77 Overseas 155 134 148 Indirect GHG emissions (Scope 2) South Korea 224 217 226 Overseas 438 448 455 Total (Scope 1+ Scope 2) 928 874 907 GHG Emissions Intensity 1,000 tCO2eq/KRW 100 billion 1.12",,,,,,,,,
46,,247,r247_repsol,REPSOL,雷普索尔公司,Scope 3,范围3,,,,,0.8,Mt CO2,,True,True,True,0,,review_required,候选质量不是 high；单位不能稳定折算为 CO2e；数值缺少稳定的表格/年份锚定,report_page_scan,sentence_unit_binding,136,REPSOL consolidated-statement-non-financial-information-sustainability-information-2024.pdf,C:\Users\lenovo\Desktop\一些任务\董敬轩\知识图谱\2024世界500强及碳中和报告\2024世界500强及碳中和报告\REPSOL consolidated-statement-non-financial-information-sustainability-information-2024.pdf,"...of biomass not from combustion or degradation, already included in the results presented for Scope 3 and corresponding to the purchase of bio feedstocks with associated emissions of 0.8 Mt CO2 and calculated with DEFRA factors. Other considerations • The percentage of Scope 3 emi",,,,,,,,,
47,,403,r403_ubertechnologies公司,Uber Technologies,Uber Technologies,Scope 1,范围1,,,,,735,tCO2e,0.000735,True,True,True,0,,review_required,缺少有效的 MtCO2e 折算值；数值缺少稳定的表格/年份锚定,report_page_scan,sentence_unit_binding,55,uber-technologies-inc-2023-esg-report.pdf,C:\Users\lenovo\Desktop\一些任务\董敬轩\知识图谱\2024世界500强及碳中和报告\2024世界500强及碳中和报告\uber-technologies-inc-2023-esg-report.pdf,"...tors Indicator Scope Unit 202139 2022 Emissions40,41,43 Absolute emissions Global tCO2e42,43 Scope 1: Stationary emissions Global tCO2e 735 1,274 Scope 2: Electricity: location-based Global tCO2e 118,795 125,182 Scope 2: Electricity: market-based Global tCO2e 60,705 58,502 Total ",,,,,,,,,
48,,484,r484_commonwealthbankofaustralia,COMMONWEALTH BANK OF AUSTRALIA,澳洲联邦银行,Scope 2,范围2,,,,,0.1,MtCO2,,True,True,True,0,,review_required,候选质量不是 high；单位不能稳定折算为 CO2e；数值缺少稳定的表格/年份锚定；Scope 1 + Scope 2 合计值不能作为单一 Scope 数值采信；Scope 2 未明确市场法/位置法口径,report_page_scan,sentence_unit_binding,64,COMMONWEALTH BANK OF AUSTRALIA-2024-Climate-Report.pdf,C:\Users\lenovo\Desktop\一些任务\董敬轩\知识图谱\2024世界500强及碳中和报告\2024世界500强及碳中和报告\COMMONWEALTH BANK OF AUSTRALIA-2024-Climate-Report.pdf,...exposure as at 30 June 2023 in the Upstream Oil Extraction sector comprising: i. Scope 1 and Scope 2 emissions of less than 0.1 MtCO2; and ii. Scope 3 emissions of 0.2 MtCO2; k. Attributed absolute emissions of 0.4 MtCO2 for the preceding 12 months based on drawn lending exposure,,,,,,,,,
49,,484,r484_commonwealthbankofaustralia,COMMONWEALTH BANK OF AUSTRALIA,澳洲联邦银行,Scope 3,范围3,,,,,0.2,MtCO2,,True,True,True,0,,review_required,候选质量不是 high；单位不能稳定折算为 CO2e；数值缺少稳定的表格/年份锚定,report_page_anchor,sentence_unit_binding,64,COMMONWEALTH BANK OF AUSTRALIA-2024-Climate-Report.pdf,C:\Users\lenovo\Desktop\一些任务\董敬轩\知识图谱\2024世界500强及碳中和报告\2024世界500强及碳中和报告\COMMONWEALTH BANK OF AUSTRALIA-2024-Climate-Report.pdf,...traction sector comprising: i. Scope 1 and Scope 2 emissions of less than 0.1 MtCO2; and ii. Scope 3 emissions of 0.2 MtCO2; k. Attributed absolute emissions of 0.4 MtCO2 for the preceding 12 months based on drawn lending exposure as at 30 June 2023 in the Upstream Gas Extraction,,,,,,,,,
50,,16,r016_mckesson,MCKESSON,麦克森公司,Scope 2,范围2,Market-Based,市场法,,,2,tCO2e,2e-06,True,False,True,0,,review_required,缺少有效的 MtCO2e 折算值；数值未锚定到已匹配报告页面全文；Scope 1 + Scope 2 合计值不能作为单一 Scope 数值采信,evidence_snippet_fallback,table_column_anchor,69,McKesson Impact Report 2024.pdf,C:\Users\lenovo\Desktop\一些任务\董敬轩\知识图谱\2024世界500强及碳中和报告\2024世界500强及碳中和报告\McKesson Impact Report 2024.pdf,tons CO2e] • Gross GHG emissions (Scope 1 + Scope 2 Market-based) [ metric tons CO2e] • Scope 3 GHG emissions [metric tons CO2e] Category 1 - Purchased goods and services Category 2 - Capital goods Category 3 - Fuel- and energy-related acti,,,,,,,,,
51,,38,r038_bankofamerica,BANK OF AMERICA,美国银行,Scope 2,范围2,Location-Based,位置法,,,"610,013",tCO2e,0.610013,True,False,True,0,,review_required,Scope 1 + Scope 2 合计值不能作为单一 Scope 数值采信；上下文像基准/目标/进度值，不是清单排放值,report_page_anchor,year_table_row_anchor,81,BankOfAmerica_Sustainability_2024_Report.pdf,C:\Users\lenovo\Desktop\一些任务\董敬轩\知识图谱\2024世界500强及碳中和报告\2024世界500强及碳中和报告\BankOfAmerica_Sustainability_2024_Report.pdf,".... METRICS AND TARGETS home 81 GHG Emissions Units 2010 (baseline) 2021 2022 2023 Scope 1 and Location-Based Scope 2 Emissions Scope 1 Direct Emissions Metric tons CO2e 106,870 57,076 66,775 68,050 Location-Based Scope 2 Indirect Emissions Metric tons CO2e 1,678,547 601,906 634,51",,,,,,,,,
52,,42,r042_mercedesbenzgroup,MERCEDES-BENZ GROUP,梅赛德斯-奔驰集团,Scope 2,范围2,Market-Based,市场法,,,684,tCO2e,0.0006839999999999999,True,False,True,0,,review_required,缺少有效的 MtCO2e 折算值；Scope 1 + Scope 2 合计值不能作为单一 Scope 数值采信,report_page_anchor,table_column_anchor,12,mercedes-benz-ir-sustainability-targets-and-metrics-summary-2024.pdf,C:\Users\lenovo\Desktop\一些任务\董敬轩\知识图谱\2024世界500强及碳中和报告\2024世界500强及碳中和报告\mercedes-benz-ir-sustainability-targets-and-metrics-summary-2024.pdf,"...ND METRICS | MERCEDES-BENZ GROUP Further information on greenhouse gas emissions Scope 1 and Scope 2 (in 1,000 tCO2e) - company-specific 2024 Total greenhouse gas emissions Scope 1 and 2 - market-based 684 Thereof CO2 emissions in production1 423 Thereof CO2 emissions from self-g",,,,,,,,,
53,,73,r073_hyundaimotor,HYUNDAI MOTOR,现代汽车,Scope 1,范围1,,,,,"679,822",tCO2,,True,False,True,0,,review_required,候选质量不是 high；单位不能稳定折算为 CO2e；Scope 1 + Scope 2 合计值不能作为单一 Scope 数值采信,report_page_anchor,year_table_row_anchor,39,HYUNDAI MOTOR-hmc-2025-sustainability-report-en-v13.pdf,C:\Users\lenovo\Desktop\一些任务\董敬轩\知识图谱\2024世界500强及碳中和报告\2024世界500强及碳中和报告\HYUNDAI MOTOR-hmc-2025-sustainability-report-en-v13.pdf,"...on methodology Scope 1 and Scope 2 Emissions (Unit: tCO2-eq) Classification 2022 2023 20241) Scope 1 719,949 696,590 679,822 Scope 2 (location-based) 1,853,813 1,831,531 1,726,829 Scope 2 (market-based)2) 1,684,120 1,579,161 1,417,987 Scope 1 + Scope 23) 2,404,069 2,275,751 2,097",,,,,,,,,
54,,73,r073_hyundaimotor,HYUNDAI MOTOR,现代汽车,Scope 2,范围2,,,,,0.506,tCO2e,5.06e-07,True,False,True,0,,review_required,缺少有效的 MtCO2e 折算值；Scope 2 未明确市场法/位置法口径,report_page_anchor,year_table_row_anchor,39,HYUNDAI MOTOR-hmc-2025-sustainability-report-en-v13.pdf,C:\Users\lenovo\Desktop\一些任务\董敬轩\知识图谱\2024世界500强及碳中和报告\2024世界500强及碳中和报告\HYUNDAI MOTOR-hmc-2025-sustainability-report-en-v13.pdf,...r emissions in 2024 are scheduled for third-party verification in the second half of 2025 2) Scope 2 emissions: Addition of market-based emissions from 2022 3) to calculate the sum of Scope 1 and 2 emissions(market-based) from 2022 4) Based on the country where the Headquarters i,,,,,,,,,
55,,82,r082_allianz,ALLIANZ,安联保险集团,Scope 2,范围2,,,,,1,ktCO2e,0.001,True,False,True,0,,review_required,缺少有效的 MtCO2e 折算值；Scope 1 + Scope 2 合计值不能作为单一 Scope 数值采信；上下文像基准/目标/进度值，不是清单排放值；Scope 2 未明确市场法/位置法口径,report_page_scan,year_table_row_anchor,78,en-allianz-group-annual-report-2024.pdf,C:\Users\lenovo\Desktop\一些任务\董敬轩\知识图谱\2024世界500强及碳中和报告\2024世界500强及碳中和报告\en-allianz-group-annual-report-2024.pdf,"...red by the emission reduction target, the 2024 absolute IAE were 1.95 mn tvCO23 (Scope 1 and Scope 2 emissions), calculated in line with the PCAF Insurance standard. To calculate the IAE of the in-scope portfolios, the emissions of the insured vehicles (Scope 1 from fuel combusti",,,,,,,,,
56,,96,r096_nestlé,NESTLÉ,雀巢公司,Scope 2,范围2,Location-Based,位置法,,,77.02,tCO2e,7.701999999999999e-05,True,False,True,0,,review_required,缺少有效的 MtCO2e 折算值,report_page_anchor,year_table_row_anchor,152,NESTLÉ-non-financial-statement-2024.pdf,C:\Users\lenovo\Desktop\一些任务\董敬轩\知识图谱\2024世界500强及碳中和报告\2024世界500强及碳中和报告\NESTLÉ-non-financial-statement-2024.pdf,"...ge of Scope 1 GHG emissions from regulated emission trading schemes % 33.6 305-1/2.1.1 Gross location-based Scope 2 greenhouse gas emissions Million metric tonnes CO2e 2.59 305-2/a Total GHG emissions location-based Million metric tonnes CO2e 77.02 305-1, 305-2, 305-3 Total GHG e",,,,,,,,,
57,,133,r133_delltechnologies,DELL TECHNOLOGIES,戴尔科技公司,Scope 1,范围1,Market-Based,市场法,,,"203,700",tCO2e,0.2037,True,False,True,0,,review_required,Scope 1 + Scope 2 合计值不能作为单一 Scope 数值采信,report_page_anchor,table_column_anchor,2,DELL中国delltechnologies-esg-fy24-performance-metrics.pdf,C:\Users\lenovo\Desktop\一些任务\董敬轩\知识图谱\2024世界500强及碳中和报告\2024世界500强及碳中和报告\DELL中国delltechnologies-esg-fy24-performance-metrics.pdf,"... on reducing direct and indirect emissions in areas with the largest opportunity for impact. Scope 1 and scope 2 market-based greenhouse gas (GHG) emissions MT CO2e 203,700 199,100 172,400 From FY23 to FY24 our scopes 1 and 2 (market-based) emissions decreased by 26,700 metric to",,,,,,,,,
58,,133,r133_delltechnologies,DELL TECHNOLOGIES,戴尔科技公司,Scope 2,范围2,Market-Based,市场法,,,"199,100",tCO2e,0.1991,True,False,True,0,,review_required,Scope 1 + Scope 2 合计值不能作为单一 Scope 数值采信,report_page_anchor,table_column_anchor,2,DELL中国delltechnologies-esg-fy24-performance-metrics.pdf,C:\Users\lenovo\Desktop\一些任务\董敬轩\知识图谱\2024世界500强及碳中和报告\2024世界500强及碳中和报告\DELL中国delltechnologies-esg-fy24-performance-metrics.pdf,"... direct and indirect emissions in areas with the largest opportunity for impact. Scope 1 and scope 2 market-based greenhouse gas (GHG) emissions MT CO2e 203,700 199,100 172,400 From FY23 to FY24 our scopes 1 and 2 (market-based) emissions decreased by 26,700 metric tons of CO2e (",,,,,,,,,
59,,201,r201_koreaelectricpower,KOREA ELECTRIC POWER,韩国电力公司,Scope 2,范围2,,,,,0.3,tCO2e,3e-07,True,False,True,0,,review_required,缺少有效的 MtCO2e 折算值；上下文像基准/目标/进度值，不是清单排放值；Scope 2 未明确市场法/位置法口径,report_page_anchor,year_table_row_anchor,149,(KEPCO)2024SustainabilityReport_Eng.pdf,C:\Users\lenovo\Desktop\一些任务\董敬轩\知识图谱\2024世界500强及碳中和报告\2024世界500强及碳中和报告\(KEPCO)2024SustainabilityReport_Eng.pdf,"...2021 2022 2023 KEPCO GHG emissions Scope 1 (direct emissions) tCO2eq 799,047 706,644 649,356 Scope 2 (indirect emissions) tCO2eq 210,820 221,251 221,275 Scope 3 (all other indirect emissions) tCO2eq 220,002,720 214,273,227 194,127,327 GHG emissions reduction (reduction from previ",,,,,,,,,
60,,205,r205_deutschebank,DEUTSCHE BANK,德意志银行,Scope 3,范围3,,,,,0.9,MtCO2,,True,False,True,0,,review_required,候选质量不是 high；单位不能稳定折算为 CO2e；上下文像基准/目标/进度值，不是清单排放值,report_page_anchor,table_column_anchor,302,Deutsche_Bank_Annual_Report_2024.pdf,C:\Users\lenovo\Desktop\一些任务\董敬轩\知识图谱\2024世界500强及碳中和报告\2024世界500强及碳中和报告\Deutsche_Bank_Annual_Report_2024.pdf,"... loan commitment (€ bn) Metric value Dec 31, 2030 Baseline vs. target Oil and Gas (Upstream) Scope 3 IEA NZE MtCO2/y 2021 10.7 23.4 18.0 (23)% Power Generation Scope 1 IEA NZE kgCO2e/MWh 2021 12.4 396 124 (69)% Automotives (Light Duty) Scope 3 IEA NZE gCO2/vkm 2021 7.5 190 77 (59",,,,,,,,,
61,,205,r205_deutschebank,DEUTSCHE BANK,德意志银行,Scope 3,范围3,PCAF financed emissions methodology,PCAF投融资排放方法,,,0.9,MtCO2,,True,False,True,0,,review_required,候选质量不是 high；单位不能稳定折算为 CO2e；上下文像基准/目标/进度值，不是清单排放值；Scope 3 投融资排放需要 PCAF 拆分复核,report_page_scan,table_column_anchor,302,Deutsche_Bank_Annual_Report_2024.pdf,C:\Users\lenovo\Desktop\一些任务\董敬轩\知识图谱\2024世界500强及碳中和报告\2024世界500强及碳中和报告\Deutsche_Bank_Annual_Report_2024.pdf,"... loan commitment (€ bn) Metric value Dec 31, 2030 Baseline vs. target Oil and Gas (Upstream) Scope 3 IEA NZE MtCO2/y 2021 10.7 23.4 18.0 (23)% Power Generation Scope 1 IEA NZE kgCO2e/MWh 2021 12.4 396 124 (69)% Automotives (Light Duty) Scope 3 IEA NZE gCO2/vkm 2021 7.5 190 77 (59",,,,,,,,,
62,,230,r230_bungeglobal,BUNGE GLOBAL,邦吉公司,Scope 3,范围3,,,,,3,tCO2e,3e-06,True,False,True,0,,review_required,缺少有效的 MtCO2e 折算值；上下文像基准/目标/进度值，不是清单排放值,report_page_scan,table_column_anchor,72,2025-Bunge-Global-Sustainability-Report.pdf,C:\Users\lenovo\Desktop\一些任务\董敬轩\知识图谱\2024世界500强及碳中和报告\2024世界500强及碳中和报告\2025-Bunge-Global-Sustainability-Report.pdf,"...sions 3,153,385 2,533,103 Emissions intensity (Scope 1 & 2) (kgCO2e/MT) 42.67 2024 Indirect (Scope 3) Emissions (metric tons CO2e)2 SBT Target Categories: Category 1: Purchased goods & services 92,215,275 85,106,012 Category 3: Fuel and energy related activities 2,000,831 2,098,3",,,,,,,,,
63,,247,r247_repsol,REPSOL,雷普索尔公司,Scope 1,范围1,,,,,1,MtCO2e,1.0,True,False,True,0,,review_required,上下文像基准/目标/进度值，不是清单排放值,report_page_anchor,table_column_anchor,41,REPSOL consolidated-statement-non-financial-information-sustainability-information-2024.pdf,C:\Users\lenovo\Desktop\一些任务\董敬轩\知识图谱\2024世界500强及碳中和报告\2024世界500强及碳中和报告\REPSOL consolidated-statement-non-financial-information-sustainability-information-2024.pdf,"The quantitative data of the emissions inventory for Scope 1, 2 and 3, as well as the total GHG emissions, are detailed below: Emissions inventory for Scope 1, 2 and 3 Hindsight Milestones and target years 2018 2023 2024 % 2024 / 2023 2030 2050 Scope 1 GHG emissions Gross Scope 1",,,,,,,,,
64,,258,r258_bharatpetroleum,BHARAT PETROLEUM,巴拉特石油公司,Scope 1,范围1,,,,,000,tCO2e,0.0,True,False,True,0,,review_required,缺少有效的 MtCO2e 折算值,report_page_scan,table_column_anchor,78,BHARAT PETROLEUM sustainability-report-2023-24.pdf,C:\Users\lenovo\Desktop\一些任务\董敬轩\知识图谱\2024世界500强及碳中和报告\2024世界500强及碳中和报告\BHARAT PETROLEUM sustainability-report-2023-24.pdf,...00 5.00 10.00 15.00 20.00 25.00 30.00 FY 2020-21 FY 2019-20 FY 2021-22 FY 2022-23 FY 2023-24 Scope 1 (in 000 MTCO2e) - Refineries Scope 2 (in 000 MTCO2e) - Refineries Scope 1 (in 000 MTCO2e) - Other BU's Scope 2 (in 000 MTCO2e) - Other BU's Scope 2: Indirect GHG Emissions (in 000,,,,,,,,,
65,,258,r258_bharatpetroleum,BHARAT PETROLEUM,巴拉特石油公司,Scope 2,范围2,,,,,24,tCO2e,2.4e-05,True,False,True,0,,review_required,缺少有效的 MtCO2e 折算值；Scope 2 未明确市场法/位置法口径,report_page_scan,table_column_anchor,78,BHARAT PETROLEUM sustainability-report-2023-24.pdf,C:\Users\lenovo\Desktop\一些任务\董敬轩\知识图谱\2024世界500强及碳中和报告\2024世界500强及碳中和报告\BHARAT PETROLEUM sustainability-report-2023-24.pdf,... FY 2020-21 FY 2019-20 FY 2021-22 FY 2022-23 FY 2023-24 Scope 1 (in 000 MTCO2e) - Refineries Scope 2 (in 000 MTCO2e) - Refineries Scope 1 (in 000 MTCO2e) - Other BU's Scope 2 (in 000 MTCO2e) - Other BU's Scope 2: Indirect GHG Emissions (in 000 MTCO2e) Particulars FY 2023-24 FY 20,,,,,,,,,
66,,258,r258_bharatpetroleum,BHARAT PETROLEUM,巴拉特石油公司,Scope 3,范围3,,,,,000,tCO2e,0.0,True,False,True,0,,review_required,缺少有效的 MtCO2e 折算值,report_page_anchor,table_column_anchor,79,BHARAT PETROLEUM sustainability-report-2023-24.pdf,C:\Users\lenovo\Desktop\一些任务\董敬轩\知识图谱\2024世界500强及碳中和报告\2024世界500强及碳中和报告\BHARAT PETROLEUM sustainability-report-2023-24.pdf,Scope 3 Emissions (in 000 MTCO2e) Scope 3: Indirect GHG Emissions (in 000 MTCO2e) Particulars FY 2023-24 FY 2022-23 FY 2021-22 FY 2020-21 FY 2019-20 Emissions by Crude & LPG imported 350.46 486.38 314.22 282.56 306.21 Emissions by downstream transportation of goods & services 606,,,,,,,,,
67,,263,r263_novartis,NOVARTIS,诺华公司,Scope 1,范围1,,,,,207.0,tCO2e,0.000207,True,False,True,0,,review_required,缺少有效的 MtCO2e 折算值；Scope 1 + Scope 2 合计值不能作为单一 Scope 数值采信,report_page_anchor,year_table_row_anchor,61,novartis-integrated-report-2024.pdf,C:\Users\lenovo\Desktop\一些任务\董敬轩\知识图谱\2024世界500强及碳中和报告\2024世界500强及碳中和报告\novartis-integrated-report-2024.pdf,... energy generated on site 0.1 0.1 0.0 ∆ Greenhouse gas (GHG) emissions (1 000 tCO2e) 3 Total Scope 1 emissions 207.0 251.1 263.2 ∆ Total Scope 2 emissions (market-based) 30.0 44.1 106.6 ∆ Total Scope 2 emissions (location-based) 200.4 194.9 259.7 ∆ Total Scope 1 and Scope 2 emiss,,,,,,,,,
68,,263,r263_novartis,NOVARTIS,诺华公司,Scope 3,范围3,,,,,4,tCO2e,4e-06,True,False,True,0,,review_required,缺少有效的 MtCO2e 折算值,report_page_anchor,year_table_row_anchor,61,novartis-integrated-report-2024.pdf,C:\Users\lenovo\Desktop\一些任务\董敬轩\知识图谱\2024世界500强及碳中和报告\2024世界500强及碳中和报告\novartis-integrated-report-2024.pdf,...s (location-based) 200.4 194.9 259.7 ∆ Total Scope 1 and Scope 2 emissions 237.0 295.2 369.8 Total Scope 3 emissions 4 4 350.3 4 573.7 4 994.0 ∆ Purchased goods and services 5 3 372.5 3 498.4 4 113.2 Capital goods 5 195.7 208.6 181.6 Fuel and energy related activities 96.6 178.4 ,,,,,,,,,
69,,271,r271_tatamotors,TATA MOTORS,印度塔塔汽车公司,Scope 2,范围2,Market-Based,市场法,,,0.305,tCO2,,True,False,True,0,,review_required,候选质量不是 high；单位不能稳定折算为 CO2e,report_page_scan,table_column_anchor,85,tata-motor-IAR-2024-25.pdf,C:\Users\lenovo\Desktop\一些任务\董敬轩\知识图谱\2024世界500强及碳中和报告\2024世界500强及碳中和报告\tata-motor-IAR-2024-25.pdf,"Scope 1 GHG emissions (tCO2e) 70,746 Scope 2 GHG Emissions (Market-based) (tCO2) 2,14,289 Specific GHG (Scope 1+2) emissions (tCO2 /vehicle) 0.305 70,746 2,14,289 0.305 71,278* 2,38,018* 0.317* 63,728 2,78,465 0.359 0.7%↓ 10%↓ 4%↓ FY25 FY25 FY25 FY24 FY24 FY24 FY23 FY23 FY23 Driv",,,,,,,,,
70,,282,r282_volvo,VOLVO,沃尔沃集团,Scope 1,范围1,,,,,2,tCO2e,2e-06,True,False,True,0,,review_required,缺少有效的 MtCO2e 折算值；上下文像基准/目标/进度值，不是清单排放值,report_page_scan,year_table_row_anchor,157,volvo-group-annual-report-2024.pdf,C:\Users\lenovo\Desktop\一些任务\董敬轩\知识图谱\2024世界500强及碳中和报告\2024世界500强及碳中和报告\volvo-group-annual-report-2024.pdf,...nd divestments in line with GHG protocol to include the same scope over the years 2019-2024. Scope 1 and 2 combined baseline has been restated due to refinements in data reporting and consolidation. The baseline for GHG emissions from scope 3.11 has been restated due to inclusion,,,,,,,,,
71,,324,r324_americaninternationalgroup,AMERICAN INTERNATIONAL GROUP,美国国际集团,Scope 1,范围1,,,,,1,tCO2e,1e-06,True,False,True,0,,review_required,缺少有效的 MtCO2e 折算值；Scope 1 + Scope 2 合计值不能作为单一 Scope 数值采信,report_page_anchor,table_column_anchor,34,AMERICAN INTERNATIONAL GROUP-aig-sustainability-report-2024.pdf,C:\Users\lenovo\Desktop\一些任务\董敬轩\知识图谱\2024世界500强及碳中和报告\2024世界500强及碳中和报告\AMERICAN INTERNATIONAL GROUP-aig-sustainability-report-2024.pdf,...lations incorporate certain third-party information. We have obtained limited assurance over scope 1 and scope 2 (location-based) GHG emissions for the year ending 12/31/2024. See the Report of Independent Accountants for the assurance statement and our Management Assertion for d,,,,,,,,,
72,,324,r324_americaninternationalgroup,AMERICAN INTERNATIONAL GROUP,美国国际集团,Scope 2,范围2,Location-Based,位置法,,,2,tCO2e,2e-06,True,False,True,0,,review_required,缺少有效的 MtCO2e 折算值；Scope 1 + Scope 2 合计值不能作为单一 Scope 数值采信,report_page_anchor,table_column_anchor,34,AMERICAN INTERNATIONAL GROUP-aig-sustainability-report-2024.pdf,C:\Users\lenovo\Desktop\一些任务\董敬轩\知识图谱\2024世界500强及碳中和报告\2024世界500强及碳中和报告\AMERICAN INTERNATIONAL GROUP-aig-sustainability-report-2024.pdf,...rporate certain third-party information. We have obtained limited assurance over scope 1 and scope 2 (location-based) GHG emissions for the year ending 12/31/2024. See the Report of Independent Accountants for the assurance statement and our Management Assertion for details on th,,,,,,,,,
73,,324,r324_americaninternationalgroup,AMERICAN INTERNATIONAL GROUP,美国国际集团,Scope 3,范围3,,,,,"9,076",tCO2e,0.009075999999999999,True,False,True,0,,review_required,缺少有效的 MtCO2e 折算值；上下文像基准/目标/进度值，不是清单排放值；Scope 3 投融资排放需要 PCAF 拆分复核,report_page_anchor,table_column_anchor,34,AMERICAN INTERNATIONAL GROUP-aig-sustainability-report-2024.pdf,C:\Users\lenovo\Desktop\一些任务\董敬轩\知识图谱\2024世界500强及碳中和报告\2024世界500强及碳中和报告\AMERICAN INTERNATIONAL GROUP-aig-sustainability-report-2024.pdf,"...sions (location- based) increased by 1% against prior year and baseline (2022). Our measured scope 3 emissions in Table 2, excluding category 15 (financed emissions), are primarily from purchased goods and services and business-related travel. 2024 scope 3 emissions decreased by ",,,,,,,,,
74,,359,r359_massachusettsmutuallifeinsurance,MASSACHUSETTS MUTUAL LIFE INSURANCE,万通互惠理财公司,Scope 2,范围2,Location-Based,位置法,,,"14,627",tCO2e,0.014627,True,False,True,0,,review_required,上下文像基准/目标/进度值，不是清单排放值,report_page_anchor,year_table_row_anchor,18,2024-MASSACHUSETTS MUTUAL LIFE INSURANCE-sustainabilityreport.pdf,C:\Users\lenovo\Desktop\一些任务\董敬轩\知识图谱\2024世界500强及碳中和报告\2024世界500强及碳中和报告\2024-MASSACHUSETTS MUTUAL LIFE INSURANCE-sustainabilityreport.pdf,"...ocation-based emissions (tCO2e) 2019 baseline 2022 2023 2024 Scope 1 8,991 8,495 7,776 8,228 Scope 2 (location-based)20 20,210 17,572 15,919 14,627 Total emissions 29,201 26,067 23,695 22,855 17 MassMutual is committed to continually evaluating our processes to ensure we use high",,,,,,,,,
75,,397,r397_xiaomi,XIAOMI,小米集团,Scope 1,范围1,,,,,"12,252.52",tCO2e,0.01225252,True,False,True,0,,review_required,Scope 1 + Scope 2 合计值不能作为单一 Scope 数值采信,report_page_scan,year_table_row_anchor,85,"Xiaomi 2023 Environmental, Social, and Governance Report.pdf","C:\Users\lenovo\Desktop\一些任务\董敬轩\知识图谱\2024世界500强及碳中和报告\2024世界500强及碳中和报告\Xiaomi 2023 Environmental, Social, and Governance Report.pdf","...2,810.89 Indirect Energy Consumption: Renewable Energy MWh 372.00 - - - Total GHG Emissions (Scope 1 and Scope 2) 75 tonne (Mt) of CO2e 116,722.56 85,742.61 82,820.16 66,481.29 Direct GHG Emissions: Scope 1 tonne (Mt) of CO2e 12,252.52 7,122.60 9,096.95 8,402.12 CO2 tonne (Mt) of",,,,,,,,,
76,,449,r449_nationalaustraliabank,NATIONAL AUSTRALIA BANK,澳大利亚国民银行,Scope 2,范围2,Location-Based,市场法,,,"71,840",tCO2,,True,False,True,0,,review_required,候选质量不是 high；单位不能稳定折算为 CO2e,report_page_anchor,table_column_anchor,104,2024-NATIONAL AUSTRALIA BANK-climate-report.pdf,C:\Users\lenovo\Desktop\一些任务\董敬轩\知识图谱\2024世界500强及碳中和报告\2024世界500强及碳中和报告\2024-NATIONAL AUSTRALIA BANK-climate-report.pdf,"...missions from vehicle fleet (Scope 1) (tCO2-e) 0 5,138 5,138 7 GHG emission from energy use (Scope 2, location-based - electricity) (tCO2-e) 93 49,472 49,565 8 Total gross Scope 1 and 2 GHG emissions for SECR reporting (tCO2-e) 102 55,098 55,200 9 Total gross Scope 3 GHG emission",,,,,,,,,
77,,449,r449_nationalaustraliabank,NATIONAL AUSTRALIA BANK,澳大利亚国民银行,Scope 3,范围3,,,,,0.001,tCO2,,True,False,True,0,,review_required,候选质量不是 high；单位不能稳定折算为 CO2e；上下文像基准/目标/进度值，不是清单排放值,report_page_scan,table_column_anchor,104,2024-NATIONAL AUSTRALIA BANK-climate-report.pdf,C:\Users\lenovo\Desktop\一些任务\董敬轩\知识图谱\2024世界500强及碳中和报告\2024世界500强及碳中和报告\2024-NATIONAL AUSTRALIA BANK-climate-report.pdf,"...ross Scope 1 and 2 GHG emissions for SECR reporting (tCO2-e) 102 55,098 55,200 9 Total gross Scope 3 GHG emissions for SECR reporting (tCO2-e) 831 71,009 71,840 10 Intensity ratio: Energy (KWh)/$ Financial Metric 0.001 0.010 0.009 11 Intensity ratio: Gross Scope 1 and 2 GHG emiss",,,,,,,,,
78,,449,r449_nationalaustraliabank,NATIONAL AUSTRALIA BANK,澳大利亚国民银行,Scope 3,范围3,PCAF financed emissions methodology,PCAF投融资排放方法,,,0.001,tCO2,,True,False,True,0,,review_required,候选质量不是 high；单位不能稳定折算为 CO2e；上下文像基准/目标/进度值，不是清单排放值；Scope 3 投融资排放需要 PCAF 拆分复核,report_page_scan,table_column_anchor,104,2024-NATIONAL AUSTRALIA BANK-climate-report.pdf,C:\Users\lenovo\Desktop\一些任务\董敬轩\知识图谱\2024世界500强及碳中和报告\2024世界500强及碳中和报告\2024-NATIONAL AUSTRALIA BANK-climate-report.pdf,"...ross Scope 1 and 2 GHG emissions for SECR reporting (tCO2-e) 102 55,098 55,200 9 Total gross Scope 3 GHG emissions for SECR reporting (tCO2-e) 831 71,009 71,840 10 Intensity ratio: Energy (KWh)/$ Financial Metric 0.001 0.010 0.009 11 Intensity ratio: Gross Scope 1 and 2 GHG emiss",,,,,,,,,
79,,464,r464_britishamericantobacco,BRITISH AMERICAN TOBACCO,英美烟草集团,Scope 2,范围2,Market-Based,市场法,,,325,tCO2e,0.000325,True,False,True,0,,review_required,缺少有效的 MtCO2e 折算值,report_page_scan,year_table_row_anchor,140,BRITISH AMERICAN TOBACCO_Annual_Report_on_Form_20-F_2024.pdf,C:\Users\lenovo\Desktop\一些任务\董敬轩\知识图谱\2024世界500强及碳中和报告\2024世界500强及碳中和报告\BRITISH AMERICAN TOBACCO_Annual_Report_on_Form_20-F_2024.pdf,"...ource 2024 2023 2022 2021 2020 Total Scope 1 CO2e 1,2 237 299 329 325 342 Total Scope 2 CO2e Market-based 1 74 95 113 170 199 Total Scope 2 CO2e Location-based 325 342 356 393 418 Total Scope 3 CO2e 3,4 N/A 5,479 6,155 6,198 5,882 Total Scope 3 Industrial (Non-FLAG) emissions N/A",,,,,,,,,
80,,464,r464_britishamericantobacco,BRITISH AMERICAN TOBACCO,英美烟草集团,Scope 3,范围3,,,,,4,tCO2e,4e-06,True,False,True,0,,review_required,缺少有效的 MtCO2e 折算值,report_page_scan,year_table_row_anchor,140,BRITISH AMERICAN TOBACCO_Annual_Report_on_Form_20-F_2024.pdf,C:\Users\lenovo\Desktop\一些任务\董敬轩\知识图谱\2024世界500强及碳中和报告\2024世界500强及碳中和报告\BRITISH AMERICAN TOBACCO_Annual_Report_on_Form_20-F_2024.pdf,"... CO2e Market-based 1 74 95 113 170 199 Total Scope 2 CO2e Location-based 325 342 356 393 418 Total Scope 3 CO2e 3,4 N/A 5,479 6,155 6,198 5,882 Total Scope 3 Industrial (Non-FLAG) emissions N/A 4,997 5,534 5,471 5,306 Total Scope 3 FLAG emissions N/A 481 621 726 576 Category 1: P",,,,,,,,,
81,,484,r484_commonwealthbankofaustralia,COMMONWEALTH BANK OF AUSTRALIA,澳洲联邦银行,Scope 1,范围1,,,,,"19,282",tCO2,,True,False,True,0,,review_required,候选质量不是 high；单位不能稳定折算为 CO2e,report_page_scan,table_column_anchor,39,COMMONWEALTH BANK OF AUSTRALIA-2024-Climate-Report.pdf,C:\Users\lenovo\Desktop\一些任务\董敬轩\知识图谱\2024世界500强及碳中和报告\2024世界500强及碳中和报告\COMMONWEALTH BANK OF AUSTRALIA-2024-Climate-Report.pdf,"...rough Toitū Envirocare. Our certifications, including details on our boundary inclusions for Scope 1, 2 and selected Scope 3 emissions, are available on the Climate Active and Toitū Envirocare websites. Transitioning our fleet This year we have formalised a strategy to transition",,,,,,,,,
82,,484,r484_commonwealthbankofaustralia,COMMONWEALTH BANK OF AUSTRALIA,澳洲联邦银行,Scope 3,范围3,PCAF financed emissions methodology,PCAF投融资排放方法,,,"10,071",tCO2,,True,False,True,0,,review_required,候选质量不是 high；单位不能稳定折算为 CO2e；Scope 3 投融资排放需要 PCAF 拆分复核,report_page_scan,table_column_anchor,39,COMMONWEALTH BANK OF AUSTRALIA-2024-Climate-Report.pdf,C:\Users\lenovo\Desktop\一些任务\董敬轩\知识图谱\2024世界500强及碳中和报告\2024世界500强及碳中和报告\COMMONWEALTH BANK OF AUSTRALIA-2024-Climate-Report.pdf,"...Our certifications, including details on our boundary inclusions for Scope 1, 2 and selected Scope 3 emissions, are available on the Climate Active and Toitū Envirocare websites. Transitioning our fleet This year we have formalised a strategy to transition 100% of the Group’s fle",,,,,,,,,
83,,168,r168_torontodominionbank,TORONTO-DOMINION BANK,多伦多道明银行,Scope 2,范围2,Market-Based,市场法,,,"5,350",tCO2e,0.00535,False,False,True,3,Scope 1|Scope 2|Scope 3,review_required,缺少有效的 MtCO2e 折算值；上下文像基准/目标/进度值，不是清单排放值,report_page_anchor,year_table_row_anchor,56,2024-TORONTO-DOMINION BANK-sustainability-report-en.pdf,C:\Users\lenovo\Desktop\一些任务\董敬轩\知识图谱\2024世界500强及碳中和报告\2024世界500强及碳中和报告\2024-TORONTO-DOMINION BANK-sustainability-report-en.pdf,"...Revenue GHG Emissions Intensity tCO2e per millions in revenue 2.0 2.3 2.4 3.8 Scope 1 and 2 (Market-Based)2 Scope 14 tCO2e 39,292 40,346 43,707 52,628 Scope 25,6 tCO2e 5,350 6,930 6,977 8,100 Total Scope 1 and 2 tCO2e P erformance indicators for which EY provided a limited level ",,,,,,,,,
84,,195,r195_americanexpress,AMERICAN EXPRESS,美国运通公司,Scope 2,范围2,Market-Based,市场法,,,569,tCO2e,0.000569,False,False,True,2,Scope 1|Scope 2,review_required,缺少有效的 MtCO2e 折算值,report_page_scan,table_column_anchor,67,AMERICAN EXPRESS_AXP_2023_2024_ESG_Report.pdf,C:\Users\lenovo\Desktop\一些任务\董敬轩\知识图谱\2024世界500强及碳中和报告\2024世界500强及碳中和报告\AMERICAN EXPRESS_AXP_2023_2024_ESG_Report.pdf,"Greenhouse Gas Emissions7 Scope 1 - Direct MTCO2e 28,952 21,756 Scope 2 - Indirect (Location-Based) MTCO2e 93,687 85,188 Scope 2 - Indirect (Market-Based)4 MTCO2e 2,269 2,266 Scope 3 Category 5: Waste Generated in Operations5 MTCO2e 807 569 Category 6: Business Travel6 MTCO2e 18,",,,,,,,,,
85,,283,r283_intesasanpaolo,INTESA SANPAOLO,意大利联合圣保罗银行,Scope 2,范围2,Market-Based,市场法,,,0.7,tCO2e,7e-07,False,False,True,2,Scope 1|Scope 2,review_required,缺少有效的 MtCO2e 折算值,report_page_scan,table_column_anchor,99,2024_INTESA SANPAOLO-Climate_Report.pdf,C:\Users\lenovo\Desktop\一些任务\董敬轩\知识图谱\2024世界500强及碳中和报告\2024世界500强及碳中和报告\2024_INTESA SANPAOLO-Climate_Report.pdf,"...tors’ report | Contacts OWN OPERATIONAL FOOTPRINT Market Based GHG Emissions (tCO2e) Scope 1 Scope 2 tCO2e per FTE 2023 69,067 0.7 18,591 50,475 2024 61,936 0.6 16,656 45,280 Location Based GHG Emissions (tCO2e) Scope 1 Scope 2 tCO2e per FTE 2024 161,069 1.6 115,789 45,280 2023 1",,,,,,,,,
