queue_id,company_id,report_id,inventory_year,reporting_entity_en,scope_en,energy_metric_en,energy_type_en,renewable_or_nonrenewable,purchased_electricity_flag,fuel_type,value,unit,source_basis_en,linked_emission_record_id,linked_factor_id,evidence_page,source_file,review_decision,reviewer_note,confidence_level
energy_00001,r001_walmart,,,WALMART,Scope 1,Fuel or site energy consumption,,,,,,,,r001_walmart_Scope 1_1,,106,FY2025-Walmart-ESG-Report.pdf,,,
energy_00002,r001_walmart,,,WALMART,Scope 2,Purchased electricity,,,yes,,,,,r001_walmart_Scope 2_2,,106,FY2025-Walmart-ESG-Report.pdf,,,
energy_00003,r002_amazoncom,,,AMAZON.COM,Scope 1,Fuel or site energy consumption,,,,,,,,r002_amazoncom_Scope 1_3,,50,2024-amazon-sustainability-report.pdf,,,
energy_00004,r002_amazoncom,,,AMAZON.COM,Scope 2,Purchased electricity,,,yes,,,,,r002_amazoncom_Scope 2_4,,50,2024-amazon-sustainability-report.pdf,,,
energy_00005,r007_apple,,,APPLE,Scope 1,Fuel or site energy consumption,,,,,,,,r007_apple_Scope 1_5,,104,Apple_Environmental_Progress_Report_2025.pdf,,,
energy_00006,r007_apple,,,APPLE,Scope 1,Fuel or site energy consumption,,,,,,,,r007_apple_Scope 1_6,,99,Apple_Environmental_Progress_Report_2025.pdf,,,
energy_00007,r007_apple,,,APPLE,Scope 2,Purchased electricity,,,yes,,,,,r007_apple_Scope 2_7,,104,Apple_Environmental_Progress_Report_2025.pdf,,,
energy_00008,r007_apple,,,APPLE,Scope 2,Purchased electricity,,,yes,,,,,r007_apple_Scope 2_8,,99,Apple_Environmental_Progress_Report_2025.pdf,,,
energy_00009,r008_unitedhealthgroup,,,UNITEDHEALTH GROUP,Scope 1,Fuel or site energy consumption,,,,,,,,r008_unitedhealthgroup_Scope 1_9,,81,UNITEDHEALTH GROUP—2024-sustainability-report.pdf,,,
energy_00010,r008_unitedhealthgroup,,,UNITEDHEALTH GROUP,Scope 2,Purchased electricity,,,yes,,,,,r008_unitedhealthgroup_Scope 2_10,,81,UNITEDHEALTH GROUP—2024-sustainability-report.pdf,,,
energy_00011,r011_volkswagen,,,VOLKSWAGEN,Scope 1,Fuel or site energy consumption,,,,,,,,r011_volkswagen_Scope 1_11,,66,2023_Volkswagen_Group_Sustainability_Report.pdf,,,
energy_00012,r011_volkswagen,,,VOLKSWAGEN,Scope 2,Purchased electricity,,,yes,,,,,r011_volkswagen_Scope 2_12,,66,2023_Volkswagen_Group_Sustainability_Report.pdf,,,
energy_00013,r013_shell,,,SHELL,Scope 1,Fuel or site energy consumption,,,,,,,,r013_shell_Scope 1_13,,109,shell-annual-report-2024.pdf,,,
energy_00014,r013_shell,,,SHELL,Scope 2,Purchased electricity,,,yes,,,,,r013_shell_Scope 2_14,,109,shell-annual-report-2024.pdf,,,
energy_00015,r013_shell,,,SHELL,Scope 2,Purchased electricity,,,yes,,,,,r013_shell_Scope 2_15,,109,shell-annual-report-2024.pdf,,,
energy_00016,r016_mckesson,,,MCKESSON,Scope 1,Fuel or site energy consumption,,,,,,,,r016_mckesson_Scope 1_16,,64,McKesson Impact Report 2024.pdf,,,
energy_00017,r016_mckesson,,,MCKESSON,Scope 2,Purchased electricity,,,yes,,,,,r016_mckesson_Scope 2_17,,69,McKesson Impact Report 2024.pdf,,,
energy_00018,r016_mckesson,,,MCKESSON,Scope 2,Purchased electricity,,,yes,,,,,r016_mckesson_Scope 2_18,,69,McKesson Impact Report 2024.pdf,,,
energy_00019,r017_alphabet公司,,,Alphabet,Scope 1,Fuel or site energy consumption,,,,,,,,r017_alphabet公司_Scope 1_19,,105,google-2025-environmental-report.pdf,,,
energy_00020,r017_alphabet公司,,,Alphabet,Scope 2,Purchased electricity,,,yes,,,,,r017_alphabet公司_Scope 2_20,,105,google-2025-environmental-report.pdf,,,
energy_00021,r021_jpmorganchase,,,JPMORGAN CHASE,Scope 1,Fuel or site energy consumption,,,,,,,,r021_jpmorganchase_Scope 1_21,,27,JPMORGAN CHASE-Climate-Report-2024.pdf,,,
energy_00022,r022_industrialandcommercialbankofchina,,,INDUSTRIAL & COMMERCIAL BANK OF CHINA,Scope 1,Fuel or site energy consumption,,,,,,,,r022_industrialandcommercialbankofchina_Scope 1_22,,45,ICBC_2024_Sustainability_Report.pdf,,,
energy_00023,r022_industrialandcommercialbankofchina,,,INDUSTRIAL & COMMERCIAL BANK OF CHINA,Scope 2,Purchased electricity,,,yes,,,,,r022_industrialandcommercialbankofchina_Scope 2_23,,45,ICBC_2024_Sustainability_Report.pdf,,,
energy_00024,r023_totalenergies,,,TOTALENERGIES,Scope 1,Fuel or site energy consumption,,,,,,,,r023_totalenergies_Scope 1_24,,106,totalenergies_sustainability-climate-2025-progress-report_2025_en.pdf,,,
energy_00025,r023_totalenergies,,,TOTALENERGIES,Scope 2,Purchased electricity,,,yes,,,,,r023_totalenergies_Scope 2_25,,106,totalenergies_sustainability-climate-2025-progress-report_2025_en.pdf,,,
energy_00026,r024_glencore,,,GLENCORE,Scope 1,Fuel or site energy consumption,,,,,,,,r024_glencore_Scope 1_26,,65,Glencore_2024_Sustainability_Report.pdf,,,
energy_00027,r024_glencore,,,GLENCORE,Scope 2,Purchased electricity,,,yes,,,,,r024_glencore_Scope 2_27,,65,Glencore_2024_Sustainability_Report.pdf,,,
energy_00028,r025_bp,,,BP,Scope 1,Fuel or site energy consumption,,,,,,,,r025_bp_Scope 1_28,,50,bp-sustainability-report-2024.pdf,,,
energy_00029,r025_bp,,,BP,Scope 1,Fuel or site energy consumption,,,,,,,,r025_bp_Scope 1_29,,50,bp-sustainability-report-2024.pdf,,,
energy_00030,r025_bp,,,BP,Scope 2,Purchased electricity,,,yes,,,,,r025_bp_Scope 2_30,,50,bp-sustainability-report-2024.pdf,,,
energy_00031,r025_bp,,,BP,Scope 2,Purchased electricity,,,yes,,,,,r025_bp_Scope 2_31,,50,bp-sustainability-report-2024.pdf,,,
energy_00032,r026_microsoft,,,MICROSOFT,Scope 1,Fuel or site energy consumption,,,,,,,,r026_microsoft_Scope 1_32,,13,2025-Microsoft-Environmental-Sustainability-Report-PDF.pdf,,,
energy_00033,r026_microsoft,,,MICROSOFT,Scope 2,Purchased electricity,,,yes,,,,,r026_microsoft_Scope 2_33,,13,2025-Microsoft-Environmental-Sustainability-Report-PDF.pdf,,,
energy_00034,r027_cardinalhealth,,,CARDINAL HEALTH,Scope 1,Fuel or site energy consumption,,,,,,,,r027_cardinalhealth_Scope 1_34,,80,cardinal-health-fy24-ESG-report.pdf,,,
energy_00035,r029_chevron,,,CHEVRON,Scope 1,Fuel or site energy consumption,,,,,,,,r029_chevron_Scope 1_35,,10,chevron-sustainability-highlights-2024.pdf,,,
energy_00036,r029_chevron,,,CHEVRON,Scope 1,Fuel or site energy consumption,,,,,,,,r029_chevron_Scope 1_36,,14,chevron-sustainability-highlights-2024.pdf,,,
energy_00037,r029_chevron,,,CHEVRON,Scope 2,Purchased electricity,,,yes,,,,,r029_chevron_Scope 2_37,,12,chevron-sustainability-highlights-2024.pdf,,,
energy_00038,r029_chevron,,,CHEVRON,Scope 2,Purchased electricity,,,yes,,,,,r029_chevron_Scope 2_38,,16,chevron-sustainability-highlights-2024.pdf,,,
energy_00039,r029_chevron,,,CHEVRON,Scope 2,Purchased electricity,,,yes,,,,,r029_chevron_Scope 2_39,,12,chevron-sustainability-highlights-2024.pdf,,,
energy_00040,r029_chevron,,,CHEVRON,Scope 2,Purchased electricity,,,yes,,,,,r029_chevron_Scope 2_40,,16,chevron-sustainability-highlights-2024.pdf,,,
energy_00041,r036_fordmotor,,,FORD MOTOR,Scope 2,Purchased electricity,,,yes,,,,,r036_fordmotor_Scope 2_41,,235,2025-integrated-sustainability-and-financial-report-FORD MOTOR.pdf,,,
energy_00042,r036_fordmotor,,,FORD MOTOR,Scope 1,Fuel or site energy consumption,,,,,,,,r036_fordmotor_Scope 1_42,,237,2025-integrated-sustainability-and-financial-report-FORD MOTOR.pdf,,,
energy_00043,r036_fordmotor,,,FORD MOTOR,Scope 1,Fuel or site energy consumption,,,,,,,,r036_fordmotor_Scope 1_43,,192,2025-integrated-sustainability-and-financial-report-FORD MOTOR.pdf,,,
energy_00044,r038_bankofamerica,,,BANK OF AMERICA,Scope 1,Fuel or site energy consumption,,,,,,,,r038_bankofamerica_Scope 1_44,,116,BankOfAmerica_Sustainability_2024_Report.pdf,,,
energy_00045,r038_bankofamerica,,,BANK OF AMERICA,Scope 2,Purchased electricity,,,yes,,,,,r038_bankofamerica_Scope 2_45,,81,BankOfAmerica_Sustainability_2024_Report.pdf,,,
energy_00046,r038_bankofamerica,,,BANK OF AMERICA,Scope 2,Purchased electricity,,,yes,,,,,r038_bankofamerica_Scope 2_46,,116,BankOfAmerica_Sustainability_2024_Report.pdf,,,
energy_00047,r042_mercedesbenzgroup,,,MERCEDES-BENZ GROUP,Scope 1,Fuel or site energy consumption,,,,,,,,r042_mercedesbenzgroup_Scope 1_47,,4,mercedes-benz-ir-sustainability-targets-and-metrics-summary-2024.pdf,,,
energy_00048,r042_mercedesbenzgroup,,,MERCEDES-BENZ GROUP,Scope 2,Purchased electricity,,,yes,,,,,r042_mercedesbenzgroup_Scope 2_48,,12,mercedes-benz-ir-sustainability-targets-and-metrics-summary-2024.pdf,,,
energy_00049,r046_centene公司,,,Centene,Scope 1,Fuel or site energy consumption,,,,,,,,r046_centene公司_Scope 1_49,,73,Centene-Corporate-Responsibility-2024.pdf,,,
energy_00050,r048_homedepot,,,HOME DEPOT,Scope 1,Fuel or site energy consumption,,,,,,,,r048_homedepot_Scope 1_50,,45,2024_ESG_Report_The_Home_Depot.pdf,,,
energy_00051,r048_homedepot,,,HOME DEPOT,Scope 2,Purchased electricity,,,yes,,,,,r048_homedepot_Scope 2_51,,45,2024_ESG_Report_The_Home_Depot.pdf,,,
energy_00052,r049_electricitédefrance,,,ELECTRICITÉ DE FRANCE,Scope 1,Fuel or site energy consumption,,,,,,,,r049_electricitédefrance_Scope 1_52,,204,edf-urd-annual-financial-report-2024-en-accessible.pdf,,,
energy_00053,r049_electricitédefrance,,,ELECTRICITÉ DE FRANCE,Scope 2,Purchased electricity,,,yes,,,,,r049_electricitédefrance_Scope 2_53,,204,edf-urd-annual-financial-report-2024-en-accessible.pdf,,,
energy_00054,r052_phillips66公司,,,Phillips 66,Scope 1,Fuel or site energy consumption,,,,,,,,r052_phillips66公司_Scope 1_54,,48,PHILLIPS 66-2025-0023_3_Sustainability and People Report_DIGITAL 0623.pdf,,,
energy_00055,r052_phillips66公司,,,Phillips 66,Scope 2,Purchased electricity,,,yes,,,,,r052_phillips66公司_Scope 2_55,,48,PHILLIPS 66-2025-0023_3_Sustainability and People Report_DIGITAL 0623.pdf,,,
energy_00056,r061_valeroenergy,,,VALERO ENERGY,Scope 1,Fuel or site energy consumption,,,,,,,,r061_valeroenergy_Scope 1_56,,76,VALERO ENERGY-2024 ESG Report 0823 FINAL pages.pdf,,,
energy_00057,r061_valeroenergy,,,VALERO ENERGY,Scope 2,Purchased electricity,,,yes,,,,,r061_valeroenergy_Scope 2_57,,20,VALERO ENERGY-2024 ESG Report 0823 FINAL pages.pdf,,,
energy_00058,r066_metaplatforms公司,,,Meta Platforms,Scope 1,Fuel or site energy consumption,,,,,,,,r066_metaplatforms公司_Scope 1_58,,78,Meta-2024-Sustainability-Report.pdf,,,
energy_00059,r066_metaplatforms公司,,,Meta Platforms,Scope 2,Purchased electricity,,,yes,,,,,r066_metaplatforms公司_Scope 2_59,,80,Meta-2024-Sustainability-Report.pdf,,,
energy_00060,r066_metaplatforms公司,,,Meta Platforms,Scope 2,Purchased electricity,,,yes,,,,,r066_metaplatforms公司_Scope 2_60,,78,Meta-2024-Sustainability-Report.pdf,,,
energy_00061,r070_alibabagroupholding,,,ALIBABA GROUP HOLDING,Scope 1,Fuel or site energy consumption,,,,,,,,r070_alibabagroupholding_Scope 1_61,,112,2025 阿里巴巴环境、社会和治理（ESG）报告.pdf,,,
energy_00062,r070_alibabagroupholding,,,ALIBABA GROUP HOLDING,Scope 2,Purchased electricity,,,yes,,,,,r070_alibabagroupholding_Scope 2_62,,112,2025 阿里巴巴环境、社会和治理（ESG）报告.pdf,,,
energy_00063,r071_citicgroup,,,CITIC GROUP,Scope 1,Fuel or site energy consumption,,,,,,,,r071_citicgroup_Scope 1_63,,127,2024中国中信集团有限公司环境、社会及管治报告.pdf,,,
energy_00064,r073_hyundaimotor,,,HYUNDAI MOTOR,Scope 2,Purchased electricity,,,yes,,,,,r073_hyundaimotor_Scope 2_64,,41,HYUNDAI MOTOR-hmc-2025-sustainability-report-en-v13.pdf,,,
energy_00065,r073_hyundaimotor,,,HYUNDAI MOTOR,Scope 1,Fuel or site energy consumption,,,,,,,,r073_hyundaimotor_Scope 1_65,,39,HYUNDAI MOTOR-hmc-2025-sustainability-report-en-v13.pdf,,,
energy_00066,r073_hyundaimotor,,,HYUNDAI MOTOR,Scope 2,Purchased electricity,,,yes,,,,,r073_hyundaimotor_Scope 2_66,,39,HYUNDAI MOTOR-hmc-2025-sustainability-report-en-v13.pdf,,,
energy_00067,r079_uniper公司,,,Uniper,Scope 1,Fuel or site energy consumption,,,,,,,,r079_uniper公司_Scope 1_67,,27,2025_08_07_Uniper_Climate_Transition_Plan_2025.pdf,,,
energy_00068,r082_allianz,,,ALLIANZ,Scope 2,Purchased electricity,,,yes,,,,,r082_allianz_Scope 2_68,,78,en-allianz-group-annual-report-2024.pdf,,,
energy_00069,r089_rosneftoil,,,ROSNEFT OIL,Scope 1,Fuel or site energy consumption,,,,,,,,r089_rosneftoil_Scope 1_69,,63,ROSNEFT OIL-Rosneft_SR2024_ENG.pdf,,,
energy_00070,r091_equinor公司,,,Equinor,Scope 1,Fuel or site energy consumption,,,,,,,,r091_equinor公司_Scope 1_70,,117,annual-report-2024-equinor.pdf,,,
energy_00071,r091_equinor公司,,,Equinor,Scope 2,Purchased electricity,,,yes,,,,,r091_equinor公司_Scope 2_71,,117,annual-report-2024-equinor.pdf,,,
energy_00072,r091_equinor公司,,,Equinor,Scope 2,Purchased electricity,,,yes,,,,,r091_equinor公司_Scope 2_72,,117,annual-report-2024-equinor.pdf,,,
energy_00073,r093_saicmotor,,,SAIC MOTOR,Scope 1,Fuel or site energy consumption,,,,,,,,r093_saicmotor_Scope 1_73,,50,2024-上海汽车集团股份有限公司ESG报告.pdf,,,
energy_00074,r095_lifeinsurancecorpofindia,,,LIFE INSURANCE CORP. OF INDIA,Scope 1,Fuel or site energy consumption,,,,,,,,r095_lifeinsurancecorpofindia_Scope 1_74,,299,LIC_Annual_Report_2023_2024.pdf,,,
energy_00075,r096_nestlé,,,NESTLÉ,Scope 1,Fuel or site energy consumption,,,,,,,,r096_nestlé_Scope 1_75,,152,NESTLÉ-non-financial-statement-2024.pdf,,,
energy_00076,r096_nestlé,,,NESTLÉ,Scope 2,Purchased electricity,,,yes,,,,,r096_nestlé_Scope 2_76,,40,NESTLÉ-non-financial-statement-2024.pdf,,,
energy_00077,r096_nestlé,,,NESTLÉ,Scope 2,Purchased electricity,,,yes,,,,,r096_nestlé_Scope 2_77,,152,NESTLÉ-non-financial-statement-2024.pdf,,,
energy_00078,r101_eon,,,E.ON,Scope 1,Fuel or site energy consumption,,,,,,,,r101_eon_Scope 1_78,,46,E.ON-GB24-gesamt-EN_final.pdf,,,
energy_00079,r101_eon,,,E.ON,Scope 2,Purchased electricity,,,yes,,,,,r101_eon_Scope 2_79,,44,E.ON-GB24-gesamt-EN_final.pdf,,,
energy_00080,r113_brookfield,,,BROOKFIELD,Scope 2,Purchased electricity,,,yes,,,,,r113_brookfield_Scope 2_80,,60,BROOKFIELD-BAM Ltd. 2024 Sustainability Report.pdf,,,
energy_00081,r117_adm公司,,,ADM,Scope 2,Purchased electricity,,,yes,,,,,r117_adm公司_Scope 2_81,,50,final_archer-daniels-midland-adm_2023-corporate-sustainability-report.pdf,,,
energy_00082,r119_christiandior,,,CHRISTIAN DIOR,Scope 2,Purchased electricity,,,yes,,,,,r119_christiandior_Scope 2_82,,114,ChristianDior_2024_Annual_Report.pdf,,,
energy_00083,r119_christiandior,,,CHRISTIAN DIOR,Scope 1,Fuel or site energy consumption,,,,,,,,r119_christiandior_Scope 1_83,,114,ChristianDior_2024_Annual_Report.pdf,,,
energy_00084,r125_ptt,,,PTT,Scope 1,Fuel or site energy consumption,,,,,,,,r125_ptt_Scope 1_84,,142,PTT One Report ENG 2024.pdf,,,
energy_00085,r125_ptt,,,PTT,Scope 2,Purchased electricity,,,yes,,,,,r125_ptt_Scope 2_85,,142,PTT One Report ENG 2024.pdf,,,
energy_00086,r125_ptt,,,PTT,Scope 2,Purchased electricity,,,yes,,,,,r125_ptt_Scope 2_86,,142,PTT One Report ENG 2024.pdf,,,
energy_00087,r126_axa,,,AXA,Scope 1,Fuel or site energy consumption,,,,,,,,r126_axa_Scope 1_87,,175,axa_urd2024_accessible_va.pdf,,,
energy_00088,r126_axa,,,AXA,Scope 2,Purchased electricity,,,yes,,,,,r126_axa_Scope 2_88,,175,axa_urd2024_accessible_va.pdf,,,
energy_00089,r127_fedex,,,FEDEX,Scope 1,Fuel or site energy consumption,,,,,,,,r127_fedex_Scope 1_89,,38,FedEx_2025_CR_Report.pdf,,,
energy_00090,r127_fedex,,,FEDEX,Scope 2,Purchased electricity,,,yes,,,,,r127_fedex_Scope 2_90,,19,FedEx_2025_CR_Report.pdf,,,
energy_00091,r130_engie集团,,,Engie,Scope 1,Fuel or site energy consumption,,,,,,,,r130_engie集团_Scope 1_91,,118,ENGIE_DEU_2024_US__PDF_MEL_v3.pdf,,,
energy_00092,r131_waltdisney,,,WALT DISNEY,Scope 1,Fuel or site energy consumption,,,,,,,,r131_waltdisney_Scope 1_92,,34,华特迪士尼公司-2024-SSI-Report.pdf,,,
energy_00093,r132_orlen,,,ORLEN,Scope 1,Fuel or site energy consumption,,,,,,,,r132_orlen_Scope 1_93,,159,Management Board on the Operations of ORLEN Group 2024.pdf.coredownload.pdf,,,
energy_00094,r132_orlen,,,ORLEN,Scope 2,Purchased electricity,,,yes,,,,,r132_orlen_Scope 2_94,,161,Management Board on the Operations of ORLEN Group 2024.pdf.coredownload.pdf,,,
energy_00095,r133_delltechnologies,,,DELL TECHNOLOGIES,Scope 1,Fuel or site energy consumption,,,,,,,,r133_delltechnologies_Scope 1_95,,2,DELL中国delltechnologies-esg-fy24-performance-metrics.pdf,,,
energy_00096,r133_delltechnologies,,,DELL TECHNOLOGIES,Scope 2,Purchased electricity,,,yes,,,,,r133_delltechnologies_Scope 2_96,,2,DELL中国delltechnologies-esg-fy24-performance-metrics.pdf,,,
energy_00097,r143_byd,,,BYD,Scope 1,Fuel or site energy consumption,,,,,,,,r143_byd_Scope 1_97,,127,比亚迪年度可持续报告2024.pdf,,,
energy_00098,r143_byd,,,BYD,Scope 1,Fuel or site energy consumption,,,,,,,,r143_byd_Scope 1_98,,42,比亚迪年度可持续报告2024.pdf,,,
energy_00099,r143_byd,,,BYD,Scope 2,Purchased electricity,,,yes,,,,,r143_byd_Scope 2_99,,127,比亚迪年度可持续报告2024.pdf,,,
energy_00100,r143_byd,,,BYD,Scope 2,Purchased electricity,,,yes,,,,,r143_byd_Scope 2_100,,127,比亚迪年度可持续报告2024.pdf,,,
energy_00101,r145_siemens,,,SIEMENS,Scope 1,Fuel or site energy consumption,,,,,,,,r145_siemens_Scope 1_101,,85,SIEMENS ENERGY-sustainability-report-2024-pdf_Original%20file.pdf,,,
energy_00102,r159_boeing,,,BOEING,Scope 2,Purchased electricity,,,yes,,,,,r159_boeing_Scope 2_102,,34,2025-boeing-sustainability-report.pdf,,,
energy_00103,r165_pertamina,,,PERTAMINA,Scope 1,Fuel or site energy consumption,,,,,,,,r165_pertamina_Scope 1_103,,188,PERTAMINA—FULL_SR PHE 24_(09_01)_Web Version (1).pdf,,,
energy_00104,r165_pertamina,,,PERTAMINA,Scope 2,Purchased electricity,,,yes,,,,,r165_pertamina_Scope 2_104,,188,PERTAMINA—FULL_SR PHE 24_(09_01)_Web Version (1).pdf,,,
energy_00105,r166_vinci,,,VINCI,Scope 1,Fuel or site energy consumption,,,,,,,,r166_vinci_Scope 1_105,,31,VINCI-2024_workforce_related_environmental_and_social_information.pdf,,,
energy_00106,r168_torontodominionbank,,,TORONTO-DOMINION BANK,Scope 1,Fuel or site energy consumption,,,,,,,,r168_torontodominionbank_Scope 1_106,,56,2024-TORONTO-DOMINION BANK-sustainability-report-en.pdf,,,
energy_00107,r168_torontodominionbank,,,TORONTO-DOMINION BANK,Scope 2,Purchased electricity,,,yes,,,,,r168_torontodominionbank_Scope 2_107,,56,2024-TORONTO-DOMINION BANK-sustainability-report-en.pdf,,,
energy_00108,r168_torontodominionbank,,,TORONTO-DOMINION BANK,Scope 2,Purchased electricity,,,yes,,,,,r168_torontodominionbank_Scope 2_108,,56,2024-TORONTO-DOMINION BANK-sustainability-report-en.pdf,,,
energy_00109,r176_巴西jbs公司,,,JBS,Scope 1,Fuel or site energy consumption,,,,,,,,r176_巴西jbs公司_Scope 1_109,,61,JBS_Sustainability_Report_2023.pdf,,,
energy_00110,r181_guangzhouautomobileindustrygroup,,,GUANGZHOU AUTOMOBILE INDUSTRY GROUP,Scope 1,Fuel or site energy consumption,,,,,,,,r181_guangzhouautomobileindustrygroup_Scope 1_110,,131,广汽集团2024年社会责任报告.pdf,,,
energy_00111,r181_guangzhouautomobileindustrygroup,,,GUANGZHOU AUTOMOBILE INDUSTRY GROUP,Scope 2,Purchased electricity,,,yes,,,,,r181_guangzhouautomobileindustrygroup_Scope 2_111,,131,广汽集团2024年社会责任报告.pdf,,,
energy_00112,r183_airbus,,,AIRBUS,Scope 1,Fuel or site energy consumption,,,,,,,,r183_airbus_Scope 1_112,,4,AIRBUS-pm_38_711_711991-us758j55ai.pdf,,,
energy_00113,r183_airbus,,,AIRBUS,Scope 2,Purchased electricity,,,yes,,,,,r183_airbus_Scope 2_113,,4,AIRBUS-pm_38_711_711991-us758j55ai.pdf,,,
energy_00114,r185_zhejianggeelyholdinggroup,,,ZHEJIANG GEELY HOLDING GROUP,Scope 1,Fuel or site energy consumption,,,,,,,,r185_zhejianggeelyholdinggroup_Scope 1_114,,38,Geely-Holding-Group-Sustainability-Report-2024-ZH.pdf,,,
energy_00115,r185_zhejianggeelyholdinggroup,,,ZHEJIANG GEELY HOLDING GROUP,Scope 2,Purchased electricity,,,yes,,,,,r185_zhejianggeelyholdinggroup_Scope 2_115,,38,Geely-Holding-Group-Sustainability-Report-2024-ZH.pdf,,,
energy_00116,r189_itaúunibancoholding,,,ITAÚ UNIBANCO HOLDING,Scope 1,Fuel or site energy consumption,,,,,,,,r189_itaúunibancoholding_Scope 1_116,,117,ITAÚ UNIBANCO HOLDING ESG Report 2024.pdf,,,
energy_00117,r189_itaúunibancoholding,,,ITAÚ UNIBANCO HOLDING,Scope 2,Purchased electricity,,,yes,,,,,r189_itaúunibancoholding_Scope 2_117,,115,ITAÚ UNIBANCO HOLDING ESG Report 2024.pdf,,,
energy_00118,r191_generalelectric,,,GENERAL ELECTRIC,Scope 1,Fuel or site energy consumption,,,,,,,,r191_generalelectric_Scope 1_118,,35,GENERAL ELECTRIC-Aerospace 2025-sustainability-report.pdf,,,
energy_00119,r193_lockheedmartin,,,LOCKHEED MARTIN,Scope 1,Fuel or site energy consumption,,,,,,,,r193_lockheedmartin_Scope 1_119,,42,2024-LOCKHEED MARTIN-Sustainability-Performance-Report.pdf,,,
energy_00120,r195_americanexpress,,,AMERICAN EXPRESS,Scope 1,Fuel or site energy consumption,,,,,,,,r195_americanexpress_Scope 1_120,,67,AMERICAN EXPRESS_AXP_2023_2024_ESG_Report.pdf,,,
energy_00121,r195_americanexpress,,,AMERICAN EXPRESS,Scope 2,Purchased electricity,,,yes,,,,,r195_americanexpress_Scope 2_121,,67,AMERICAN EXPRESS_AXP_2023_2024_ESG_Report.pdf,,,
energy_00122,r195_americanexpress,,,AMERICAN EXPRESS,Scope 2,Purchased electricity,,,yes,,,,,r195_americanexpress_Scope 2_122,,67,AMERICAN EXPRESS_AXP_2023_2024_ESG_Report.pdf,,,
energy_00123,r198_wilmarinternational,,,WILMAR INTERNATIONAL,Scope 1,Fuel or site energy consumption,,,,,,,,r198_wilmarinternational_Scope 1_123,,25,24_0151_wilmar_2024_sr-v7-27-may.pdf,,,
energy_00124,r198_wilmarinternational,,,WILMAR INTERNATIONAL,Scope 2,Purchased electricity,,,yes,,,,,r198_wilmarinternational_Scope 2_124,,25,24_0151_wilmar_2024_sr-v7-27-may.pdf,,,
energy_00125,r199_caterpillar,,,CATERPILLAR,Scope 1,Fuel or site energy consumption,,,,,,,,r199_caterpillar_Scope 1_125,,64,CATERPILLAR 2024 SUSTAINABILITY REPORT.pdf,,,
energy_00126,r199_caterpillar,,,CATERPILLAR,Scope 2,Purchased electricity,,,yes,,,,,r199_caterpillar_Scope 2_126,,64,CATERPILLAR 2024 SUSTAINABILITY REPORT.pdf,,,
energy_00127,r199_caterpillar,,,CATERPILLAR,Scope 2,Purchased electricity,,,yes,,,,,r199_caterpillar_Scope 2_127,,64,CATERPILLAR 2024 SUSTAINABILITY REPORT.pdf,,,
energy_00128,r201_koreaelectricpower,,,KOREA ELECTRIC POWER,Scope 1,Fuel or site energy consumption,,,,,,,,r201_koreaelectricpower_Scope 1_128,,59,(KEPCO)2024SustainabilityReport_Eng.pdf,,,
energy_00129,r201_koreaelectricpower,,,KOREA ELECTRIC POWER,Scope 2,Purchased electricity,,,yes,,,,,r201_koreaelectricpower_Scope 2_129,,149,(KEPCO)2024SustainabilityReport_Eng.pdf,,,
energy_00130,r202_metlife,,,METLIFE,Scope 1,Fuel or site energy consumption,,,,,,,,r202_metlife_Scope 1_130,,105,metlife_sustainability_report_2024.pdf,,,
energy_00131,r202_metlife,,,METLIFE,Scope 2,Purchased electricity,,,yes,,,,,r202_metlife_Scope 2_131,,105,metlife_sustainability_report_2024.pdf,,,
energy_00132,r206_chinavanke,,,CHINA VANKE,Scope 1,Fuel or site energy consumption,,,,,,,,r206_chinavanke_Scope 1_132,,45,2024-CHINA VANKE-sustainability-report.pdf,,,
energy_00133,r206_chinavanke,,,CHINA VANKE,Scope 2,Purchased electricity,,,yes,,,,,r206_chinavanke_Scope 2_133,,45,2024-CHINA VANKE-sustainability-report.pdf,,,
energy_00134,r209_lg电子,,,LG Electronics,Scope 1,Fuel or site energy consumption,,,,,,,,r209_lg电子_Scope 1_134,,24,2024-2025_LGE_Sustainability_Report_English.pdf,,,
energy_00135,r230_bungeglobal,,,BUNGE GLOBAL,Scope 1,Fuel or site energy consumption,,,,,,,,r230_bungeglobal_Scope 1_135,,24,2025-Bunge-Global-Sustainability-Report.pdf,,,
energy_00136,r230_bungeglobal,,,BUNGE GLOBAL,Scope 2,Purchased electricity,,,yes,,,,,r230_bungeglobal_Scope 2_136,,24,2025-Bunge-Global-Sustainability-Report.pdf,,,
energy_00137,r234_panasonicholdings,,,PANASONIC HOLDINGS,Scope 1,Fuel or site energy consumption,,,,,,,,r234_panasonicholdings_Scope 1_137,,88,2025_Sustainability Date Book PANASONIC HOLDINGS.pdf,,,
energy_00138,r234_panasonicholdings,,,PANASONIC HOLDINGS,Scope 2,Purchased electricity,,,yes,,,,,r234_panasonicholdings_Scope 2_138,,155,2025_Sustainability Date Book PANASONIC HOLDINGS.pdf,,,
energy_00139,r235_conocophillips,,,CONOCOPHILLIPS,Scope 1,Fuel or site energy consumption,,,,,,,,r235_conocophillips_Scope 1_139,,85,2024-sustainability-report CONOCOPHILLIPS.pdf,,,
energy_00140,r235_conocophillips,,,CONOCOPHILLIPS,Scope 2,Purchased electricity,,,yes,,,,,r235_conocophillips_Scope 2_140,,85,2024-sustainability-report CONOCOPHILLIPS.pdf,,,
energy_00141,r237_deltaairlines,,,DELTA AIR LINES,Scope 1,Fuel or site energy consumption,,,,,,,,r237_deltaairlines_Scope 1_141,,57,delta-difference-2024-report.pdf,,,
energy_00142,r241_tdsynnex公司,,,TD Synnex,Scope 2,Purchased electricity,,,yes,,,,,r241_tdsynnex公司_Scope 2_142,,67,tdsynnex-fy2024-ccr-ada.pdf,,,
energy_00143,r247_repsol,,,REPSOL,Scope 1,Fuel or site energy consumption,,,,,,,,r247_repsol_Scope 1_143,,41,REPSOL consolidated-statement-non-financial-information-sustainability-information-2024.pdf,,,
energy_00144,r252_bancobradesco,,,BANCO BRADESCO,Scope 1,Fuel or site energy consumption,,,,,,,,r252_bancobradesco_Scope 1_144,,155,2024  BANCO BRADESCO ESG Report.pdf,,,
energy_00145,r252_bancobradesco,,,BANCO BRADESCO,Scope 2,Purchased electricity,,,yes,,,,,r252_bancobradesco_Scope 2_145,,47,2024  BANCO BRADESCO ESG Report.pdf,,,
energy_00146,r255_chartercommunications,,,CHARTER COMMUNICATIONS,Scope 1,Fuel or site energy consumption,,,,,,,,r255_chartercommunications_Scope 1_146,,22,2023 CHARTER COMMUNICATIONS esg-report.pdf,,,
energy_00147,r258_bharatpetroleum,,,BHARAT PETROLEUM,Scope 1,Fuel or site energy consumption,,,,,,,,r258_bharatpetroleum_Scope 1_147,,78,BHARAT PETROLEUM sustainability-report-2023-24.pdf,,,
energy_00148,r258_bharatpetroleum,,,BHARAT PETROLEUM,Scope 2,Purchased electricity,,,yes,,,,,r258_bharatpetroleum_Scope 2_148,,78,BHARAT PETROLEUM sustainability-report-2023-24.pdf,,,
energy_00149,r260_newyorklifeinsurance,,,NEW YORK LIFE INSURANCE,Scope 1,Fuel or site energy consumption,,,,,,,,r260_newyorklifeinsurance_Scope 1_149,,54,2024NEW YORK LIFE INSURANCE Corporate-Responsibility-Report.pdf,,,
energy_00150,r260_newyorklifeinsurance,,,NEW YORK LIFE INSURANCE,Scope 2,Purchased electricity,,,yes,,,,,r260_newyorklifeinsurance_Scope 2_150,,54,2024NEW YORK LIFE INSURANCE Corporate-Responsibility-Report.pdf,,,
energy_00151,r261_intel,,,INTEL,Scope 1,Fuel or site energy consumption,,,,,,,,r261_intel_Scope 1_151,,36,INTEL CSR-2024-25-Full-Report.pdf,,,
energy_00152,r261_intel,,,INTEL,Scope 2,Purchased electricity,,,yes,,,,,r261_intel_Scope 2_152,,36,INTEL CSR-2024-25-Full-Report.pdf,,,
energy_00153,r262_tjx公司,,,TJX,Scope 1,Fuel or site energy consumption,,,,,,,,r262_tjx公司_Scope 1_153,,68,tjx-2025-global-corporate-responsibility-report.pdf,,,
energy_00154,r263_novartis,,,NOVARTIS,Scope 2,Purchased electricity,,,yes,,,,,r263_novartis_Scope 2_154,,28,novartis-integrated-report-2024.pdf,,,
energy_00155,r263_novartis,,,NOVARTIS,Scope 1,Fuel or site energy consumption,,,,,,,,r263_novartis_Scope 1_155,,61,novartis-integrated-report-2024.pdf,,,
energy_00156,r264_riotintogroup,,,RIO TINTO GROUP,Scope 1,Fuel or site energy consumption,,,,,,,,r264_riotintogroup_Scope 1_156,,74,2024-RIO TINTO GROUP-annual-report.pdf,,,
energy_00157,r264_riotintogroup,,,RIO TINTO GROUP,Scope 2,Purchased electricity,,,yes,,,,,r264_riotintogroup_Scope 2_157,,323,2024-RIO TINTO GROUP-annual-report.pdf,,,
energy_00158,r264_riotintogroup,,,RIO TINTO GROUP,Scope 2,Purchased electricity,,,yes,,,,,r264_riotintogroup_Scope 2_158,,323,2024-RIO TINTO GROUP-annual-report.pdf,,,
energy_00159,r266_prudentialfinancial,,,PRUDENTIAL FINANCIAL,Scope 1,Fuel or site energy consumption,,,,,,,,r266_prudentialfinancial_Scope 1_159,,45,Prudential-s-2024-Sustainability-Report.pdf,,,
energy_00160,r266_prudentialfinancial,,,PRUDENTIAL FINANCIAL,Scope 2,Purchased electricity,,,yes,,,,,r266_prudentialfinancial_Scope 2_160,,45,Prudential-s-2024-Sustainability-Report.pdf,,,
energy_00161,r268_bhpgroup,,,BHP GROUP,Scope 1,Fuel or site energy consumption,,,,,,,,r268_bhpgroup_Scope 1_161,,51,250819_bhpannualreport2025.pdf,,,
energy_00162,r268_bhpgroup,,,BHP GROUP,Scope 2,Purchased electricity,,,yes,,,,,r268_bhpgroup_Scope 2_162,,51,250819_bhpannualreport2025.pdf,,,
energy_00163,r269_hp,,,HP,Scope 1,Fuel or site energy consumption,,,,,,,,r269_hp_Scope 1_163,,160,2024_HP_sustainability_report.pdf,,,
energy_00164,r270_unitedairlinesholdings,,,UNITED AIRLINES HOLDINGS,Scope 1,Fuel or site energy consumption,,,,,,,,r270_unitedairlinesholdings_Scope 1_164,,100,2024-UNITED AIRLINES HOLDINGS-report-interactive.pdf,,,
energy_00165,r271_tatamotors,,,TATA MOTORS,Scope 1,Fuel or site energy consumption,,,,,,,,r271_tatamotors_Scope 1_165,,16,tata-motor-IAR-2024-25.pdf,,,
energy_00166,r271_tatamotors,,,TATA MOTORS,Scope 2,Purchased electricity,,,yes,,,,,r271_tatamotors_Scope 2_166,,584,tata-motor-IAR-2024-25.pdf,,,
energy_00167,r271_tatamotors,,,TATA MOTORS,Scope 2,Purchased electricity,,,yes,,,,,r271_tatamotors_Scope 2_167,,85,tata-motor-IAR-2024-25.pdf,,,
energy_00168,r278_americanairlinesgroup,,,AMERICAN AIRLINES GROUP,Scope 1,Fuel or site energy consumption,,,,,,,,r278_americanairlinesgroup_Scope 1_168,,92,American-Airlines-Sustainability-Report-2024.pdf,,,
energy_00169,r278_americanairlinesgroup,,,AMERICAN AIRLINES GROUP,Scope 2,Purchased electricity,,,yes,,,,,r278_americanairlinesgroup_Scope 2_169,,92,American-Airlines-Sustainability-Report-2024.pdf,,,
energy_00170,r282_volvo,,,VOLVO,Scope 1,Fuel or site energy consumption,,,,,,,,r282_volvo_Scope 1_170,,157,volvo-group-annual-report-2024.pdf,,,
energy_00171,r283_intesasanpaolo,,,INTESA SANPAOLO,Scope 1,Fuel or site energy consumption,,,,,,,,r283_intesasanpaolo_Scope 1_171,,99,2024_INTESA SANPAOLO-Climate_Report.pdf,,,
energy_00172,r283_intesasanpaolo,,,INTESA SANPAOLO,Scope 2,Purchased electricity,,,yes,,,,,r283_intesasanpaolo_Scope 2_172,,103,2024_INTESA SANPAOLO-Climate_Report.pdf,,,
energy_00173,r283_intesasanpaolo,,,INTESA SANPAOLO,Scope 2,Purchased electricity,,,yes,,,,,r283_intesasanpaolo_Scope 2_173,,99,2024_INTESA SANPAOLO-Climate_Report.pdf,,,
energy_00174,r287_tokiomarineholdings,,,TOKIO MARINE HOLDINGS,Scope 1,Fuel or site energy consumption,,,,,,,,r287_tokiomarineholdings_Scope 1_174,,42,TOKIO MARINE HOLDINGS sustainability_web_2025.pdf,,,
energy_00175,r287_tokiomarineholdings,,,TOKIO MARINE HOLDINGS,Scope 2,Purchased electricity,,,yes,,,,,r287_tokiomarineholdings_Scope 2_175,,42,TOKIO MARINE HOLDINGS sustainability_web_2025.pdf,,,
energy_00176,r289_maerskgroup,,,MAERSK GROUP,Scope 1,Fuel or site energy consumption,,,,,,,,r289_maerskgroup_Scope 1_176,,93,Maersk Annual Report 2024.pdf,,,
energy_00177,r289_maerskgroup,,,MAERSK GROUP,Scope 2,Purchased electricity,,,yes,,,,,r289_maerskgroup_Scope 2_177,,89,Maersk Annual Report 2024.pdf,,,
energy_00178,r292_shanghaipudongdevelopmentbank,,,SHANGHAI PUDONG DEVELOPMENT BANK,Scope 1,Fuel or site energy consumption,,,,,,,,r292_shanghaipudongdevelopmentbank_Scope 1_178,,99,,,,
energy_00179,r292_shanghaipudongdevelopmentbank,,,SHANGHAI PUDONG DEVELOPMENT BANK,Scope 2,Purchased electricity,,,yes,,,,,r292_shanghaipudongdevelopmentbank_Scope 2_179,,18,,,,
energy_00180,r294_bankofmontreal,,,BANK OF MONTREAL,Scope 2,Purchased electricity,,,yes,,,,,r294_bankofmontreal_Scope 2_180,,79,BMO_2024_SCR_EN_interactive.pdf,,,
energy_00181,r295_zffriedrichshafen,,,ZF FRIEDRICHSHAFEN,Scope 1,Fuel or site energy consumption,,,,,,,,r295_zffriedrichshafen_Scope 1_181,,68,ZF_AnnualReport24.pdf,,,
energy_00182,r297_sanofi,,,SANOFI,Scope 1,Fuel or site energy consumption,,,,,,,,r297_sanofi_Scope 1_182,,41,SANOFI-sustainability-statement-2024--ESG-Report-.pdf,,,
energy_00183,r297_sanofi,,,SANOFI,Scope 2,Purchased electricity,,,yes,,,,,r297_sanofi_Scope 2_183,,38,SANOFI-sustainability-statement-2024--ESG-Report-.pdf,,,
energy_00184,r297_sanofi,,,SANOFI,Scope 2,Purchased electricity,,,yes,,,,,r297_sanofi_Scope 2_184,,38,SANOFI-sustainability-statement-2024--ESG-Report-.pdf,,,
energy_00185,r304_capitalonefinancial,,,CAPITAL ONE FINANCIAL,Scope 1,Fuel or site energy consumption,,,,,,,,r304_capitalonefinancial_Scope 1_185,,142,,,,
energy_00186,r304_capitalonefinancial,,,CAPITAL ONE FINANCIAL,Scope 2,Purchased electricity,,,yes,,,,,r304_capitalonefinancial_Scope 2_186,,142,,,,
energy_00187,r310_vodafonegroup,,,VODAFONE GROUP,Scope 1,Fuel or site energy consumption,,,,,,,,r310_vodafonegroup_Scope 1_187,,38,Vodafone 2025 Annual Report.pdf,,,
energy_00188,r310_vodafonegroup,,,VODAFONE GROUP,Scope 2,Purchased electricity,,,yes,,,,,r310_vodafonegroup_Scope 2_188,,38,Vodafone 2025 Annual Report.pdf,,,
energy_00189,r310_vodafonegroup,,,VODAFONE GROUP,Scope 2,Purchased electricity,,,yes,,,,,r310_vodafonegroup_Scope 2_189,,38,Vodafone 2025 Annual Report.pdf,,,
energy_00190,r313_exor集团,,,EXOR,Scope 1,Fuel or site energy consumption,,,,,,,,r313_exor集团_Scope 1_190,,7,EXOR GROUP Sustainability Report 2023.pdf,,,
energy_00191,r315_unicreditgroup,,,UNICREDIT GROUP,Scope 1,Fuel or site energy consumption,,,,,,,,r315_unicreditgroup_Scope 1_191,,271,2024-UNICREDIT GROUP-Annual-Reports-and-Accounts.pdf,,,
energy_00192,r315_unicreditgroup,,,UNICREDIT GROUP,Scope 2,Purchased electricity,,,yes,,,,,r315_unicreditgroup_Scope 2_192,,271,2024-UNICREDIT GROUP-Annual-Reports-and-Accounts.pdf,,,
energy_00193,r315_unicreditgroup,,,UNICREDIT GROUP,Scope 2,Purchased electricity,,,yes,,,,,r315_unicreditgroup_Scope 2_193,,271,2024-UNICREDIT GROUP-Annual-Reports-and-Accounts.pdf,,,
energy_00194,r317_tokyoelectricpower,,,TOKYO ELECTRIC POWER,Scope 1,Fuel or site energy consumption,,,,,,,,r317_tokyoelectricpower_Scope 1_194,,100,TOKYO ELECTRIC POWER TP2024_en_web_print.pdf,,,
energy_00195,r317_tokyoelectricpower,,,TOKYO ELECTRIC POWER,Scope 2,Purchased electricity,,,yes,,,,,r317_tokyoelectricpower_Scope 2_195,,102,TOKYO ELECTRIC POWER TP2024_en_web_print.pdf,,,
energy_00196,r322_ingkagroup,,,INGKA GROUP,Scope 2,Purchased electricity,,,yes,,,,,r322_ingkagroup_Scope 2_196,,118,ingkagroup_annualsummaryandsustainabilityreport_fy24.pdf,,,
energy_00197,r324_americaninternationalgroup,,,AMERICAN INTERNATIONAL GROUP,Scope 1,Fuel or site energy consumption,,,,,,,,r324_americaninternationalgroup_Scope 1_197,,34,AMERICAN INTERNATIONAL GROUP-aig-sustainability-report-2024.pdf,,,
energy_00198,r324_americaninternationalgroup,,,AMERICAN INTERNATIONAL GROUP,Scope 2,Purchased electricity,,,yes,,,,,r324_americaninternationalgroup_Scope 2_198,,34,AMERICAN INTERNATIONAL GROUP-aig-sustainability-report-2024.pdf,,,
energy_00199,r327_talanx公司,,,Talanx,Scope 1,Fuel or site energy consumption,,,,,,,,r327_talanx公司_Scope 1_199,,32,Talanx_Nachhaltigkeitsbericht_2023_en.pdf,,,
energy_00200,r327_talanx公司,,,Talanx,Scope 2,Purchased electricity,,,yes,,,,,r327_talanx公司_Scope 2_200,,32,Talanx_Nachhaltigkeitsbericht_2023_en.pdf,,,
energy_00201,r329_astrazeneca,,,ASTRAZENECA,Scope 1,Fuel or site energy consumption,,,,,,,,r329_astrazeneca_Scope 1_201,,235,AstraZeneca_AR_2024.pdf,,,
energy_00202,r329_astrazeneca,,,ASTRAZENECA,Scope 2,Purchased electricity,,,yes,,,,,r329_astrazeneca_Scope 2_202,,235,AstraZeneca_AR_2024.pdf,,,
energy_00203,r333_tiaa,,,TIAA,Scope 1,Fuel or site energy consumption,,,,,,,,r333_tiaa_Scope 1_203,,34,TIAA climate_report_2024.pdf,,,
energy_00204,r344_continental,,,CONTINENTAL,Scope 2,Purchased electricity,,,yes,,,,,r344_continental_Scope 2_204,,142,CONTINENTAL annual-report-2024.pdf,,,
energy_00205,r344_continental,,,CONTINENTAL,Scope 1,Fuel or site energy consumption,,,,,,,,r344_continental_Scope 1_205,,142,CONTINENTAL annual-report-2024.pdf,,,
energy_00206,r345_raízen公司,,,Raízen,Scope 1,Fuel or site energy consumption,,,,,,,,r345_raízen公司_Scope 1_206,,32,item-1338-raizen-rs24-25-en-d11.pdf,,,
energy_00207,r345_raízen公司,,,Raízen,Scope 2,Purchased electricity,,,yes,,,,,r345_raízen公司_Scope 2_207,,32,item-1338-raizen-rs24-25-en-d11.pdf,,,
energy_00208,r346_dow,,,DOW,Scope 1,Fuel or site energy consumption,,,,,,,,r346_dow_Scope 1_208,,117,DOW-2024-progress-report.pdf,,,
energy_00209,r346_dow,,,DOW,Scope 2,Purchased electricity,,,yes,,,,,r346_dow_Scope 2_209,,115,DOW-2024-progress-report.pdf,,,
energy_00210,r349_fomentoeconómicomexicano公司,,,Fomento Económico Mexicano,Scope 1,Fuel or site energy consumption,,,,,,,,r349_fomentoeconómicomexicano公司_Scope 1_210,,142,FEMSA_2024_Annual_Report.pdf,,,
energy_00211,r349_fomentoeconómicomexicano公司,,,Fomento Económico Mexicano,Scope 2,Purchased electricity,,,yes,,,,,r349_fomentoeconómicomexicano公司_Scope 2_211,,150,FEMSA_2024_Annual_Report.pdf,,,
energy_00212,r350_telefónica,,,TELEFÓNICA,Scope 1,Fuel or site energy consumption,,,,,,,,r350_telefónica_Scope 1_212,,206,2024TELEFÓNICA consolidated-management-report.pdf,,,
energy_00213,r350_telefónica,,,TELEFÓNICA,Scope 2,Purchased electricity,,,yes,,,,,r350_telefónica_Scope 2_213,,206,2024TELEFÓNICA consolidated-management-report.pdf,,,
energy_00214,r350_telefónica,,,TELEFÓNICA,Scope 2,Purchased electricity,,,yes,,,,,r350_telefónica_Scope 2_214,,206,2024TELEFÓNICA consolidated-management-report.pdf,,,
energy_00215,r352_bestbuy,,,BEST BUY,Scope 1,Fuel or site energy consumption,,,,,,,,r352_bestbuy_Scope 1_215,,59,BestBuy-CRS-Report-2025.pdf,,,
energy_00216,r352_bestbuy,,,BEST BUY,Scope 2,Purchased electricity,,,yes,,,,,r352_bestbuy_Scope 2_216,,59,BestBuy-CRS-Report-2025.pdf,,,
energy_00217,r352_bestbuy,,,BEST BUY,Scope 2,Purchased electricity,,,yes,,,,,r352_bestbuy_Scope 2_217,,59,BestBuy-CRS-Report-2025.pdf,,,
energy_00218,r356_thermofisherscientific,,,THERMO FISHER SCIENTIFIC,Scope 1,Fuel or site energy consumption,,,,,,,,r356_thermofisherscientific_Scope 1_218,,65,2023-THERMO FISHER SCIENTIFIC-CSR-Report.pdf,,,
energy_00219,r357_magnainternational,,,MAGNA INTERNATIONAL,Scope 1,Fuel or site energy consumption,,,,,,,,r357_magnainternational_Scope 1_219,,99,101227_magna_sustainabilityreport_fy2024_final_cda.pdf,,,
energy_00220,r357_magnainternational,,,MAGNA INTERNATIONAL,Scope 2,Purchased electricity,,,yes,,,,,r357_magnainternational_Scope 2_220,,99,101227_magna_sustainabilityreport_fy2024_final_cda.pdf,,,
energy_00221,r359_massachusettsmutuallifeinsurance,,,MASSACHUSETTS MUTUAL LIFE INSURANCE,Scope 2,Purchased electricity,,,yes,,,,,r359_massachusettsmutuallifeinsurance_Scope 2_221,,18,2024-MASSACHUSETTS MUTUAL LIFE INSURANCE-sustainabilityreport.pdf,,,
energy_00222,r365_travelers公司,,,Travelers,Scope 1,Fuel or site energy consumption,,,,,,,,r365_travelers公司_Scope 1_222,,78,Travelers_SustainabilityReport2024.pdf,,,
energy_00223,r374_lufthansagroup,,,LUFTHANSA GROUP,Scope 1,Fuel or site energy consumption,,,,,,,,r374_lufthansagroup_Scope 1_223,,163,LH-AR-2024-e.pdf,,,
energy_00224,r374_lufthansagroup,,,LUFTHANSA GROUP,Scope 2,Purchased electricity,,,yes,,,,,r374_lufthansagroup_Scope 2_224,,163,LH-AR-2024-e.pdf,,,
energy_00225,r376_abbottlaboratories,,,ABBOTT LABORATORIES,Scope 1,Fuel or site energy consumption,,,,,,,,r376_abbottlaboratories_Scope 1_225,,13,Abbott-2024-Global-Sustainability-Report-June-2025.pdf,,,
energy_00226,r376_abbottlaboratories,,,ABBOTT LABORATORIES,Scope 2,Purchased electricity,,,yes,,,,,r376_abbottlaboratories_Scope 2_226,,47,Abbott-2024-Global-Sustainability-Report-June-2025.pdf,,,
energy_00227,r376_abbottlaboratories,,,ABBOTT LABORATORIES,Scope 2,Purchased electricity,,,yes,,,,,r376_abbottlaboratories_Scope 2_227,,55,Abbott-2024-Global-Sustainability-Report-June-2025.pdf,,,
energy_00228,r387_schneiderelectric,,,SCHNEIDER ELECTRIC,Scope 1,Fuel or site energy consumption,,,,,,,,r387_schneiderelectric_Scope 1_228,,44,2024-SCHNEIDER ELECTRIC-sustainability-report_tcm564-513141.pdf,,,
energy_00229,r392_coop集团,,,Coop,Scope 1,Fuel or site energy consumption,,,,,,,,r392_coop集团_Scope 1_229,,78,COOP GROUP Fortschrittsbericht-Nachhaltigkeit-2024_en.pdf,,,
energy_00230,r392_coop集团,,,Coop,Scope 2,Purchased electricity,,,yes,,,,,r392_coop集团_Scope 2_230,,79,COOP GROUP Fortschrittsbericht-Nachhaltigkeit-2024_en.pdf,,,
energy_00231,r395_pbfenergy公司,,,PBF Energy,Scope 1,Fuel or site energy consumption,,,,,,,,r395_pbfenergy公司_Scope 1_231,,28,2024-PBF-Sustainability-Report.pdf,,,
energy_00232,r395_pbfenergy公司,,,PBF Energy,Scope 2,Purchased electricity,,,yes,,,,,r395_pbfenergy公司_Scope 2_232,,9,2024-PBF-Sustainability-Report.pdf,,,
energy_00233,r397_xiaomi,,,XIAOMI,Scope 1,Fuel or site energy consumption,,,,,,,,r397_xiaomi_Scope 1_233,,85,"Xiaomi 2023 Environmental, Social, and Governance Report.pdf",,,
energy_00234,r400_gsk,,,GSK,Scope 1,Fuel or site energy consumption,,,,,,,,r400_gsk_Scope 1_234,,24,GSK-responsible-business-performance-report-2024.pdf,,,
energy_00235,r401_suncorenergy,,,SUNCOR ENERGY,Scope 1,Fuel or site energy consumption,,,,,,,,r401_suncorenergy_Scope 1_235,,74,2023_SUNCOR ENERGY_sustainability_report.pdf,,,
energy_00236,r401_suncorenergy,,,SUNCOR ENERGY,Scope 2,Purchased electricity,,,yes,,,,,r401_suncorenergy_Scope 2_236,,74,2023_SUNCOR ENERGY_sustainability_report.pdf,,,
energy_00237,r403_ubertechnologies公司,,,Uber Technologies,Scope 1,Fuel or site energy consumption,,,,,,,,r403_ubertechnologies公司_Scope 1_237,,55,uber-technologies-inc-2023-esg-report.pdf,,,
energy_00238,r403_ubertechnologies公司,,,Uber Technologies,Scope 2,Purchased electricity,,,yes,,,,,r403_ubertechnologies公司_Scope 2_238,,55,uber-technologies-inc-2023-esg-report.pdf,,,
energy_00239,r413_honeywellinternational,,,HONEYWELL INTERNATIONAL,Scope 1,Fuel or site energy consumption,,,,,,,,r413_honeywellinternational_Scope 1_239,,17,HONEYWELL INTERNATIONAL-2025-impact-report.pdf,,,
energy_00240,r413_honeywellinternational,,,HONEYWELL INTERNATIONAL,Scope 2,Purchased electricity,,,yes,,,,,r413_honeywellinternational_Scope 2_240,,61,HONEYWELL INTERNATIONAL-2025-impact-report.pdf,,,
energy_00241,r415_sfholding,,,S.F. HOLDING,Scope 1,Fuel or site energy consumption,,,,,,,,r415_sfholding_Scope 1_241,,86,顺丰控股2024年度可持续发展报告.pdf,,,
energy_00242,r421_jardinematheson,,,JARDINE MATHESON,Scope 1,Fuel or site energy consumption,,,,,,,,r421_jardinematheson_Scope 1_242,,92,2024_JARDINE MATHESON_sustainability_report.pdf,,,
energy_00243,r421_jardinematheson,,,JARDINE MATHESON,Scope 2,Purchased electricity,,,yes,,,,,r421_jardinematheson_Scope 2_243,,30,2024_JARDINE MATHESON_sustainability_report.pdf,,,
energy_00244,r425_olamgroup,,,OLAM GROUP,Scope 2,Purchased electricity,,,yes,,,,,r425_olamgroup_Scope 2_244,,99,OLAM GROUP_annual_report_2024.pdf,,,
energy_00245,r427_broadcom,,,BROADCOM,Scope 1,Fuel or site energy consumption,,,,,,,,r427_broadcom_Scope 1_245,,61,broadcom-2024-corpresponsibility-final.pdf,,,
energy_00246,r427_broadcom,,,BROADCOM,Scope 2,Purchased electricity,,,yes,,,,,r427_broadcom_Scope 2_246,,61,broadcom-2024-corpresponsibility-final.pdf,,,
energy_00247,r427_broadcom,,,BROADCOM,Scope 2,Purchased electricity,,,yes,,,,,r427_broadcom_Scope 2_247,,61,broadcom-2024-corpresponsibility-final.pdf,,,
energy_00248,r431_elo集团,,,ELO,Scope 1,Fuel or site energy consumption,,,,,,,,r431_elo集团_Scope 1_248,,143,RFA_ELO_2024_EN-1.pdf,,,
energy_00249,r431_elo集团,,,ELO,Scope 2,Purchased electricity,,,yes,,,,,r431_elo集团_Scope 2_249,,143,RFA_ELO_2024_EN-1.pdf,,,
energy_00250,r434_drhorton公司,,,D.R. Horton,Scope 1,Fuel or site energy consumption,,,,,,,,r434_drhorton公司_Scope 1_250,,77,d-r-horton-inc-fy2024-sustainability-report.pdf,,,
energy_00251,r434_drhorton公司,,,D.R. Horton,Scope 2,Purchased electricity,,,yes,,,,,r434_drhorton公司_Scope 2_251,,77,d-r-horton-inc-fy2024-sustainability-report.pdf,,,
energy_00252,r443_crh公司,,,CRH,Scope 1,Fuel or site energy consumption,,,,,,,,r443_crh公司_Scope 1_252,,108,crh-2024-sustainability-performance-report_final_interactive-1.pdf,,,
energy_00253,r445_salesforce,,,SALESFORCE,Scope 1,Fuel or site energy consumption,,,,,,,,r445_salesforce_Scope 1_253,,93,salesforce-fy24-stakeholder-impact-report.pdf,,,
energy_00254,r445_salesforce,,,SALESFORCE,Scope 2,Purchased electricity,,,yes,,,,,r445_salesforce_Scope 2_254,,99,salesforce-fy24-stakeholder-impact-report.pdf,,,
energy_00255,r449_nationalaustraliabank,,,NATIONAL AUSTRALIA BANK,Scope 1,Fuel or site energy consumption,,,,,,,,r449_nationalaustraliabank_Scope 1_255,,41,2024-NATIONAL AUSTRALIA BANK-climate-report.pdf,,,
energy_00256,r449_nationalaustraliabank,,,NATIONAL AUSTRALIA BANK,Scope 2,Purchased electricity,,,yes,,,,,r449_nationalaustraliabank_Scope 2_256,,104,2024-NATIONAL AUSTRALIA BANK-climate-report.pdf,,,
energy_00257,r450_sap公司,,,SAP,Scope 2,Purchased electricity,,,yes,,,,,r450_sap公司_Scope 2_257,,164,SAP integrated_report2024.pdf,,,
energy_00258,r450_sap公司,,,SAP,Scope 1,Fuel or site energy consumption,,,,,,,,r450_sap公司_Scope 1_258,,339,SAP integrated_report2024.pdf,,,
energy_00259,r455_elililly,,,ELI LILLY,Scope 1,Fuel or site energy consumption,,,,,,,,r455_elililly_Scope 1_259,,17,2024_ELI LILLY-SustainabilityReport-20251020_FINAL.pdf,,,
energy_00260,r456_koreagas,,,KOREA GAS,Scope 1,Fuel or site energy consumption,,,,,,,,r456_koreagas_Scope 1_260,,120,KOGAS 2025 SUSTAINABILITY REPORT(A4).pdf,,,
energy_00261,r456_koreagas,,,KOREA GAS,Scope 2,Purchased electricity,,,yes,,,,,r456_koreagas_Scope 2_261,,120,KOGAS 2025 SUSTAINABILITY REPORT(A4).pdf,,,
energy_00262,r464_britishamericantobacco,,,BRITISH AMERICAN TOBACCO,Scope 1,Fuel or site energy consumption,,,,,,,,r464_britishamericantobacco_Scope 1_262,,140,BRITISH AMERICAN TOBACCO_Annual_Report_on_Form_20-F_2024.pdf,,,
energy_00263,r464_britishamericantobacco,,,BRITISH AMERICAN TOBACCO,Scope 2,Purchased electricity,,,yes,,,,,r464_britishamericantobacco_Scope 2_263,,140,BRITISH AMERICAN TOBACCO_Annual_Report_on_Form_20-F_2024.pdf,,,
energy_00264,r466_bankofnewyorkmellon,,,BANK OF NEW YORK MELLON,Scope 1,Fuel or site energy consumption,,,,,,,,r466_bankofnewyorkmellon_Scope 1_264,,63,2023-BANK OF NEW YORK MELLON sustainability-report.pdf,,,
energy_00265,r466_bankofnewyorkmellon,,,BANK OF NEW YORK MELLON,Scope 2,Purchased electricity,,,yes,,,,,r466_bankofnewyorkmellon_Scope 2_265,,63,2023-BANK OF NEW YORK MELLON sustainability-report.pdf,,,
energy_00266,r478_siemensenergy,,,SIEMENS ENERGY,Scope 1,Fuel or site energy consumption,,,,,,,,r478_siemensenergy_Scope 1_266,,85,SIEMENS ENERGY-sustainability-report-2024-pdf_Original%20file.pdf,,,
energy_00267,r480_ecopetrol,,,ECOPETROL,Scope 1,Fuel or site energy consumption,,,,,,,,r480_ecopetrol_Scope 1_267,,395,2024-ECOPETROL-integrated-management-report.pdf,,,
energy_00268,r480_ecopetrol,,,ECOPETROL,Scope 2,Purchased electricity,,,yes,,,,,r480_ecopetrol_Scope 2_268,,297,2024-ECOPETROL-integrated-management-report.pdf,,,
energy_00269,r480_ecopetrol,,,ECOPETROL,Scope 2,Purchased electricity,,,yes,,,,,r480_ecopetrol_Scope 2_269,,297,2024-ECOPETROL-integrated-management-report.pdf,,,
energy_00270,r481_arrowelectronics,,,ARROW ELECTRONICS,Scope 2,Purchased electricity,,,yes,,,,,r481_arrowelectronics_Scope 2_270,,80,2024-ARROW ELECTRONICS-Corporate-Stewardship-and-Impact-Report-1.pdf,,,
energy_00271,r482_jerónimomartins公司,,,Jerónimo Martins,Scope 1,Fuel or site energy consumption,,,,,,,,r482_jerónimomartins公司_Scope 1_271,,184,Jerónimo Martins公司-nfr-corporate-responsibility-jeronimomartins-ar24.pdf,,,
energy_00272,r484_commonwealthbankofaustralia,,,COMMONWEALTH BANK OF AUSTRALIA,Scope 1,Fuel or site energy consumption,,,,,,,,r484_commonwealthbankofaustralia_Scope 1_272,,39,COMMONWEALTH BANK OF AUSTRALIA-2024-Climate-Report.pdf,,,
energy_00273,r484_commonwealthbankofaustralia,,,COMMONWEALTH BANK OF AUSTRALIA,Scope 2,Purchased electricity,,,yes,,,,,r484_commonwealthbankofaustralia_Scope 2_273,,64,COMMONWEALTH BANK OF AUSTRALIA-2024-Climate-Report.pdf,,,
energy_00274,r486_linde,,,LINDE,Scope 1,Fuel or site energy consumption,,,,,,,,r486_linde_Scope 1_274,,99,2024-LINDE-sustainable-development-report.pdf,,,
energy_00275,r486_linde,,,LINDE,Scope 2,Purchased electricity,,,yes,,,,,r486_linde_Scope 2_275,,59,2024-LINDE-sustainable-development-report.pdf,,,
energy_00276,r487_heineken,,,HEINEKEN,Scope 2,Purchased electricity,,,yes,,,,,r487_heineken_Scope 2_276,,177,heineken_n_v_annual_report_2024_final_20feb2025.pdf,,,
energy_00277,r498_瑞士abb集团,,,ABB,Scope 1,Fuel or site energy consumption,,,,,,,,r498_瑞士abb集团_Scope 1_277,,36,ABB Sustainability Statement 2024.pdf,,,
