batch_id,batch_sequence,retrieval_task_id,世界500强排名,企业ID,企业名称（中文）,Company Name (EN),国家/地区,行业,批次类型,当前诊断类型,优先级,建议检索路线,Suggested retrieval route (EN),建议报告类型,Preferred report family (EN),建议年度窗口,Target year window (EN),中文检索式包,English query pack,Local-language query pack,预期标题关键词,当前误命中候选文件,当前误命中别名,当前seed误命中报告类型,当前seed误命中年份,诊断信号,Diagnostic signals (EN),验收规则,闭环动作,执行状态,检索人,检索日期,检索结果,定位文件名,定位路径或URL,是否已写回override,批次备注
world500_retrieval_batch_01,1,world500_retrieval_batch_01__r003_stategrid,3,r003_stategrid,国家电网有限公司,STATE GRID,中国,公用设施,高优先补采,值得二次检索补库,high,先回查原始下载台账与文件转存目录，再查集团官网的ESG/可持续发展/社会责任/年度报告栏目；必要时补查国资委、交易所或集团新闻中心。,"Re-check the original download ledger and transfer directory first, then search the parent group's ESG/sustainability/CSR/annual-report pages; use SASAC, exchange, or group news pages as fallback.",优先检索ESG报告、可持续发展报告、社会责任报告，其次检索年度报告或集团年鉴。,"Prioritize ESG, sustainability, and corporate social responsibility reports; use annual reports or group yearbooks as fallback.",优先 2024，若官网仅发布更新版则接受 2025；若近两年缺失则回退 2023。,Prioritize 2024; accept 2025 if that is the latest official release; fall back to 2023 if recent years are unavailable.,"""国家电网有限公司"" ESG 报告 PDF | ""国家电网有限公司"" 可持续发展报告 PDF | ""国家电网有限公司"" 社会责任报告 PDF | ""国家电网有限公司"" 年度报告 PDF | ""国网"" ESG 报告 PDF","""STATE GRID"" sustainability report pdf | ""STATE GRID"" ESG report pdf | ""STATE GRID"" annual report pdf | ""STATE GRID"" climate report pdf | ""SGCC"" sustainability report pdf",,国家电网有限公司 / STATE GRID / 国网 / SGCC / ESG / 可持续发展 / 社会责任 / sustainability / annual report / climate report / integrated report / 责任报告 / 年报,2024_ALLSTATE SustainabilityReport_FINAL.pdf,state,sustainability_report,2024,名单字段已标注报告下载状态：P；seed 阶段出现过候选命中：seed_review_needed，seed 候选文件为 2024_ALLSTATE SustainabilityReport_FINAL.pdf；当前候选池仍有 7 个近似候选项；当前 best_match_score=13,Registry download-status field is populated: P; Seed stage produced a candidate hit: seed_review_needed; seed candidate file: 2024_ALLSTATE SustainabilityReport_FINAL.pdf; Current candidate pool still contains 7 approximate candidates; Current best_match_score=13,仅接受封面、目录页或发行主体明确指向“国家电网有限公司 / STATE GRID”母公司的正式主报告；若仅发现子公司、上市平台、附录、数据包或业务单元材料，不得直接写回 override。,找到母公司主报告后：1）补入源目录；2）在 world500_match_override.csv 写入 confirmed；3）依次重跑 build_world500_report_catalog.py、build_world500_unmatched_diagnosis.py、generate_world500_review_queue.py、build_world500_progress_report.py。,official_related_report_only,Codex,2026-04-15,已发现国家电网系统内官方专题报告与省级公司责任报告线索，但尚未拿到可安全归属国家电网母公司的年度主报告。,,,no,已检到国家电网系统官方《服务新能源发展报告2025》及省级公司责任报告，但仍非国家电网有限公司母公司年度主报告。
world500_retrieval_batch_01,2,world500_retrieval_batch_01__r022_industrialandcommercialbankofchina,22,r022_industrialandcommercialbankofchina,中国工商银行股份有限公司,INDUSTRIAL & COMMERCIAL BANK OF CHINA,中国,银行：商业储蓄,高优先补采,值得二次检索补库,high,先回查原始下载台账与文件转存目录，再查集团官网的ESG/可持续发展/社会责任/年度报告栏目；必要时补查国资委、交易所或集团新闻中心。,"Re-check the original download ledger and transfer directory first, then search the parent group's ESG/sustainability/CSR/annual-report pages; use SASAC, exchange, or group news pages as fallback.",优先检索可持续发展报告、ESG报告、气候信息披露/TCFD报告，其次检索年度报告或综合报告。,"Prioritize sustainability reports, ESG reports, and climate/TCFD reports; use annual or integrated reports as fallback.",优先 2024，若官网仅发布更新版则接受 2025；若近两年缺失则回退 2023。,Prioritize 2024; accept 2025 if that is the latest official release; fall back to 2023 if recent years are unavailable.,"""中国工商银行股份有限公司"" ESG 报告 PDF | ""中国工商银行股份有限公司"" 可持续发展报告 PDF | ""中国工商银行股份有限公司"" TCFD 报告 PDF | ""中国工商银行股份有限公司"" 社会责任报告 PDF | ""中国工商银行股份有限公司"" 年度报告 PDF","""INDUSTRIAL & COMMERCIAL BANK OF CHINA"" sustainability report pdf | ""INDUSTRIAL & COMMERCIAL BANK OF CHINA"" ESG report pdf | ""INDUSTRIAL & COMMERCIAL BANK OF CHINA"" TCFD report pdf | ""INDUSTRIAL & COMMERCIAL BANK OF CHINA"" annual report pdf | ""INDUSTRIAL & COMMERCIAL BANK OF CHINA"" climate report pdf",,中国工商银行股份有限公司 / INDUSTRIAL & COMMERCIAL BANK OF CHINA / 工行 / ICBC / ESG / 可持续发展 / 社会责任 / sustainability / annual report / climate report / integrated report / TCFD / 气候信息披露 / 责任报告 / 年报,2023-BANK OF NEW YORK MELLON sustainability-report.pdf,bank,sustainability_report,2023,名单字段已标注报告下载状态：P；seed 阶段出现过候选命中：seed_review_needed，seed 候选文件为 2023-BANK OF NEW YORK MELLON sustainability-report.pdf；当前候选池仍有 40 个近似候选项；当前 best_match_score=13,Registry download-status field is populated: P; Seed stage produced a candidate hit: seed_review_needed; seed candidate file: 2023-BANK OF NEW YORK MELLON sustainability-report.pdf; Current candidate pool still contains 40 approximate candidates; Current best_match_score=13,仅接受封面、目录页或发行主体明确指向“中国工商银行股份有限公司 / INDUSTRIAL & COMMERCIAL BANK OF CHINA”母公司的正式主报告；若仅发现子公司、上市平台、附录、数据包或业务单元材料，不得直接写回 override。,找到母公司主报告后：1）补入源目录；2）在 world500_match_override.csv 写入 confirmed；3）依次重跑 build_world500_report_catalog.py、build_world500_unmatched_diagnosis.py、generate_world500_review_queue.py、build_world500_progress_report.py。,confirmed_local_override,Codex,2026-04-15,已通过官方直链补采并在本地确认 ICBC 2024 母公司可持续发展报告，已写回 override。,ICBC_2024_Sustainability_Report.pdf,C:\Users\lenovo\Desktop\一些任务\董敬轩\知识图谱\2024世界500强及碳中和报告\2024世界500强及碳中和报告\ICBC_2024_Sustainability_Report.pdf,yes,官方页面和下载 PDF 均明确主体为 Industrial and Commercial Bank of China Limited。
world500_retrieval_batch_01,3,world500_retrieval_batch_01__r030_chinaconstructionbank,30,r030_chinaconstructionbank,中国建设银行股份有限公司,CHINA CONSTRUCTION BANK,中国,银行：商业储蓄,高优先补采,值得二次检索补库,high,先回查原始下载台账与文件转存目录，再查集团官网的ESG/可持续发展/社会责任/年度报告栏目；必要时补查国资委、交易所或集团新闻中心。,"Re-check the original download ledger and transfer directory first, then search the parent group's ESG/sustainability/CSR/annual-report pages; use SASAC, exchange, or group news pages as fallback.",优先检索可持续发展报告、ESG报告、气候信息披露/TCFD报告，其次检索年度报告或综合报告。,"Prioritize sustainability reports, ESG reports, and climate/TCFD reports; use annual or integrated reports as fallback.",优先 2024，若官网仅发布更新版则接受 2025；若近两年缺失则回退 2023。,Prioritize 2024; accept 2025 if that is the latest official release; fall back to 2023 if recent years are unavailable.,"""中国建设银行股份有限公司"" ESG 报告 PDF | ""中国建设银行股份有限公司"" 可持续发展报告 PDF | ""中国建设银行股份有限公司"" TCFD 报告 PDF | ""中国建设银行股份有限公司"" 社会责任报告 PDF | ""中国建设银行股份有限公司"" 年度报告 PDF","""CHINA CONSTRUCTION BANK"" sustainability report pdf | ""CHINA CONSTRUCTION BANK"" ESG report pdf | ""CHINA CONSTRUCTION BANK"" TCFD report pdf | ""CHINA CONSTRUCTION BANK"" annual report pdf | ""CHINA CONSTRUCTION BANK"" climate report pdf",,中国建设银行股份有限公司 / CHINA CONSTRUCTION BANK / 建行 / CCB / ESG / 可持续发展 / 社会责任 / sustainability / annual report / climate report / integrated report / TCFD / 气候信息披露 / 责任报告 / 年报,2023-BANK OF NEW YORK MELLON sustainability-report.pdf,bank,sustainability_report,2023,名单字段已标注报告下载状态：P；seed 阶段出现过候选命中：seed_review_needed，seed 候选文件为 2023-BANK OF NEW YORK MELLON sustainability-report.pdf；当前候选池仍有 8 个近似候选项；当前 best_match_score=13,Registry download-status field is populated: P; Seed stage produced a candidate hit: seed_review_needed; seed candidate file: 2023-BANK OF NEW YORK MELLON sustainability-report.pdf; Current candidate pool still contains 8 approximate candidates; Current best_match_score=13,仅接受封面、目录页或发行主体明确指向“中国建设银行股份有限公司 / CHINA CONSTRUCTION BANK”母公司的正式主报告；若仅发现子公司、上市平台、附录、数据包或业务单元材料，不得直接写回 override。,找到母公司主报告后：1）补入源目录；2）在 world500_match_override.csv 写入 confirmed；3）依次重跑 build_world500_report_catalog.py、build_world500_unmatched_diagnosis.py、generate_world500_review_queue.py、build_world500_progress_report.py。,confirmed_local_override,Codex,2026-04-15,已通过官方直链补采并在本地确认 CCB 2024 母公司可持续发展报告，已写回 override。,CCB_2024_Sustainability_Report.pdf,C:\Users\lenovo\Desktop\一些任务\董敬轩\知识图谱\2024世界500强及碳中和报告\2024世界500强及碳中和报告\CCB_2024_Sustainability_Report.pdf,yes,第 2-4 页明确主体为 China Construction Bank Corporation，且说明年度 CSR 报告更名为 Sustainability Report。
world500_retrieval_batch_01,4,world500_retrieval_batch_01__r043_chinarailwayconstruction,43,r043_chinarailwayconstruction,中国铁道建筑集团有限公司,CHINA RAILWAY CONSTRUCTION,中国,工程与建筑,高优先补采,值得二次检索补库,high,先回查原始下载台账与文件转存目录，再查集团官网的ESG/可持续发展/社会责任/年度报告栏目；必要时补查国资委、交易所或集团新闻中心。,"Re-check the original download ledger and transfer directory first, then search the parent group's ESG/sustainability/CSR/annual-report pages; use SASAC, exchange, or group news pages as fallback.",优先检索ESG报告、可持续发展报告、社会责任报告，其次检索年度报告或集团年鉴。,"Prioritize ESG, sustainability, and corporate social responsibility reports; use annual reports or group yearbooks as fallback.",优先 2024，若官网仅发布更新版则接受 2025；若近两年缺失则回退 2023。,Prioritize 2024; accept 2025 if that is the latest official release; fall back to 2023 if recent years are unavailable.,"""中国铁道建筑集团有限公司"" ESG 报告 PDF | ""中国铁道建筑集团有限公司"" 可持续发展报告 PDF | ""中国铁道建筑集团有限公司"" 社会责任报告 PDF | ""中国铁道建筑集团有限公司"" 年度报告 PDF | ""中国铁建"" ESG 报告 PDF","""CHINA RAILWAY CONSTRUCTION"" sustainability report pdf | ""CHINA RAILWAY CONSTRUCTION"" ESG report pdf | ""CHINA RAILWAY CONSTRUCTION"" annual report pdf | ""CHINA RAILWAY CONSTRUCTION"" climate report pdf | ""CRCC"" sustainability report pdf",,中国铁道建筑集团有限公司 / CHINA RAILWAY CONSTRUCTION / 中国铁建 / CRCC / ESG / 可持续发展 / 社会责任 / sustainability / annual report / climate report / integrated report / 责任报告 / 年报,2024-CHINA VANKE-sustainability-report.pdf,china,sustainability_report,2024,名单字段已标注报告下载状态：P；seed 阶段出现过候选命中：seed_review_needed，seed 候选文件为 2024-CHINA VANKE-sustainability-report.pdf；当前候选池仍有 1 个近似候选项；当前 best_match_score=13,Registry download-status field is populated: P; Seed stage produced a candidate hit: seed_review_needed; seed candidate file: 2024-CHINA VANKE-sustainability-report.pdf; Current candidate pool still contains 1 approximate candidates; Current best_match_score=13,仅接受封面、目录页或发行主体明确指向“中国铁道建筑集团有限公司 / CHINA RAILWAY CONSTRUCTION”母公司的正式主报告；若仅发现子公司、上市平台、附录、数据包或业务单元材料，不得直接写回 override。,找到母公司主报告后：1）补入源目录；2）在 world500_match_override.csv 写入 confirmed；3）依次重跑 build_world500_report_catalog.py、build_world500_unmatched_diagnosis.py、generate_world500_review_queue.py、build_world500_progress_report.py。,listed_company_report_found_not_parent,Codex,2026-04-15,已定位到上市主体 China Railway Construction Corporation Limited 的 2024 年报和可持续发展报告，但主体边界仍不同于母集团。,33812651.pdf,C:\Users\lenovo\Desktop\一些任务\董敬轩\知识图谱\2024世界500强及碳中和报告\2024世界500强及碳中和报告\33812651.pdf,no,33812651.pdf 已确认是 China Railway Construction Corporation Limited Annual Sustainability Report 2024，但当前目标实体是中国铁道建筑集团有限公司，暂不硬配。
world500_retrieval_batch_01,5,world500_retrieval_batch_01__r056_chinanationaloffshoreoil,56,r056_chinanationaloffshoreoil,中国海洋石油集团有限公司,CHINA NATIONAL OFFSHORE OIL,中国,采矿、原油生产,高优先补采,值得二次检索补库,high,先回查原始下载台账与文件转存目录，再查集团官网的ESG/可持续发展/社会责任/年度报告栏目；必要时补查国资委、交易所或集团新闻中心。,"Re-check the original download ledger and transfer directory first, then search the parent group's ESG/sustainability/CSR/annual-report pages; use SASAC, exchange, or group news pages as fallback.",优先检索ESG报告、可持续发展报告、社会责任报告，其次检索年度报告或集团年鉴。,"Prioritize ESG, sustainability, and corporate social responsibility reports; use annual reports or group yearbooks as fallback.",优先 2024，若官网仅发布更新版则接受 2025；若近两年缺失则回退 2023。,Prioritize 2024; accept 2025 if that is the latest official release; fall back to 2023 if recent years are unavailable.,"""中国海洋石油集团有限公司"" ESG 报告 PDF | ""中国海洋石油集团有限公司"" 可持续发展报告 PDF | ""中国海洋石油集团有限公司"" 社会责任报告 PDF | ""中国海洋石油集团有限公司"" 年度报告 PDF | ""中海油"" ESG 报告 PDF","""CHINA NATIONAL OFFSHORE OIL"" sustainability report pdf | ""CHINA NATIONAL OFFSHORE OIL"" ESG report pdf | ""CHINA NATIONAL OFFSHORE OIL"" annual report pdf | ""CHINA NATIONAL OFFSHORE OIL"" climate report pdf | ""CNOOC"" sustainability report pdf",,中国海洋石油集团有限公司 / CHINA NATIONAL OFFSHORE OIL / 中海油 / CNOOC / ESG / 可持续发展 / 社会责任 / sustainability / annual report / climate report / integrated report / 责任报告 / 年报,2024-MONDELEZ INTERNATIONAL-Snacking-Made-Right-ESG-Report.pdf,national,esg_report,2024,名单字段已标注报告下载状态：P；seed 阶段出现过候选命中：seed_review_needed，seed 候选文件为 2024-MONDELEZ INTERNATIONAL-Snacking-Made-Right-ESG-Report.pdf；当前候选池仍有 9 个近似候选项；当前 best_match_score=16,Registry download-status field is populated: P; Seed stage produced a candidate hit: seed_review_needed; seed candidate file: 2024-MONDELEZ INTERNATIONAL-Snacking-Made-Right-ESG-Report.pdf; Current candidate pool still contains 9 approximate candidates; Current best_match_score=16,仅接受封面、目录页或发行主体明确指向“中国海洋石油集团有限公司 / CHINA NATIONAL OFFSHORE OIL”母公司的正式主报告；若仅发现子公司、上市平台、附录、数据包或业务单元材料，不得直接写回 override。,找到母公司主报告后：1）补入源目录；2）在 world500_match_override.csv 写入 confirmed；3）依次重跑 build_world500_report_catalog.py、build_world500_unmatched_diagnosis.py、generate_world500_review_queue.py、build_world500_progress_report.py。,confirmed_local_override,Codex,2026-04-15,已通过官方集团直链补采并在本地确认中国海油集团 2024 社会责任报告，已写回 override。,CNOOC_Group_2024_Social_Responsibility_Report.pdf,C:\Users\lenovo\Desktop\一些任务\董敬轩\知识图谱\2024世界500强及碳中和报告\2024世界500强及碳中和报告\CNOOC_Group_2024_Social_Responsibility_Report.pdf,yes,已下载官方集团 2024 社会责任报告 PDF；前言页列明 2024 报告期、集团官网和集团联络邮箱。
world500_retrieval_batch_01,6,world500_retrieval_batch_01__r069_chinaminmetals,69,r069_chinaminmetals,中国五矿集团有限公司,CHINA MINMETALS,中国,金属产品,高优先补采,值得二次检索补库,high,先回查原始下载台账与文件转存目录，再查集团官网的ESG/可持续发展/社会责任/年度报告栏目；必要时补查国资委、交易所或集团新闻中心。,"Re-check the original download ledger and transfer directory first, then search the parent group's ESG/sustainability/CSR/annual-report pages; use SASAC, exchange, or group news pages as fallback.",优先检索ESG报告、可持续发展报告、社会责任报告，其次检索年度报告或集团年鉴。,"Prioritize ESG, sustainability, and corporate social responsibility reports; use annual reports or group yearbooks as fallback.",优先 2024，若官网仅发布更新版则接受 2025；若近两年缺失则回退 2023。,Prioritize 2024; accept 2025 if that is the latest official release; fall back to 2023 if recent years are unavailable.,"""中国五矿集团有限公司"" ESG 报告 PDF | ""中国五矿集团有限公司"" 可持续发展报告 PDF | ""中国五矿集团有限公司"" 社会责任报告 PDF | ""中国五矿集团有限公司"" 年度报告 PDF | ""五矿"" ESG 报告 PDF","""CHINA MINMETALS"" sustainability report pdf | ""CHINA MINMETALS"" ESG report pdf | ""CHINA MINMETALS"" annual report pdf | ""CHINA MINMETALS"" climate report pdf | ""Minmetals"" sustainability report pdf",,中国五矿集团有限公司 / CHINA MINMETALS / 五矿 / Minmetals / ESG / 可持续发展 / 社会责任 / sustainability / annual report / climate report / integrated report / 责任报告 / 年报,2024-CHINA VANKE-sustainability-report.pdf,china,sustainability_report,2024,名单字段已标注报告下载状态：P；seed 阶段出现过候选命中：seed_review_needed，seed 候选文件为 2024-CHINA VANKE-sustainability-report.pdf；当前候选池仍有 1 个近似候选项；当前 best_match_score=13,Registry download-status field is populated: P; Seed stage produced a candidate hit: seed_review_needed; seed candidate file: 2024-CHINA VANKE-sustainability-report.pdf; Current candidate pool still contains 1 approximate candidates; Current best_match_score=13,仅接受封面、目录页或发行主体明确指向“中国五矿集团有限公司 / CHINA MINMETALS”母公司的正式主报告；若仅发现子公司、上市平台、附录、数据包或业务单元材料，不得直接写回 override。,找到母公司主报告后：1）补入源目录；2）在 world500_match_override.csv 写入 confirmed；3）依次重跑 build_world500_report_catalog.py、build_world500_unmatched_diagnosis.py、generate_world500_review_queue.py、build_world500_progress_report.py。,confirmed_local_override,Codex,2026-04-15,已由人工下载补入本地语料并确认中国五矿 2024 母公司可持续发展报告，已写回 override。,34033037.pdf,C:\Users\lenovo\Desktop\一些任务\董敬轩\知识图谱\2024世界500强及碳中和报告\2024世界500强及碳中和报告\34033037.pdf,yes,已由人工补采成功；封面前几页对应中国五矿 2024 可持续发展报告正文与公司联系方式。
world500_retrieval_batch_01,7,world500_retrieval_batch_01__r078_chinasouthernpowergrid,78,r078_chinasouthernpowergrid,中国南方电网有限责任公司,CHINA SOUTHERN POWER GRID,中国,公用设施,高优先补采,值得二次检索补库,high,先回查原始下载台账与文件转存目录，再查集团官网的ESG/可持续发展/社会责任/年度报告栏目；必要时补查国资委、交易所或集团新闻中心。,"Re-check the original download ledger and transfer directory first, then search the parent group's ESG/sustainability/CSR/annual-report pages; use SASAC, exchange, or group news pages as fallback.",优先检索ESG报告、可持续发展报告、社会责任报告，其次检索年度报告或集团年鉴。,"Prioritize ESG, sustainability, and corporate social responsibility reports; use annual reports or group yearbooks as fallback.",优先 2024，若官网仅发布更新版则接受 2025；若近两年缺失则回退 2023。,Prioritize 2024; accept 2025 if that is the latest official release; fall back to 2023 if recent years are unavailable.,"""中国南方电网有限责任公司"" ESG 报告 PDF | ""中国南方电网有限责任公司"" 可持续发展报告 PDF | ""中国南方电网有限责任公司"" 社会责任报告 PDF | ""中国南方电网有限责任公司"" 年度报告 PDF | ""南方电网"" ESG 报告 PDF","""CHINA SOUTHERN POWER GRID"" sustainability report pdf | ""CHINA SOUTHERN POWER GRID"" ESG report pdf | ""CHINA SOUTHERN POWER GRID"" annual report pdf | ""CHINA SOUTHERN POWER GRID"" climate report pdf | ""CSG"" sustainability report pdf",,中国南方电网有限责任公司 / CHINA SOUTHERN POWER GRID / 南方电网 / CSG / ESG / 可持续发展 / 社会责任 / sustainability / annual report / climate report / integrated report / 责任报告 / 年报,2024-CHINA VANKE-sustainability-report.pdf,china,sustainability_report,2024,名单字段已标注报告下载状态：P；seed 阶段出现过候选命中：seed_review_needed，seed 候选文件为 2024-CHINA VANKE-sustainability-report.pdf；当前候选池仍有 2 个近似候选项；当前 best_match_score=13,Registry download-status field is populated: P; Seed stage produced a candidate hit: seed_review_needed; seed candidate file: 2024-CHINA VANKE-sustainability-report.pdf; Current candidate pool still contains 2 approximate candidates; Current best_match_score=13,仅接受封面、目录页或发行主体明确指向“中国南方电网有限责任公司 / CHINA SOUTHERN POWER GRID”母公司的正式主报告；若仅发现子公司、上市平台、附录、数据包或业务单元材料，不得直接写回 override。,找到母公司主报告后：1）补入源目录；2）在 world500_match_override.csv 写入 confirmed；3）依次重跑 build_world500_report_catalog.py、build_world500_unmatched_diagnosis.py、generate_world500_review_queue.py、build_world500_progress_report.py。,confirmed_local_override,Codex,2026-04-15,已由人工补入本地语料并确认南方电网 2024 母公司企业社会责任报告，已写回 override。,34056978.pdf,C:\Users\lenovo\Desktop\一些任务\董敬轩\知识图谱\2024世界500强及碳中和报告\2024世界500强及碳中和报告\34056978.pdf,yes,前几页明确为《南方电网2024年企业社会责任报告》，并写明这是公司第十八份社会责任报告。
world500_retrieval_batch_01,8,world500_retrieval_batch_01__r114_royalaholddelhaize,114,r114_royalaholddelhaize,皇家阿霍德德尔海兹集团,ROYAL AHOLD DELHAIZE,荷兰,食品店和杂货店,高优先补采,值得二次检索补库,high,以官网可持续发展专区、报告中心和投资者关系页面为主，必要时回查新闻稿与PDF归档目录。,"Use sustainability hubs, report centers, and investor-relations pages first; then fall back to press releases and PDF archive directories.",优先检索sustainability / ESG / climate / integrated report，其次检索annual report。,"Prioritize sustainability / ESG / climate / integrated reports, then use annual reports as fallback.",优先 2024，若官网仅发布更新版则接受 2025；若近两年缺失则回退 2023。,Prioritize 2024; accept 2025 if that is the latest official release; fall back to 2023 if recent years are unavailable.,"""皇家阿霍德德尔海兹集团"" ESG 报告 PDF | ""皇家阿霍德德尔海兹集团"" 可持续发展报告 PDF | ""皇家阿霍德德尔海兹集团"" 社会责任报告 PDF | ""皇家阿霍德德尔海兹集团"" 年度报告 PDF","""ROYAL AHOLD DELHAIZE"" sustainability report pdf | ""ROYAL AHOLD DELHAIZE"" ESG report pdf | ""ROYAL AHOLD DELHAIZE"" annual report pdf | ""ROYAL AHOLD DELHAIZE"" climate report pdf | ""Ahold Delhaize"" sustainability report pdf",,皇家阿霍德德尔海兹集团 / ROYAL AHOLD DELHAIZE / Ahold Delhaize / ESG / 可持续发展 / 社会责任 / sustainability / annual report / climate report / integrated report,ROYAL BANK OF CANADA-RBC-2024-sustainability-report.pdf,royal,sustainability_report,2024,名单字段已标注报告下载状态：P；seed 阶段出现过候选命中：seed_review_needed，seed 候选文件为 ROYAL BANK OF CANADA-RBC-2024-sustainability-report.pdf；当前候选池仍有 1 个近似候选项；当前 best_match_score=13,Registry download-status field is populated: P; Seed stage produced a candidate hit: seed_review_needed; seed candidate file: ROYAL BANK OF CANADA-RBC-2024-sustainability-report.pdf; Current candidate pool still contains 1 approximate candidates; Current best_match_score=13,仅接受封面、目录页或发行主体明确指向“皇家阿霍德德尔海兹集团 / ROYAL AHOLD DELHAIZE”母公司的正式主报告；若仅发现子公司、上市平台、附录、数据包或业务单元材料，不得直接写回 override。,找到母公司主报告后：1）补入源目录；2）在 world500_match_override.csv 写入 confirmed；3）依次重跑 build_world500_report_catalog.py、build_world500_unmatched_diagnosis.py、generate_world500_review_queue.py、build_world500_progress_report.py。,confirmed_local_override,Codex,2026-04-15,已通过官方直链补采并在本地确认 Ahold Delhaize 2024 母公司年度主报告，已写回 override。,Ahold_Delhaize_Annual_Report_2024.pdf,C:\Users\lenovo\Desktop\一些任务\董敬轩\知识图谱\2024世界500强及碳中和报告\2024世界500强及碳中和报告\Ahold_Delhaize_Annual_Report_2024.pdf,yes,封面和合规声明明确主体为 Ahold Delhaize Annual Report 2024，并内含 sustainability statements。
world500_retrieval_batch_01,9,world500_retrieval_batch_01__r149_procterandgamble,149,r149_procterandgamble,宝洁公司,PROCTER & GAMBLE,美国,家居、个人用品,高优先补采,值得二次检索补库,high,以官网可持续发展专区、报告中心和投资者关系页面为主，必要时回查新闻稿与PDF归档目录。,"Use sustainability hubs, report centers, and investor-relations pages first; then fall back to press releases and PDF archive directories.",优先检索sustainability / ESG / climate / integrated report，其次检索annual report。,"Prioritize sustainability / ESG / climate / integrated reports, then use annual reports as fallback.",优先 2024，若官网仅发布更新版则接受 2025；若近两年缺失则回退 2023。,Prioritize 2024; accept 2025 if that is the latest official release; fall back to 2023 if recent years are unavailable.,"""宝洁公司"" ESG 报告 PDF | ""宝洁公司"" 可持续发展报告 PDF | ""宝洁公司"" 社会责任报告 PDF | ""宝洁公司"" 年度报告 PDF | ""宝洁"" ESG 报告 PDF","""PROCTER & GAMBLE"" sustainability report pdf | ""PROCTER & GAMBLE"" ESG report pdf | ""PROCTER & GAMBLE"" annual report pdf | ""PROCTER & GAMBLE"" climate report pdf | ""P&G"" sustainability report pdf",,宝洁公司 / PROCTER & GAMBLE / 宝洁 / P&G / ESG / 可持续发展 / 社会责任 / sustainability / annual report / climate report / integrated report,2024 STANDARD CHARTERED sustainable-finance-impact-report.pdf,and,impact_report,2024,名单字段已标注报告下载状态：P；seed 阶段出现过候选命中：seed_review_needed，seed 候选文件为 2024 STANDARD CHARTERED sustainable-finance-impact-report.pdf；当前候选池仍有 21 个近似候选项；当前 best_match_score=13；review 队列里出现过近似推荐文件：PG_CTAP.pdf,Registry download-status field is populated: P; Seed stage produced a candidate hit: seed_review_needed; seed candidate file: 2024 STANDARD CHARTERED sustainable-finance-impact-report.pdf; Current candidate pool still contains 21 approximate candidates; Current best_match_score=13; Review queue contains a higher-scored approximate recommendation: PG_CTAP.pdf,仅接受封面、目录页或发行主体明确指向“宝洁公司 / PROCTER & GAMBLE”母公司的正式主报告；若仅发现子公司、上市平台、附录、数据包或业务单元材料，不得直接写回 override。,找到母公司主报告后：1）补入源目录；2）在 world500_match_override.csv 写入 confirmed；3）依次重跑 build_world500_report_catalog.py、build_world500_unmatched_diagnosis.py、generate_world500_review_queue.py、build_world500_progress_report.py。,confirmed_local_override,Codex,2026-04-15,已通过官方直链补采并在本地确认 P&G 2024 年报，已写回 override。,PG_2024_Annual_Report.pdf,C:\Users\lenovo\Desktop\一些任务\董敬轩\知识图谱\2024世界500强及碳中和报告\2024世界500强及碳中和报告\PG_2024_Annual_Report.pdf,yes,PG_CTAP.pdf 保留为补充气候材料；正式写回口径改为官方 2024 Annual Report。
world500_retrieval_batch_01,10,world500_retrieval_batch_01__r156_uspostalservice,156,r156_uspostalservice,美国邮政,U.S. POSTAL SERVICE,美国,邮件、包裹及货物包装运输,高优先补采,值得二次检索补库,high,以官网可持续发展专区、报告中心和投资者关系页面为主，必要时回查新闻稿与PDF归档目录。,"Use sustainability hubs, report centers, and investor-relations pages first; then fall back to press releases and PDF archive directories.",优先检索sustainability / ESG / climate / integrated report，其次检索annual report。,"Prioritize sustainability / ESG / climate / integrated reports, then use annual reports as fallback.",优先 2024，若官网仅发布更新版则接受 2025；若近两年缺失则回退 2023。,Prioritize 2024; accept 2025 if that is the latest official release; fall back to 2023 if recent years are unavailable.,"""美国邮政"" ESG 报告 PDF | ""美国邮政"" 可持续发展报告 PDF | ""美国邮政"" 社会责任报告 PDF | ""美国邮政"" 年度报告 PDF","""U.S. POSTAL SERVICE"" sustainability report pdf | ""U.S. POSTAL SERVICE"" ESG report pdf | ""U.S. POSTAL SERVICE"" annual report pdf | ""U.S. POSTAL SERVICE"" climate report pdf | ""USPS"" sustainability report pdf",,美国邮政 / U.S. POSTAL SERVICE / USPS / ESG / 可持续发展 / 社会责任 / sustainability / annual report / climate report / integrated report,(KEPCO)2024SustainabilityReport_Eng.pdf,us,sustainability_report,2024,名单字段已标注报告下载状态：P；seed 阶段出现过候选命中：seed_review_needed，seed 候选文件为 (KEPCO)2024SustainabilityReport_Eng.pdf；当前候选池仍有 137 个近似候选项；当前 best_match_score=13,Registry download-status field is populated: P; Seed stage produced a candidate hit: seed_review_needed; seed candidate file: (KEPCO)2024SustainabilityReport_Eng.pdf; Current candidate pool still contains 137 approximate candidates; Current best_match_score=13,仅接受封面、目录页或发行主体明确指向“美国邮政 / U.S. POSTAL SERVICE”母公司的正式主报告；若仅发现子公司、上市平台、附录、数据包或业务单元材料，不得直接写回 override。,找到母公司主报告后：1）补入源目录；2）在 world500_match_override.csv 写入 confirmed；3）依次重跑 build_world500_report_catalog.py、build_world500_unmatched_diagnosis.py、generate_world500_review_queue.py、build_world500_progress_report.py。,confirmed_local_override,Codex,2026-04-15,已在本地库存确认 USPS 2024 母公司主报告，并写回 override。,usps-impact-report-2024.pdf,C:\Users\lenovo\Desktop\一些任务\董敬轩\知识图谱\2024世界500强及碳中和报告\2024世界500强及碳中和报告\usps-impact-report-2024.pdf,yes,封面和正文明确为 United States Postal Service 的 2024 Impact Report，且说明其为年度可持续披露。
world500_retrieval_batch_01,11,world500_retrieval_batch_01__r171_shenghongholdinggroup,171,r171_shenghongholdinggroup,盛虹控股集团有限公司,SHENGHONG HOLDING GROUP,中国,化学品,高优先补采,值得二次检索补库,high,先回查原始下载台账与文件转存目录，再查集团官网的ESG/可持续发展/社会责任/年度报告栏目；必要时补查国资委、交易所或集团新闻中心。,"Re-check the original download ledger and transfer directory first, then search the parent group's ESG/sustainability/CSR/annual-report pages; use SASAC, exchange, or group news pages as fallback.",优先检索ESG报告、可持续发展报告、社会责任报告，其次检索年度报告或集团年鉴。,"Prioritize ESG, sustainability, and corporate social responsibility reports; use annual reports or group yearbooks as fallback.",优先 2024，若官网仅发布更新版则接受 2025；若近两年缺失则回退 2023。,Prioritize 2024; accept 2025 if that is the latest official release; fall back to 2023 if recent years are unavailable.,"""盛虹控股集团有限公司"" ESG 报告 PDF | ""盛虹控股集团有限公司"" 可持续发展报告 PDF | ""盛虹控股集团有限公司"" 社会责任报告 PDF | ""盛虹控股集团有限公司"" 年度报告 PDF | ""盛虹"" ESG 报告 PDF","""SHENGHONG HOLDING GROUP"" sustainability report pdf | ""SHENGHONG HOLDING GROUP"" ESG report pdf | ""SHENGHONG HOLDING GROUP"" annual report pdf | ""SHENGHONG HOLDING GROUP"" climate report pdf | ""Shenghong"" sustainability report pdf",,盛虹控股集团有限公司 / SHENGHONG HOLDING GROUP / 盛虹 / Shenghong / ESG / 可持续发展 / 社会责任 / sustainability / annual report / climate report / integrated report / 责任报告 / 年报,2023-2024-EMIRATES GROUP-annual-report.pdf,group,annual_report,2023,名单字段已标注报告下载状态：P；seed 阶段出现过候选命中：seed_review_needed，seed 候选文件为 2023-2024-EMIRATES GROUP-annual-report.pdf；当前候选池仍有 46 个近似候选项；当前 best_match_score=13,Registry download-status field is populated: P; Seed stage produced a candidate hit: seed_review_needed; seed candidate file: 2023-2024-EMIRATES GROUP-annual-report.pdf; Current candidate pool still contains 46 approximate candidates; Current best_match_score=13,仅接受封面、目录页或发行主体明确指向“盛虹控股集团有限公司 / SHENGHONG HOLDING GROUP”母公司的正式主报告；若仅发现子公司、上市平台、附录、数据包或业务单元材料，不得直接写回 override。,找到母公司主报告后：1）补入源目录；2）在 world500_match_override.csv 写入 confirmed；3）依次重跑 build_world500_report_catalog.py、build_world500_unmatched_diagnosis.py、generate_world500_review_queue.py、build_world500_progress_report.py。,local_checked_external_needed,Codex,2026-04-15,已完成本地库存核验；未发现可安全归属盛虹控股集团母公司的正式主报告，需继续集团官网补采。,,,no,当前库存未检出盛虹控股集团母公司主报告。
world500_retrieval_batch_01,12,world500_retrieval_batch_01__r220_nipponsteelcorporation,220,r220_nipponsteelcorporation,日本制铁集团公司,NIPPON STEEL CORPORATION,日本,金属产品,高优先补采,值得二次检索补库,high,以官网可持续发展专区、报告中心和投资者关系页面为主，必要时回查新闻稿与PDF归档目录。,"Use sustainability hubs, report centers, and investor-relations pages first; then fall back to press releases and PDF archive directories.",优先检索sustainability / ESG / climate / integrated report，其次检索annual report。,"Prioritize sustainability / ESG / climate / integrated reports, then use annual reports as fallback.",优先 2024，若官网仅发布更新版则接受 2025；若近两年缺失则回退 2023。,Prioritize 2024; accept 2025 if that is the latest official release; fall back to 2023 if recent years are unavailable.,"""日本制铁集团公司"" ESG 报告 PDF | ""日本制铁集团公司"" 可持续发展报告 PDF | ""日本制铁集团公司"" 社会责任报告 PDF | ""日本制铁集团公司"" 年度报告 PDF | ""日本制铁"" ESG 报告 PDF","""NIPPON STEEL CORPORATION"" sustainability report pdf | ""NIPPON STEEL CORPORATION"" ESG report pdf | ""NIPPON STEEL CORPORATION"" annual report pdf | ""NIPPON STEEL CORPORATION"" climate report pdf | ""Nippon Steel"" sustainability report pdf","""NIPPON STEEL CORPORATION"" サステナビリティレポート pdf | ""Nippon Steel"" サステナビリティレポート pdf | ""NIPPON STEEL CORPORATION"" 統合報告書 pdf",日本制铁集团公司 / NIPPON STEEL CORPORATION / 日本制铁 / Nippon Steel / ESG / 可持续发展 / 社会责任 / sustainability / annual report / climate report / integrated report,NIPPON LIFE INSURANCE-2024_Sustainability_Report.pdf,nippon,sustainability_report,2024,名单字段已标注报告下载状态：P；seed 阶段出现过候选命中：seed_review_needed，seed 候选文件为 NIPPON LIFE INSURANCE-2024_Sustainability_Report.pdf；当前候选池仍有 3 个近似候选项；当前 best_match_score=13,Registry download-status field is populated: P; Seed stage produced a candidate hit: seed_review_needed; seed candidate file: NIPPON LIFE INSURANCE-2024_Sustainability_Report.pdf; Current candidate pool still contains 3 approximate candidates; Current best_match_score=13,仅接受封面、目录页或发行主体明确指向“日本制铁集团公司 / NIPPON STEEL CORPORATION”母公司的正式主报告；若仅发现子公司、上市平台、附录、数据包或业务单元材料，不得直接写回 override。,找到母公司主报告后：1）补入源目录；2）在 world500_match_override.csv 写入 confirmed；3）依次重跑 build_world500_report_catalog.py、build_world500_unmatched_diagnosis.py、generate_world500_review_queue.py、build_world500_progress_report.py。,confirmed_local_override,Codex,2026-04-15,已在本地库存确认 Nippon Steel 2023 母公司可持续发展报告，并写回 override。,NIPPON sustainability report2023en.pdf,C:\Users\lenovo\Desktop\一些任务\董敬轩\知识图谱\2024世界500强及碳中和报告\2024世界500强及碳中和报告\NIPPON sustainability report2023en.pdf,yes,封面明确为 Nippon Steel Corporation Sustainability Report 2023，属于允许的 2023 fallback 窗口。
world500_retrieval_batch_01,13,world500_retrieval_batch_01__r232_industrialbank,232,r232_industrialbank,兴业银行股份有限公司,INDUSTRIAL BANK,中国,银行：商业储蓄,高优先补采,值得二次检索补库,high,先回查原始下载台账与文件转存目录，再查集团官网的ESG/可持续发展/社会责任/年度报告栏目；必要时补查国资委、交易所或集团新闻中心。,"Re-check the original download ledger and transfer directory first, then search the parent group's ESG/sustainability/CSR/annual-report pages; use SASAC, exchange, or group news pages as fallback.",优先检索可持续发展报告、ESG报告、气候信息披露/TCFD报告，其次检索年度报告或综合报告。,"Prioritize sustainability reports, ESG reports, and climate/TCFD reports; use annual or integrated reports as fallback.",优先 2024，若官网仅发布更新版则接受 2025；若近两年缺失则回退 2023。,Prioritize 2024; accept 2025 if that is the latest official release; fall back to 2023 if recent years are unavailable.,"""兴业银行股份有限公司"" ESG 报告 PDF | ""兴业银行股份有限公司"" 可持续发展报告 PDF | ""兴业银行股份有限公司"" TCFD 报告 PDF | ""兴业银行股份有限公司"" 社会责任报告 PDF | ""兴业银行股份有限公司"" 年度报告 PDF","""INDUSTRIAL BANK"" sustainability report pdf | ""INDUSTRIAL BANK"" ESG report pdf | ""INDUSTRIAL BANK"" TCFD report pdf | ""INDUSTRIAL BANK"" annual report pdf | ""INDUSTRIAL BANK"" climate report pdf",,兴业银行股份有限公司 / INDUSTRIAL BANK / 兴业银行 / ESG / 可持续发展 / 社会责任 / sustainability / annual report / climate report / integrated report / TCFD / 气候信息披露 / 责任报告 / 年报,2023-BANK OF NEW YORK MELLON sustainability-report.pdf,bank,sustainability_report,2023,名单字段已标注报告下载状态：P；seed 阶段出现过候选命中：seed_review_needed，seed 候选文件为 2023-BANK OF NEW YORK MELLON sustainability-report.pdf；当前候选池仍有 7 个近似候选项；当前 best_match_score=13,Registry download-status field is populated: P; Seed stage produced a candidate hit: seed_review_needed; seed candidate file: 2023-BANK OF NEW YORK MELLON sustainability-report.pdf; Current candidate pool still contains 7 approximate candidates; Current best_match_score=13,仅接受封面、目录页或发行主体明确指向“兴业银行股份有限公司 / INDUSTRIAL BANK”母公司的正式主报告；若仅发现子公司、上市平台、附录、数据包或业务单元材料，不得直接写回 override。,找到母公司主报告后：1）补入源目录；2）在 world500_match_override.csv 写入 confirmed；3）依次重跑 build_world500_report_catalog.py、build_world500_unmatched_diagnosis.py、generate_world500_review_queue.py、build_world500_progress_report.py。,local_checked_external_needed,Codex,2026-04-15,已完成本地库存核验；未发现可安全归属兴业银行母公司的正式主报告，需继续官网/年报中心补采。,,,no,当前库存未检出兴业银行/Industrial Bank 的母公司主报告。
world500_retrieval_batch_01,14,world500_retrieval_batch_01__r233_poscoholdings,233,r233_poscoholdings,浦项制铁控股公司,POSCO HOLDINGS,韩国,金属产品,高优先补采,值得二次检索补库,high,以官网可持续发展专区、报告中心和投资者关系页面为主，必要时回查新闻稿与PDF归档目录。,"Use sustainability hubs, report centers, and investor-relations pages first; then fall back to press releases and PDF archive directories.",优先检索sustainability / ESG / climate / integrated report，其次检索annual report。,"Prioritize sustainability / ESG / climate / integrated reports, then use annual reports as fallback.",优先 2024，若官网仅发布更新版则接受 2025；若近两年缺失则回退 2023。,Prioritize 2024; accept 2025 if that is the latest official release; fall back to 2023 if recent years are unavailable.,"""浦项制铁控股公司"" ESG 报告 PDF | ""浦项制铁控股公司"" 可持续发展报告 PDF | ""浦项制铁控股公司"" 社会责任报告 PDF | ""浦项制铁控股公司"" 年度报告 PDF","""POSCO HOLDINGS"" sustainability report pdf | ""POSCO HOLDINGS"" ESG report pdf | ""POSCO HOLDINGS"" annual report pdf | ""POSCO HOLDINGS"" climate report pdf | ""POSCO"" sustainability report pdf","""POSCO HOLDINGS"" 지속가능경영보고서 pdf | ""POSCO"" 지속가능경영보고서 pdf | ""POSCO HOLDINGS"" 통합보고서 pdf",浦项制铁控股公司 / POSCO HOLDINGS / POSCO / ESG / 可持续发展 / 社会责任 / sustainability / annual report / climate report / integrated report,2024_SOMPO HOLDINGS_sustainability_report.pdf,holdings,sustainability_report,2024,名单字段已标注报告下载状态：P；seed 阶段出现过候选命中：seed_review_needed，seed 候选文件为 2024_SOMPO HOLDINGS_sustainability_report.pdf；当前候选池仍有 9 个近似候选项；当前 best_match_score=16,Registry download-status field is populated: P; Seed stage produced a candidate hit: seed_review_needed; seed candidate file: 2024_SOMPO HOLDINGS_sustainability_report.pdf; Current candidate pool still contains 9 approximate candidates; Current best_match_score=16,仅接受封面、目录页或发行主体明确指向“浦项制铁控股公司 / POSCO HOLDINGS”母公司的正式主报告；若仅发现子公司、上市平台、附录、数据包或业务单元材料，不得直接写回 override。,找到母公司主报告后：1）补入源目录；2）在 world500_match_override.csv 写入 confirmed；3）依次重跑 build_world500_report_catalog.py、build_world500_unmatched_diagnosis.py、generate_world500_review_queue.py、build_world500_progress_report.py。,local_checked_external_needed,Codex,2026-04-15,已完成本地库存核验；未发现可安全归属 POSCO Holdings 母公司的正式主报告，需继续官网/IR 补采。,,,no,当前库存未检出 POSCO Holdings 母公司主报告。
world500_retrieval_batch_01,15,world500_retrieval_batch_01__r256_statepowerinvestment,256,r256_statepowerinvestment,国家电力投资集团有限公司,STATE POWER INVESTMENT,中国,能源,高优先补采,值得二次检索补库,high,先回查原始下载台账与文件转存目录，再查集团官网的ESG/可持续发展/社会责任/年度报告栏目；必要时补查国资委、交易所或集团新闻中心。,"Re-check the original download ledger and transfer directory first, then search the parent group's ESG/sustainability/CSR/annual-report pages; use SASAC, exchange, or group news pages as fallback.",优先检索ESG报告、可持续发展报告、社会责任报告，其次检索年度报告或集团年鉴。,"Prioritize ESG, sustainability, and corporate social responsibility reports; use annual reports or group yearbooks as fallback.",优先 2024，若官网仅发布更新版则接受 2025；若近两年缺失则回退 2023。,Prioritize 2024; accept 2025 if that is the latest official release; fall back to 2023 if recent years are unavailable.,"""国家电力投资集团有限公司"" ESG 报告 PDF | ""国家电力投资集团有限公司"" 可持续发展报告 PDF | ""国家电力投资集团有限公司"" 社会责任报告 PDF | ""国家电力投资集团有限公司"" 年度报告 PDF | ""国家电投"" ESG 报告 PDF","""STATE POWER INVESTMENT"" sustainability report pdf | ""STATE POWER INVESTMENT"" ESG report pdf | ""STATE POWER INVESTMENT"" annual report pdf | ""STATE POWER INVESTMENT"" climate report pdf | ""SPIC"" sustainability report pdf",,国家电力投资集团有限公司 / STATE POWER INVESTMENT / 国家电投 / SPIC / ESG / 可持续发展 / 社会责任 / sustainability / annual report / climate report / integrated report / 责任报告 / 年报,2024_ALLSTATE SustainabilityReport_FINAL.pdf,state,sustainability_report,2024,名单字段已标注报告下载状态：P；seed 阶段出现过候选命中：seed_review_needed，seed 候选文件为 2024_ALLSTATE SustainabilityReport_FINAL.pdf；当前候选池仍有 8 个近似候选项；当前 best_match_score=13,Registry download-status field is populated: P; Seed stage produced a candidate hit: seed_review_needed; seed candidate file: 2024_ALLSTATE SustainabilityReport_FINAL.pdf; Current candidate pool still contains 8 approximate candidates; Current best_match_score=13,仅接受封面、目录页或发行主体明确指向“国家电力投资集团有限公司 / STATE POWER INVESTMENT”母公司的正式主报告；若仅发现子公司、上市平台、附录、数据包或业务单元材料，不得直接写回 override。,找到母公司主报告后：1）补入源目录；2）在 world500_match_override.csv 写入 confirmed；3）依次重跑 build_world500_report_catalog.py、build_world500_unmatched_diagnosis.py、generate_world500_review_queue.py、build_world500_progress_report.py。,local_checked_external_needed,Codex,2026-04-15,已完成本地库存核验；未发现可安全归属国家电投母公司的正式主报告，需继续集团官网补采。,,,no,当前库存未检出国家电投/SPIC 母公司主报告。
world500_retrieval_batch_01,16,world500_retrieval_batch_01__r272_performancefoodgroup公司,272,r272_performancefoodgroup公司,Performance Food Group公司,Performance Food Group公司,美国,批发：食品,高优先补采,值得二次检索补库,high,以官网可持续发展专区、报告中心和投资者关系页面为主，必要时回查新闻稿与PDF归档目录。,"Use sustainability hubs, report centers, and investor-relations pages first; then fall back to press releases and PDF archive directories.",优先检索sustainability / ESG / climate / integrated report，其次检索annual report。,"Prioritize sustainability / ESG / climate / integrated reports, then use annual reports as fallback.",优先 2024，若官网仅发布更新版则接受 2025；若近两年缺失则回退 2023。,Prioritize 2024; accept 2025 if that is the latest official release; fall back to 2023 if recent years are unavailable.,"""Performance Food Group公司"" ESG 报告 PDF | ""Performance Food Group公司"" 可持续发展报告 PDF | ""Performance Food Group公司"" 社会责任报告 PDF | ""Performance Food Group公司"" 年度报告 PDF","""Performance Food Group公司"" sustainability report pdf | ""Performance Food Group公司"" ESG report pdf | ""Performance Food Group公司"" annual report pdf | ""Performance Food Group公司"" climate report pdf | ""PFG"" sustainability report pdf",,Performance Food Group公司 / PFG / ESG / 可持续发展 / 社会责任 / sustainability / annual report / climate report / integrated report,2024-LOCKHEED MARTIN-Sustainability-Performance-Report.pdf,performance,sustainability_report,2024,名单字段已标注报告下载状态：P；seed 阶段出现过候选命中：seed_review_needed，seed 候选文件为 2024-LOCKHEED MARTIN-Sustainability-Performance-Report.pdf；当前候选池仍有 5 个近似候选项；当前 best_match_score=16,Registry download-status field is populated: P; Seed stage produced a candidate hit: seed_review_needed; seed candidate file: 2024-LOCKHEED MARTIN-Sustainability-Performance-Report.pdf; Current candidate pool still contains 5 approximate candidates; Current best_match_score=16,仅接受封面、目录页或发行主体明确指向“Performance Food Group公司 / Performance Food Group公司”母公司的正式主报告；若仅发现子公司、上市平台、附录、数据包或业务单元材料，不得直接写回 override。,找到母公司主报告后：1）补入源目录；2）在 world500_match_override.csv 写入 confirmed；3）依次重跑 build_world500_report_catalog.py、build_world500_unmatched_diagnosis.py、generate_world500_review_queue.py、build_world500_progress_report.py。,confirmed_local_override,Codex,2026-04-15,已在本地库存确认 Performance Food Group 2024 母公司可持续发展报告，并写回 override。,PFG_Sustainability-Report-2024_FINAL.pdf,C:\Users\lenovo\Desktop\一些任务\董敬轩\知识图谱\2024世界500强及碳中和报告\2024世界500强及碳中和报告\PFG_Sustainability-Report-2024_FINAL.pdf,yes,第 3 页明确写明该报告是 Performance Food Group Company 的 principal annual sustainability disclosure。
world500_retrieval_batch_01,17,world500_retrieval_batch_01__r274_deutschebahn,274,r274_deutschebahn,德国联邦铁路公司,DEUTSCHE BAHN,德国,铁路运输,高优先补采,值得二次检索补库,high,以官网可持续发展专区、报告中心和投资者关系页面为主，必要时回查新闻稿与PDF归档目录。,"Use sustainability hubs, report centers, and investor-relations pages first; then fall back to press releases and PDF archive directories.",优先检索sustainability / ESG / climate / integrated report，其次检索annual report。,"Prioritize sustainability / ESG / climate / integrated reports, then use annual reports as fallback.",优先 2024，若官网仅发布更新版则接受 2025；若近两年缺失则回退 2023。,Prioritize 2024; accept 2025 if that is the latest official release; fall back to 2023 if recent years are unavailable.,"""德国联邦铁路公司"" ESG 报告 PDF | ""德国联邦铁路公司"" 可持续发展报告 PDF | ""德国联邦铁路公司"" 社会责任报告 PDF | ""德国联邦铁路公司"" 年度报告 PDF","""DEUTSCHE BAHN"" sustainability report pdf | ""DEUTSCHE BAHN"" ESG report pdf | ""DEUTSCHE BAHN"" annual report pdf | ""DEUTSCHE BAHN"" climate report pdf | ""DB"" sustainability report pdf","""DEUTSCHE BAHN"" Nachhaltigkeitsbericht pdf | ""DB"" Nachhaltigkeitsbericht pdf | ""DEUTSCHE BAHN"" Geschäftsbericht pdf",德国联邦铁路公司 / DEUTSCHE BAHN / DB / ESG / 可持续发展 / 社会责任 / sustainability / annual report / climate report / integrated report,DEUTSCHE TELEKOM-cr_en_2022_dt_final.pdf,deutsche,other,2022,名单字段已标注报告下载状态：P；seed 阶段出现过候选命中：seed_review_needed，seed 候选文件为 DEUTSCHE TELEKOM-cr_en_2022_dt_final.pdf；当前候选池仍有 1 个近似候选项；当前 best_match_score=14；review 队列里出现过近似推荐文件：nachhaltigkeitskennzahlen_DB_2024.pdf,Registry download-status field is populated: P; Seed stage produced a candidate hit: seed_review_needed; seed candidate file: DEUTSCHE TELEKOM-cr_en_2022_dt_final.pdf; Current candidate pool still contains 1 approximate candidates; Current best_match_score=14; Review queue contains a higher-scored approximate recommendation: nachhaltigkeitskennzahlen_DB_2024.pdf,仅接受封面、目录页或发行主体明确指向“德国联邦铁路公司 / DEUTSCHE BAHN”母公司的正式主报告；若仅发现子公司、上市平台、附录、数据包或业务单元材料，不得直接写回 override。,找到母公司主报告后：1）补入源目录；2）在 world500_match_override.csv 写入 confirmed；3）依次重跑 build_world500_report_catalog.py、build_world500_unmatched_diagnosis.py、generate_world500_review_queue.py、build_world500_progress_report.py。,local_checked_external_needed,Codex,2026-04-15,已完成本地库存核验；当前仅发现 DB 2024 指标类材料线索，仍不足以直接写回 override，需继续补采主报告。,,,no,近似命中 `nachhaltigkeitskennzahlen_DB_2024.pdf` 更像指标附录而非母公司主报告，暂不写回。
world500_retrieval_batch_01,18,world500_retrieval_batch_01__r294_bankofmontreal,294,r294_bankofmontreal,蒙特利尔银行,BANK OF MONTREAL,加拿大,银行：商业储蓄,高优先补采,值得二次检索补库,high,以官网投资者关系、可持续发展专区、TCFD/Climate 页面为主，必要时补查年度报告中心。,"Use investor-relations pages, sustainability hubs, and TCFD/climate pages first; then fall back to the annual-report center.",优先检索可持续发展报告、ESG报告、气候信息披露/TCFD报告，其次检索年度报告或综合报告。,"Prioritize sustainability reports, ESG reports, and climate/TCFD reports; use annual or integrated reports as fallback.",优先 2024，若官网仅发布更新版则接受 2025；若近两年缺失则回退 2023。,Prioritize 2024; accept 2025 if that is the latest official release; fall back to 2023 if recent years are unavailable.,"""蒙特利尔银行"" ESG 报告 PDF | ""蒙特利尔银行"" 可持续发展报告 PDF | ""蒙特利尔银行"" TCFD 报告 PDF | ""蒙特利尔银行"" 社会责任报告 PDF | ""蒙特利尔银行"" 年度报告 PDF","""BANK OF MONTREAL"" sustainability report pdf | ""BANK OF MONTREAL"" ESG report pdf | ""BANK OF MONTREAL"" TCFD report pdf | ""BANK OF MONTREAL"" annual report pdf | ""BANK OF MONTREAL"" climate report pdf",,蒙特利尔银行 / BANK OF MONTREAL / BMO / ESG / 可持续发展 / 社会责任 / sustainability / annual report / climate report / integrated report / TCFD / 气候信息披露,2023-BANK OF NEW YORK MELLON sustainability-report.pdf,bank,sustainability_report,2023,名单字段已标注报告下载状态：P；seed 阶段出现过候选命中：seed_review_needed，seed 候选文件为 2023-BANK OF NEW YORK MELLON sustainability-report.pdf；当前候选池仍有 18 个近似候选项；当前 best_match_score=13,Registry download-status field is populated: P; Seed stage produced a candidate hit: seed_review_needed; seed candidate file: 2023-BANK OF NEW YORK MELLON sustainability-report.pdf; Current candidate pool still contains 18 approximate candidates; Current best_match_score=13,仅接受封面、目录页或发行主体明确指向“蒙特利尔银行 / BANK OF MONTREAL”母公司的正式主报告；若仅发现子公司、上市平台、附录、数据包或业务单元材料，不得直接写回 override。,找到母公司主报告后：1）补入源目录；2）在 world500_match_override.csv 写入 confirmed；3）依次重跑 build_world500_report_catalog.py、build_world500_unmatched_diagnosis.py、generate_world500_review_queue.py、build_world500_progress_report.py。,confirmed_local_override,Codex,2026-04-15,已在本地库存确认 BMO 2024 Sustainability and Climate Reporting，并写回 override。,BMO_2024_SCR_EN_interactive.pdf,C:\Users\lenovo\Desktop\一些任务\董敬轩\知识图谱\2024世界500强及碳中和报告\2024世界500强及碳中和报告\BMO_2024_SCR_EN_interactive.pdf,yes,封面和第 4 页明确说明 BMO = Bank of Montreal 及其子公司，报告期覆盖 FY2024。
world500_retrieval_batch_01,19,world500_retrieval_batch_01__r362_generaldynamics,362,r362_generaldynamics,通用动力,GENERAL DYNAMICS,美国,航天与防务,高优先补采,值得二次检索补库,high,以官网可持续发展专区、报告中心和投资者关系页面为主，必要时回查新闻稿与PDF归档目录。,"Use sustainability hubs, report centers, and investor-relations pages first; then fall back to press releases and PDF archive directories.",优先检索sustainability / ESG / climate / integrated report，其次检索annual report。,"Prioritize sustainability / ESG / climate / integrated reports, then use annual reports as fallback.",优先 2024，若官网仅发布更新版则接受 2025；若近两年缺失则回退 2023。,Prioritize 2024; accept 2025 if that is the latest official release; fall back to 2023 if recent years are unavailable.,"""通用动力"" ESG 报告 PDF | ""通用动力"" 可持续发展报告 PDF | ""通用动力"" 社会责任报告 PDF | ""通用动力"" 年度报告 PDF","""GENERAL DYNAMICS"" sustainability report pdf | ""GENERAL DYNAMICS"" ESG report pdf | ""GENERAL DYNAMICS"" annual report pdf | ""GENERAL DYNAMICS"" climate report pdf | ""GD"" sustainability report pdf",,通用动力 / GENERAL DYNAMICS / GD / ESG / 可持续发展 / 社会责任 / sustainability / annual report / climate report / integrated report,GENERAL ELECTRIC-Aerospace 2025-sustainability-report.pdf,general,sustainability_report,2025,名单字段已标注报告下载状态：P；seed 阶段出现过候选命中：seed_review_needed，seed 候选文件为 GENERAL ELECTRIC-Aerospace 2025-sustainability-report.pdf；当前候选池仍有 2 个近似候选项；当前 best_match_score=13,Registry download-status field is populated: P; Seed stage produced a candidate hit: seed_review_needed; seed candidate file: GENERAL ELECTRIC-Aerospace 2025-sustainability-report.pdf; Current candidate pool still contains 2 approximate candidates; Current best_match_score=13,仅接受封面、目录页或发行主体明确指向“通用动力 / GENERAL DYNAMICS”母公司的正式主报告；若仅发现子公司、上市平台、附录、数据包或业务单元材料，不得直接写回 override。,找到母公司主报告后：1）补入源目录；2）在 world500_match_override.csv 写入 confirmed；3）依次重跑 build_world500_report_catalog.py、build_world500_unmatched_diagnosis.py、generate_world500_review_queue.py、build_world500_progress_report.py。,local_checked_external_needed,Codex,2026-04-15,已完成本地库存核验；未发现可安全归属 General Dynamics 母公司的正式主报告，需继续官网/IR 补采。,,,no,GD 缩写命中噪声较高，当前库存未确认 General Dynamics 母公司主报告。
world500_retrieval_batch_01,20,world500_retrieval_batch_01__r374_lufthansagroup,374,r374_lufthansagroup,汉莎集团,LUFTHANSA GROUP,德国,航空,高优先补采,值得二次检索补库,high,以官网可持续发展专区、报告中心和投资者关系页面为主，必要时回查新闻稿与PDF归档目录。,"Use sustainability hubs, report centers, and investor-relations pages first; then fall back to press releases and PDF archive directories.",优先检索sustainability / ESG / climate / integrated report，其次检索annual report。,"Prioritize sustainability / ESG / climate / integrated reports, then use annual reports as fallback.",优先 2024，若官网仅发布更新版则接受 2025；若近两年缺失则回退 2023。,Prioritize 2024; accept 2025 if that is the latest official release; fall back to 2023 if recent years are unavailable.,"""汉莎集团"" ESG 报告 PDF | ""汉莎集团"" 可持续发展报告 PDF | ""汉莎集团"" 社会责任报告 PDF | ""汉莎集团"" 年度报告 PDF | ""汉莎"" ESG 报告 PDF","""LUFTHANSA GROUP"" sustainability report pdf | ""LUFTHANSA GROUP"" ESG report pdf | ""LUFTHANSA GROUP"" annual report pdf | ""LUFTHANSA GROUP"" climate report pdf | ""Lufthansa"" sustainability report pdf","""LUFTHANSA GROUP"" Nachhaltigkeitsbericht pdf | ""Lufthansa"" Nachhaltigkeitsbericht pdf | ""LUFTHANSA GROUP"" Geschäftsbericht pdf",汉莎集团 / LUFTHANSA GROUP / 汉莎 / Lufthansa / ESG / 可持续发展 / 社会责任 / sustainability / annual report / climate report / integrated report,2023-2024-EMIRATES GROUP-annual-report.pdf,group,annual_report,2023,名单字段已标注报告下载状态：P；seed 阶段出现过候选命中：seed_review_needed，seed 候选文件为 2023-2024-EMIRATES GROUP-annual-report.pdf；当前候选池仍有 36 个近似候选项；当前 best_match_score=13,Registry download-status field is populated: P; Seed stage produced a candidate hit: seed_review_needed; seed candidate file: 2023-2024-EMIRATES GROUP-annual-report.pdf; Current candidate pool still contains 36 approximate candidates; Current best_match_score=13,仅接受封面、目录页或发行主体明确指向“汉莎集团 / LUFTHANSA GROUP”母公司的正式主报告；若仅发现子公司、上市平台、附录、数据包或业务单元材料，不得直接写回 override。,找到母公司主报告后：1）补入源目录；2）在 world500_match_override.csv 写入 confirmed；3）依次重跑 build_world500_report_catalog.py、build_world500_unmatched_diagnosis.py、generate_world500_review_queue.py、build_world500_progress_report.py。,confirmed_local_override,Codex,2026-04-15,已在本地库存确认 Lufthansa Group Annual Report 2024，并写回 override。,LH-AR-2024-e.pdf,C:\Users\lenovo\Desktop\一些任务\董敬轩\知识图谱\2024世界500强及碳中和报告\2024世界500强及碳中和报告\LH-AR-2024-e.pdf,yes,封面和目录明确为 Lufthansa Group Annual Report 2024，且含非财务声明与环境数据，可作为 annual-report fallback。
world500_retrieval_batch_01,21,world500_retrieval_batch_01__r383_jiangsushaganggroup,383,r383_jiangsushaganggroup,江苏沙钢集团有限公司,JIANGSU SHAGANG GROUP,中国,金属产品,高优先补采,值得二次检索补库,high,先回查原始下载台账与文件转存目录，再查集团官网的ESG/可持续发展/社会责任/年度报告栏目；必要时补查国资委、交易所或集团新闻中心。,"Re-check the original download ledger and transfer directory first, then search the parent group's ESG/sustainability/CSR/annual-report pages; use SASAC, exchange, or group news pages as fallback.",优先检索ESG报告、可持续发展报告、社会责任报告，其次检索年度报告或集团年鉴。,"Prioritize ESG, sustainability, and corporate social responsibility reports; use annual reports or group yearbooks as fallback.",优先 2024，若官网仅发布更新版则接受 2025；若近两年缺失则回退 2023。,Prioritize 2024; accept 2025 if that is the latest official release; fall back to 2023 if recent years are unavailable.,"""江苏沙钢集团有限公司"" ESG 报告 PDF | ""江苏沙钢集团有限公司"" 可持续发展报告 PDF | ""江苏沙钢集团有限公司"" 社会责任报告 PDF | ""江苏沙钢集团有限公司"" 年度报告 PDF | ""沙钢"" ESG 报告 PDF","""JIANGSU SHAGANG GROUP"" sustainability report pdf | ""JIANGSU SHAGANG GROUP"" ESG report pdf | ""JIANGSU SHAGANG GROUP"" annual report pdf | ""JIANGSU SHAGANG GROUP"" climate report pdf | ""Shagang"" sustainability report pdf",,江苏沙钢集团有限公司 / JIANGSU SHAGANG GROUP / 沙钢 / Shagang / ESG / 可持续发展 / 社会责任 / sustainability / annual report / climate report / integrated report / 责任报告 / 年报,2023-2024-EMIRATES GROUP-annual-report.pdf,group,annual_report,2023,名单字段已标注报告下载状态：P；seed 阶段出现过候选命中：seed_review_needed，seed 候选文件为 2023-2024-EMIRATES GROUP-annual-report.pdf；当前候选池仍有 36 个近似候选项；当前 best_match_score=13,Registry download-status field is populated: P; Seed stage produced a candidate hit: seed_review_needed; seed candidate file: 2023-2024-EMIRATES GROUP-annual-report.pdf; Current candidate pool still contains 36 approximate candidates; Current best_match_score=13,仅接受封面、目录页或发行主体明确指向“江苏沙钢集团有限公司 / JIANGSU SHAGANG GROUP”母公司的正式主报告；若仅发现子公司、上市平台、附录、数据包或业务单元材料，不得直接写回 override。,找到母公司主报告后：1）补入源目录；2）在 world500_match_override.csv 写入 confirmed；3）依次重跑 build_world500_report_catalog.py、build_world500_unmatched_diagnosis.py、generate_world500_review_queue.py、build_world500_progress_report.py。,local_checked_external_needed,Codex,2026-04-15,已完成本地库存核验；未发现可安全归属江苏沙钢集团母公司的正式主报告，需继续集团官网补采。,,,no,当前库存未检出沙钢集团母公司主报告。
world500_retrieval_batch_01,22,world500_retrieval_batch_01__r393_fairfaxfinancialholdings,393,r393_fairfaxfinancialholdings,加拿大枫信金融控股公司,FAIRFAX FINANCIAL HOLDINGS,加拿大,财产与意外保险（股份）,高优先补采,值得二次检索补库,high,以官网投资者关系、可持续发展专区、TCFD/Climate 页面为主，必要时补查年度报告中心。,"Use investor-relations pages, sustainability hubs, and TCFD/climate pages first; then fall back to the annual-report center.",优先检索可持续发展报告、ESG报告、气候信息披露/TCFD报告，其次检索年度报告或综合报告。,"Prioritize sustainability reports, ESG reports, and climate/TCFD reports; use annual or integrated reports as fallback.",优先 2024，若官网仅发布更新版则接受 2025；若近两年缺失则回退 2023。,Prioritize 2024; accept 2025 if that is the latest official release; fall back to 2023 if recent years are unavailable.,"""加拿大枫信金融控股公司"" ESG 报告 PDF | ""加拿大枫信金融控股公司"" 可持续发展报告 PDF | ""加拿大枫信金融控股公司"" TCFD 报告 PDF | ""加拿大枫信金融控股公司"" 社会责任报告 PDF | ""加拿大枫信金融控股公司"" 年度报告 PDF","""FAIRFAX FINANCIAL HOLDINGS"" sustainability report pdf | ""FAIRFAX FINANCIAL HOLDINGS"" ESG report pdf | ""FAIRFAX FINANCIAL HOLDINGS"" TCFD report pdf | ""FAIRFAX FINANCIAL HOLDINGS"" annual report pdf | ""FAIRFAX FINANCIAL HOLDINGS"" climate report pdf",,加拿大枫信金融控股公司 / FAIRFAX FINANCIAL HOLDINGS / Fairfax / ESG / 可持续发展 / 社会责任 / sustainability / annual report / climate report / integrated report / TCFD / 气候信息披露,2024_SOMPO HOLDINGS_sustainability_report.pdf,holdings,sustainability_report,2024,名单字段已标注报告下载状态：名字有误；seed 阶段出现过候选命中：seed_review_needed，seed 候选文件为 2024_SOMPO HOLDINGS_sustainability_report.pdf；当前候选池仍有 19 个近似候选项；当前 best_match_score=16,Registry download-status field is populated: 名字有误; Seed stage produced a candidate hit: seed_review_needed; seed candidate file: 2024_SOMPO HOLDINGS_sustainability_report.pdf; Current candidate pool still contains 19 approximate candidates; Current best_match_score=16,仅接受封面、目录页或发行主体明确指向“加拿大枫信金融控股公司 / FAIRFAX FINANCIAL HOLDINGS”母公司的正式主报告；若仅发现子公司、上市平台、附录、数据包或业务单元材料，不得直接写回 override。,找到母公司主报告后：1）补入源目录；2）在 world500_match_override.csv 写入 confirmed；3）依次重跑 build_world500_report_catalog.py、build_world500_unmatched_diagnosis.py、generate_world500_review_queue.py、build_world500_progress_report.py。,local_checked_external_needed,Codex,2026-04-15,已完成本地库存核验；未发现可安全归属 Fairfax Financial Holdings 母公司的正式主报告，需继续官网/IR 补采。,,,no,当前库存未检出 Fairfax Financial Holdings 母公司主报告。
world500_retrieval_batch_01,23,world500_retrieval_batch_01__r488_luxshareprecisionindustry,488,r488_luxshareprecisionindustry,立讯精密工业股份有限公司,LUXSHARE PRECISION INDUSTRY,中国,电子、电气设备,高优先补采,值得二次检索补库,high,先回查原始下载台账与文件转存目录，再查集团官网的ESG/可持续发展/社会责任/年度报告栏目；必要时补查国资委、交易所或集团新闻中心。,"Re-check the original download ledger and transfer directory first, then search the parent group's ESG/sustainability/CSR/annual-report pages; use SASAC, exchange, or group news pages as fallback.",优先检索ESG报告、可持续发展报告、社会责任报告，其次检索年度报告或集团年鉴。,"Prioritize ESG, sustainability, and corporate social responsibility reports; use annual reports or group yearbooks as fallback.",优先 2024，若官网仅发布更新版则接受 2025；若近两年缺失则回退 2023。,Prioritize 2024; accept 2025 if that is the latest official release; fall back to 2023 if recent years are unavailable.,"""立讯精密工业股份有限公司"" ESG 报告 PDF | ""立讯精密工业股份有限公司"" 可持续发展报告 PDF | ""立讯精密工业股份有限公司"" 社会责任报告 PDF | ""立讯精密工业股份有限公司"" 年度报告 PDF | ""立讯精密"" ESG 报告 PDF","""LUXSHARE PRECISION INDUSTRY"" sustainability report pdf | ""LUXSHARE PRECISION INDUSTRY"" ESG report pdf | ""LUXSHARE PRECISION INDUSTRY"" annual report pdf | ""LUXSHARE PRECISION INDUSTRY"" climate report pdf | ""Luxshare"" sustainability report pdf",,立讯精密工业股份有限公司 / LUXSHARE PRECISION INDUSTRY / 立讯精密 / Luxshare / ESG / 可持续发展 / 社会责任 / sustainability / annual report / climate report / integrated report / 责任报告 / 年报,2025 DAIWA HOUSE INDUSTRY_Sustainability_All.pdf,industry,sustainability_report,2025,名单字段已标注报告下载状态：P；seed 阶段出现过候选命中：seed_matched，seed 候选文件为 2025 DAIWA HOUSE INDUSTRY_Sustainability_All.pdf；当前候选池仍有 1 个近似候选项；当前 best_match_score=16,Registry download-status field is populated: P; Seed stage produced a candidate hit: seed_matched; seed candidate file: 2025 DAIWA HOUSE INDUSTRY_Sustainability_All.pdf; Current candidate pool still contains 1 approximate candidates; Current best_match_score=16,仅接受封面、目录页或发行主体明确指向“立讯精密工业股份有限公司 / LUXSHARE PRECISION INDUSTRY”母公司的正式主报告；若仅发现子公司、上市平台、附录、数据包或业务单元材料，不得直接写回 override。,找到母公司主报告后：1）补入源目录；2）在 world500_match_override.csv 写入 confirmed；3）依次重跑 build_world500_report_catalog.py、build_world500_unmatched_diagnosis.py、generate_world500_review_queue.py、build_world500_progress_report.py。,local_checked_external_needed,Codex,2026-04-15,已完成本地库存核验；未发现可安全归属立讯精密母公司的正式主报告，需继续官网或交易所披露补采。,,,no,当前库存未检出 Luxshare/立讯精密 的母公司主报告，原 seed 命中为 industry 泛词误配。
