company_id,world500_rank,company_name_zh,company_name_en,diagnosis_category_zh,diagnosis_category_en,evidence_file,evidence_path,evidence_type,diagnosis_note_zh,diagnosis_note_en,confidence_level,diagnosis_rule
r170_shaanxicoalandchemicalindustry,170,陕西煤业化工集团有限责任公司,SHAANXI COAL & CHEMICAL INDUSTRY,仅发现子公司/关联主体文件,Only subsidiary or affiliated-entity files found,陕西煤业股份有限公司2024 年年度报告.pdf,C:\Users\lenovo\Desktop\一些任务\董敬轩\知识图谱\2024世界500强及碳中和报告\2024世界500强及碳中和报告\陕西煤业股份有限公司2024 年年度报告.pdf,annual_report,库内仅发现“陕西煤业股份有限公司”年度报告，属于集团下属上市主体材料，不能直接等同于“陕西煤业化工集团”母公司主报告。,"Only the annual report of Shaanxi Coal Industry Co., Ltd. was found. This is a listed affiliated entity rather than the parent-group main report.",high,manual_affiliate_shaancxi_coal
r173_chinapolygroup,173,中国保利集团有限公司,CHINA POLY GROUP,仅发现子公司/关联主体文件,Only subsidiary or affiliated-entity files found,2024-保利发展可持续发展报告.pdf,C:\Users\lenovo\Desktop\一些任务\董敬轩\知识图谱\2024世界500强及碳中和报告\2024世界500强及碳中和报告\2024-保利发展可持续发展报告.pdf,sustainability_report,库内仅发现“保利发展”可持续发展报告，属于保利体系关联上市主体，不能直接作为“中国保利集团”母公司主报告。,"Only the sustainability report of Poly Developments was found. This is an affiliated listed entity, not the parent-group main report of China Poly Group.",high,manual_affiliate_poly_development
r385_cheryholdinggroup,385,奇瑞控股集团有限公司,CHERY HOLDING GROUP,仅发现子公司/关联主体文件,Only subsidiary or affiliated-entity files found,2024年奇瑞汽车esg报告.pdf,C:\Users\lenovo\Desktop\一些任务\董敬轩\知识图谱\2024世界500强及碳中和报告\2024世界500强及碳中和报告\2024年奇瑞汽车esg报告.pdf,other,库内仅见“奇瑞汽车”ESG 报告，属于奇瑞体系经营主体材料，不能直接等同于“奇瑞控股集团”母公司主报告。,Only the ESG report of Chery Automobile was found. It belongs to an operating entity in the Chery system and cannot be treated as the parent-group main report.,high,manual_affiliate_chery_auto
r429_hailianggroup,429,海亮集团有限公司,HAILIANG GROUP,仅发现子公司/关联主体文件,Only subsidiary or affiliated-entity files found,海亮股份：2024年度环境、社会及公司治理（ESG）报告.pdf,C:\Users\lenovo\Desktop\一些任务\董敬轩\知识图谱\2024世界500强及碳中和报告\2024世界500强及碳中和报告\海亮股份：2024年度环境、社会及公司治理（ESG）报告.pdf,esg_report,库内仅发现“海亮股份”ESG 报告，属于上市子公司材料，不能直接等同于“海亮集团”母公司主报告。,Only the ESG report of Hailiang Shares was found. This is a listed subsidiary document rather than the parent-group main report.,high,manual_affiliate_hailiang_shares
r470_shouganggroup,470,首钢集团有限公司,SHOUGANG GROUP,仅发现子公司/关联主体文件,Only subsidiary or affiliated-entity files found,2024首钢股份可持续发展报告.pdf,C:\Users\lenovo\Desktop\一些任务\董敬轩\知识图谱\2024世界500强及碳中和报告\2024世界500强及碳中和报告\2024首钢股份可持续发展报告.pdf,sustainability_report,库内仅发现“首钢股份”可持续发展报告，属于集团下属上市主体材料，不能直接等同于“首钢集团”母公司主报告。,"Only the sustainability report of Shougang Co., Ltd. was found. This is a listed affiliated entity rather than the parent-group main report.",high,manual_affiliate_shougang_shares
r475_hunanironandsteelgroup,475,湖南钢铁集团有限公司,HUNAN IRON & STEEL GROUP,仅发现子公司/关联主体文件,Only subsidiary or affiliated-entity files found,000932_华菱钢铁_2025-03-22_华菱钢铁：湖南华菱钢铁股份有限公司2024年度可持续发展报告.pdf,C:\Users\lenovo\Desktop\一些任务\董敬轩\知识图谱\2024世界500强及碳中和报告\2024世界500强及碳中和报告\000932_华菱钢铁_2025-03-22_华菱钢铁：湖南华菱钢铁股份有限公司2024年度可持续发展报告.pdf,sustainability_report,库内仅发现“湖南华菱钢铁股份有限公司”可持续发展报告，属于集团体系下上市主体材料，不能直接等同于“湖南钢铁集团”母公司主报告。,"Only the sustainability report of Hunan Valin Steel Co., Ltd. was found. This is an affiliated listed entity rather than the parent-group main report.",high,manual_affiliate_hualing
r102_gazprom,102,俄罗斯天然气工业股份公司,GAZPROM,库内无母公司主报告,No parent-company main report in corpus,,,,在当前库存文件中，未检出能够安全归属于“俄罗斯天然气工业股份公司”母公司的主报告文件；现有文件名检索结果不足以支持人工硬配。,No file in the current corpus can be safely attributed to the parent company 'GAZPROM'. Available file-name evidence is insufficient for a reliable manual match.,high,default_no_parent_report
r106_cofco,106,中粮集团有限公司,COFCO,库内无母公司主报告,No parent-company main report in corpus,,,,在当前库存文件中，未检出能够安全归属于“中粮集团有限公司”母公司的主报告文件；现有文件名检索结果不足以支持人工硬配。,No file in the current corpus can be safely attributed to the parent company 'COFCO'. Available file-name evidence is insufficient for a reliable manual match.,high,default_no_parent_report
r109_pemex,109,墨西哥石油公司,PEMEX,库内无母公司主报告,No parent-company main report in corpus,,,,在当前库存文件中，未检出能够安全归属于“墨西哥石油公司”母公司的主报告文件；现有文件名检索结果不足以支持人工硬配。,No file in the current corpus can be safely attributed to the parent company 'PEMEX'. Available file-name evidence is insufficient for a reliable manual match.,high,default_no_parent_report
r118_créditagricole,118,法国农业信贷银行,CRÉDIT AGRICOLE,库内无母公司主报告,No parent-company main report in corpus,,,,在当前库存文件中，未检出能够安全归属于“法国农业信贷银行”母公司的主报告文件；现有文件名检索结果不足以支持人工硬配。,No file in the current corpus can be safely attributed to the parent company 'CRÉDIT AGRICOLE'. Available file-name evidence is insufficient for a reliable manual match.,high,default_no_parent_report
r138_zhejiangrongshengholdinggroup,138,浙江荣盛控股集团有限公司,ZHEJIANG RONGSHENG HOLDING GROUP,库内无母公司主报告,No parent-company main report in corpus,,,,在当前库存文件中，未检出能够安全归属于“浙江荣盛控股集团有限公司”母公司的主报告文件；现有文件名检索结果不足以支持人工硬配。,No file in the current corpus can be safely attributed to the parent company 'ZHEJIANG RONGSHENG HOLDING GROUP'. Available file-name evidence is insufficient for a reliable manual match.,high,default_no_parent_report
r142_xiamenitgholdinggroup,142,厦门国贸控股集团有限公司,XIAMEN ITG HOLDING GROUP,库内无母公司主报告,No parent-company main report in corpus,,,,在当前库存文件中，未检出能够安全归属于“厦门国贸控股集团有限公司”母公司的主报告文件；现有文件名检索结果不足以支持人工硬配。,No file in the current corpus can be safely attributed to the parent company 'XIAMEN ITG HOLDING GROUP'. Available file-name evidence is insufficient for a reliable manual match.,high,default_no_parent_report
r147_aviationindustrycorpofchina,147,中国航空工业集团有限公司,AVIATION INDUSTRY CORP. OF CHINA,库内无母公司主报告,No parent-company main report in corpus,,,,在当前库存文件中，未检出能够安全归属于“中国航空工业集团有限公司”母公司的主报告文件；现有文件名检索结果不足以支持人工硬配。,No file in the current corpus can be safely attributed to the parent company 'AVIATION INDUSTRY CORP. OF CHINA'. Available file-name evidence is insufficient for a reliable manual match.,high,default_no_parent_report
r155_energytransfer公司,155,Energy Transfer公司,Energy Transfer公司,库内无母公司主报告,No parent-company main report in corpus,,,,在当前库存文件中，未检出能够安全归属于“Energy Transfer公司”母公司的主报告文件；现有文件名检索结果不足以支持人工硬配。,No file in the current corpus can be safely attributed to the parent company 'Energy Transfer公司'. Available file-name evidence is insufficient for a reliable manual match.,high,default_no_parent_report
r160_chinanorthindustriesgroup,160,中国兵器工业集团有限公司,CHINA NORTH INDUSTRIES GROUP,库内无母公司主报告,No parent-company main report in corpus,,,,在当前库存文件中，未检出能够安全归属于“中国兵器工业集团有限公司”母公司的主报告文件；现有文件名检索结果不足以支持人工硬配。,No file in the current corpus can be safely attributed to the parent company 'CHINA NORTH INDUSTRIES GROUP'. Available file-name evidence is insufficient for a reliable manual match.,high,default_no_parent_report
r161_pacificconstructiongroup,161,太平洋建设集团有限公司,PACIFIC CONSTRUCTION GROUP,库内无母公司主报告,No parent-company main report in corpus,,,,在当前库存文件中，未检出能够安全归属于“太平洋建设集团有限公司”母公司的主报告文件；现有文件名检索结果不足以支持人工硬配。,No file in the current corpus can be safely attributed to the parent company 'PACIFIC CONSTRUCTION GROUP'. Available file-name evidence is insufficient for a reliable manual match.,high,default_no_parent_report
r167_petronas,167,马来西亚国家石油公司,PETRONAS,库内无母公司主报告,No parent-company main report in corpus,,,,在当前库存文件中，未检出能够安全归属于“马来西亚国家石油公司”母公司的主报告文件；现有文件名检索结果不足以支持人工硬配。,No file in the current corpus can be safely attributed to the parent company 'PETRONAS'. Available file-name evidence is insufficient for a reliable manual match.,high,default_no_parent_report
r171_shenghongholdinggroup,171,盛虹控股集团有限公司,SHENGHONG HOLDING GROUP,库内无母公司主报告,No parent-company main report in corpus,,,,在当前库存文件中，未检出能够安全归属于“盛虹控股集团有限公司”母公司的主报告文件；现有文件名检索结果不足以支持人工硬配。,No file in the current corpus can be safely attributed to the parent company 'SHENGHONG HOLDING GROUP'. Available file-name evidence is insufficient for a reliable manual match.,high,default_no_parent_report
r172_basf,172,巴斯夫公司,BASF,库内无母公司主报告,No parent-company main report in corpus,,,,在当前库存文件中，未检出能够安全归属于“巴斯夫公司”母公司的主报告文件；现有文件名检索结果不足以支持人工硬配。,No file in the current corpus can be safely attributed to the parent company 'BASF'. Available file-name evidence is insufficient for a reliable manual match.,high,default_no_parent_report
r175_shandongweiqiaopioneeringgroup,175,山东魏桥创业集团有限公司,SHANDONG WEIQIAO PIONEERING GROUP,库内无母公司主报告,No parent-company main report in corpus,,,,在当前库存文件中，未检出能够安全归属于“山东魏桥创业集团有限公司”母公司的主报告文件；现有文件名检索结果不足以支持人工硬配。,No file in the current corpus can be safely attributed to the parent company 'SHANDONG WEIQIAO PIONEERING GROUP'. Available file-name evidence is insufficient for a reliable manual match.,high,default_no_parent_report
r180_oilandnaturalgas,180,印度石油天然气公司,OIL & NATURAL GAS,库内无母公司主报告,No parent-company main report in corpus,,,,在当前库存文件中，未检出能够安全归属于“印度石油天然气公司”母公司的主报告文件；现有文件名检索结果不足以支持人工硬配。,No file in the current corpus can be safely attributed to the parent company 'OIL & NATURAL GAS'. Available file-name evidence is insufficient for a reliable manual match.,high,default_no_parent_report
r187_xmxyg,187,厦门象屿集团有限公司,XMXYG,库内无母公司主报告,No parent-company main report in corpus,,,,在当前库存文件中，未检出能够安全归属于“厦门象屿集团有限公司”母公司的主报告文件；现有文件名检索结果不足以支持人工硬配。,No file in the current corpus can be safely attributed to the parent company 'XMXYG'. Available file-name evidence is insufficient for a reliable manual match.,high,default_no_parent_report
r188_rtx,188,雷神技术公司,RTX,库内无母公司主报告,No parent-company main report in corpus,,,,在当前库存文件中，未检出能够安全归属于“雷神技术公司”母公司的主报告文件；现有文件名检索结果不足以支持人工硬配。,No file in the current corpus can be safely attributed to the parent company 'RTX'. Available file-name evidence is insufficient for a reliable manual match.,high,default_no_parent_report
r194_koc集团,194,KOC集团,KOC集团,库内无母公司主报告,No parent-company main report in corpus,,,,在当前库存文件中，未检出能够安全归属于“KOC集团”母公司的主报告文件；现有文件名检索结果不足以支持人工硬配。,No file in the current corpus can be safely attributed to the parent company 'KOC集团'. Available file-name evidence is insufficient for a reliable manual match.,high,default_no_parent_report
r210_unilever,210,联合利华,UNILEVER,库内无母公司主报告,No parent-company main report in corpus,,,,在当前库存文件中，未检出能够安全归属于“联合利华”母公司的主报告文件；现有文件名检索结果不足以支持人工硬配。,No file in the current corpus can be safely attributed to the parent company 'UNILEVER'. Available file-name evidence is insufficient for a reliable manual match.,high,default_no_parent_report
r213_jinnengholdinggroup,213,晋能控股集团有限公司,JINNENG HOLDING GROUP,库内无母公司主报告,No parent-company main report in corpus,,,,在当前库存文件中，未检出能够安全归属于“晋能控股集团有限公司”母公司的主报告文件；现有文件名检索结果不足以支持人工硬配。,No file in the current corpus can be safely attributed to the parent company 'JINNENG HOLDING GROUP'. Available file-name evidence is insufficient for a reliable manual match.,high,default_no_parent_report
r216_sberbank,216,俄罗斯联邦储蓄银行,SBERBANK,库内无母公司主报告,No parent-company main report in corpus,,,,在当前库存文件中，未检出能够安全归属于“俄罗斯联邦储蓄银行”母公司的主报告文件；现有文件名检索结果不足以支持人工硬配。,No file in the current corpus can be safely attributed to the parent company 'SBERBANK'. Available file-name evidence is insufficient for a reliable manual match.,high,default_no_parent_report
r218_progressive,218,前进保险公司,PROGRESSIVE,库内无母公司主报告,No parent-company main report in corpus,,,,在当前库存文件中，未检出能够安全归属于“前进保险公司”母公司的主报告文件；现有文件名检索结果不足以支持人工硬配。,No file in the current corpus can be safely attributed to the parent company 'PROGRESSIVE'. Available file-name evidence is insufficient for a reliable manual match.,high,default_no_parent_report
r219_internationalbusinessmachines,219,国际商业机器公司,INTERNATIONAL BUSINESS MACHINES,库内无母公司主报告,No parent-company main report in corpus,,,,在当前库存文件中，未检出能够安全归属于“国际商业机器公司”母公司的主报告文件；现有文件名检索结果不足以支持人工硬配。,No file in the current corpus can be safely attributed to the parent company 'INTERNATIONAL BUSINESS MACHINES'. Available file-name evidence is insufficient for a reliable manual match.,high,default_no_parent_report
r229_merck,229,默沙东,MERCK,库内无母公司主报告,No parent-company main report in corpus,,,,在当前库存文件中，未检出能够安全归属于“默沙东”母公司的主报告文件；现有文件名检索结果不足以支持人工硬配。,No file in the current corpus can be safely attributed to the parent company 'MERCK'. Available file-name evidence is insufficient for a reliable manual match.,high,default_no_parent_report
r232_industrialbank,232,兴业银行股份有限公司,INDUSTRIAL BANK,库内无母公司主报告,No parent-company main report in corpus,,,,在当前库存文件中，未检出能够安全归属于“兴业银行股份有限公司”母公司的主报告文件；现有文件名检索结果不足以支持人工硬配。,No file in the current corpus can be safely attributed to the parent company 'INDUSTRIAL BANK'. Available file-name evidence is insufficient for a reliable manual match.,high,default_no_parent_report
r233_poscoholdings,233,浦项制铁控股公司,POSCO HOLDINGS,库内无母公司主报告,No parent-company main report in corpus,,,,在当前库存文件中，未检出能够安全归属于“浦项制铁控股公司”母公司的主报告文件；现有文件名检索结果不足以支持人工硬配。,No file in the current corpus can be safely attributed to the parent company 'POSCO HOLDINGS'. Available file-name evidence is insufficient for a reliable manual match.,high,default_no_parent_report
r238_chinahuanenggroup,238,中国华能集团有限公司,CHINA HUANENG GROUP,库内无母公司主报告,No parent-company main report in corpus,,,,在当前库存文件中，未检出能够安全归属于“中国华能集团有限公司”母公司的主报告文件；现有文件名检索结果不足以支持人工硬配。,No file in the current corpus can be safely attributed to the parent company 'CHINA HUANENG GROUP'. Available file-name evidence is insufficient for a reliable manual match.,high,default_no_parent_report
r239_chinaenergyengineeringgroup,239,中国能源建设集团有限公司,CHINA ENERGY ENGINEERING GROUP,库内无母公司主报告,No parent-company main report in corpus,,,,在当前库存文件中，未检出能够安全归属于“中国能源建设集团有限公司”母公司的主报告文件；现有文件名检索结果不足以支持人工硬配。,No file in the current corpus can be safely attributed to the parent company 'CHINA ENERGY ENGINEERING GROUP'. Available file-name evidence is insufficient for a reliable manual match.,high,default_no_parent_report
r240_dongfengmotor,240,东风汽车集团有限公司,DONGFENG MOTOR,库内无母公司主报告,No parent-company main report in corpus,,,,在当前库存文件中，未检出能够安全归属于“东风汽车集团有限公司”母公司的主报告文件；现有文件名检索结果不足以支持人工硬配。,No file in the current corpus can be safely attributed to the parent company 'DONGFENG MOTOR'. Available file-name evidence is insufficient for a reliable manual match.,high,default_no_parent_report
r242_publixsupermarkets,242,大众超级市场公司,PUBLIX SUPER MARKETS,库内无母公司主报告,No parent-company main report in corpus,,,,在当前库存文件中，未检出能够安全归属于“大众超级市场公司”母公司的主报告文件；现有文件名检索结果不足以支持人工硬配。,No file in the current corpus can be safely attributed to the parent company 'PUBLIX SUPER MARKETS'. Available file-name evidence is insufficient for a reliable manual match.,high,default_no_parent_report
r243_zhejianghengyigroup,243,浙江恒逸集团有限公司,ZHEJIANG HENGYI GROUP,库内无母公司主报告,No parent-company main report in corpus,,,,在当前库存文件中，未检出能够安全归属于“浙江恒逸集团有限公司”母公司的主报告文件；现有文件名检索结果不足以支持人工硬配。,No file in the current corpus can be safely attributed to the parent company 'ZHEJIANG HENGYI GROUP'. Available file-name evidence is insufficient for a reliable manual match.,high,default_no_parent_report
r245_assicurazionigenerali,245,意大利忠利保险公司,ASSICURAZIONI GENERALI,库内无母公司主报告,No parent-company main report in corpus,,,,在当前库存文件中，未检出能够安全归属于“意大利忠利保险公司”母公司的主报告文件；现有文件名检索结果不足以支持人工硬配。,No file in the current corpus can be safely attributed to the parent company 'ASSICURAZIONI GENERALI'. Available file-name evidence is insufficient for a reliable manual match.,high,default_no_parent_report
r249_hbisgroup,249,河钢集团有限公司,HBIS GROUP,库内无母公司主报告,No parent-company main report in corpus,,,,在当前库存文件中，未检出能够安全归属于“河钢集团有限公司”母公司的主报告文件；现有文件名检索结果不足以支持人工硬配。,No file in the current corpus can be safely attributed to the parent company 'HBIS GROUP'. Available file-name evidence is insufficient for a reliable manual match.,high,default_no_parent_report
r253_chinaelectronicstechnologygroup,253,中国电子科技集团有限公司,CHINA ELECTRONICS TECHNOLOGY GROUP,库内无母公司主报告,No parent-company main report in corpus,,,,在当前库存文件中，未检出能够安全归属于“中国电子科技集团有限公司”母公司的主报告文件；现有文件名检索结果不足以支持人工硬配。,No file in the current corpus can be safely attributed to the parent company 'CHINA ELECTRONICS TECHNOLOGY GROUP'. Available file-name evidence is insufficient for a reliable manual match.,high,default_no_parent_report
r254_nationwide,254,美国全国保险公司,NATIONWIDE,库内无母公司主报告,No parent-company main report in corpus,,,,在当前库存文件中，未检出能够安全归属于“美国全国保险公司”母公司的主报告文件；现有文件名检索结果不足以支持人工硬配。,No file in the current corpus can be safely attributed to the parent company 'NATIONWIDE'. Available file-name evidence is insufficient for a reliable manual match.,high,default_no_parent_report
r256_statepowerinvestment,256,国家电力投资集团有限公司,STATE POWER INVESTMENT,库内无母公司主报告,No parent-company main report in corpus,,,,在当前库存文件中，未检出能够安全归属于“国家电力投资集团有限公司”母公司的主报告文件；现有文件名检索结果不足以支持人工硬配。,No file in the current corpus can be safely attributed to the parent company 'STATE POWER INVESTMENT'. Available file-name evidence is insufficient for a reliable manual match.,high,default_no_parent_report
r265_tsingshanholdinggroup,265,青山控股集团有限公司,TSINGSHAN HOLDING GROUP,库内无母公司主报告,No parent-company main report in corpus,,,,在当前库存文件中，未检出能够安全归属于“青山控股集团有限公司”母公司的主报告文件；现有文件名检索结果不足以支持人工硬配。,No file in the current corpus can be safely attributed to the parent company 'TSINGSHAN HOLDING GROUP'. Available file-name evidence is insufficient for a reliable manual match.,high,default_no_parent_report
r267_coscoshipping,267,中国远洋海运集团有限公司,COSCO SHIPPING,库内无母公司主报告,No parent-company main report in corpus,,,,在当前库存文件中，未检出能够安全归属于“中国远洋海运集团有限公司”母公司的主报告文件；现有文件名检索结果不足以支持人工硬配。,No file in the current corpus can be safely attributed to the parent company 'COSCO SHIPPING'. Available file-name evidence is insufficient for a reliable manual match.,high,default_no_parent_report
r274_deutschebahn,274,德国联邦铁路公司,DEUTSCHE BAHN,库内无母公司主报告,No parent-company main report in corpus,,,,在当前库存文件中，未检出能够安全归属于“德国联邦铁路公司”母公司的主报告文件；现有文件名检索结果不足以支持人工硬配。,No file in the current corpus can be safely attributed to the parent company 'DEUTSCHE BAHN'. Available file-name evidence is insufficient for a reliable manual match.,high,default_no_parent_report
r276_tysonfoods,276,泰森食品,TYSON FOODS,库内无母公司主报告,No parent-company main report in corpus,,,,在当前库存文件中，未检出能够安全归属于“泰森食品”母公司的主报告文件；现有文件名检索结果不足以支持人工硬配。,No file in the current corpus can be safely attributed to the parent company 'TYSON FOODS'. Available file-name evidence is insufficient for a reliable manual match.,high,default_no_parent_report
r277_mideagroup,277,美的集团股份有限公司,MIDEA GROUP,库内无母公司主报告,No parent-company main report in corpus,,,,在当前库存文件中，未检出能够安全归属于“美的集团股份有限公司”母公司的主报告文件；现有文件名检索结果不足以支持人工硬配。,No file in the current corpus can be safely attributed to the parent company 'MIDEA GROUP'. Available file-name evidence is insufficient for a reliable manual match.,high,default_no_parent_report
r279_chinaunitednetworkcommunications,279,中国联合网络通信股份有限公司,CHINA UNITED NETWORK COMMUNICATIONS,库内无母公司主报告,No parent-company main report in corpus,,,,在当前库存文件中，未检出能够安全归属于“中国联合网络通信股份有限公司”母公司的主报告文件；现有文件名检索结果不足以支持人工硬配。,No file in the current corpus can be safely attributed to the parent company 'CHINA UNITED NETWORK COMMUNICATIONS'. Available file-name evidence is insufficient for a reliable manual match.,high,default_no_parent_report
r280_libertymutualinsurancegroup,280,美国利宝互助保险集团,LIBERTY MUTUAL INSURANCE GROUP,库内无母公司主报告,No parent-company main report in corpus,,,,在当前库存文件中，未检出能够安全归属于“美国利宝互助保险集团”母公司的主报告文件；现有文件名检索结果不足以支持人工硬配。,No file in the current corpus can be safely attributed to the parent company 'LIBERTY MUTUAL INSURANCE GROUP'. Available file-name evidence is insufficient for a reliable manual match.,high,default_no_parent_report
r281_bankofnovascotia,281,加拿大丰业银行,BANK OF NOVA SCOTIA,库内无母公司主报告,No parent-company main report in corpus,,,,在当前库存文件中，未检出能够安全归属于“加拿大丰业银行”母公司的主报告文件；现有文件名检索结果不足以支持人工硬配。,No file in the current corpus can be safely attributed to the parent company 'BANK OF NOVA SCOTIA'. Available file-name evidence is insufficient for a reliable manual match.,high,default_no_parent_report
r284_saintgobain,284,圣戈班集团,SAINT-GOBAIN,库内无母公司主报告,No parent-company main report in corpus,,,,在当前库存文件中，未检出能够安全归属于“圣戈班集团”母公司的主报告文件；现有文件名检索结果不足以支持人工硬配。,No file in the current corpus can be safely attributed to the parent company 'SAINT-GOBAIN'. Available file-name evidence is insufficient for a reliable manual match.,high,default_no_parent_report
r285_shaanxiyanchangpetroleumgroup,285,陕西延长石油（集团）有限责任公司,SHAANXI YANCHANG PETROLEUM (GROUP),库内无母公司主报告,No parent-company main report in corpus,,,,在当前库存文件中，未检出能够安全归属于“陕西延长石油（集团）有限责任公司”母公司的主报告文件；现有文件名检索结果不足以支持人工硬配。,No file in the current corpus can be safely attributed to the parent company 'SHAANXI YANCHANG PETROLEUM (GROUP)'. Available file-name evidence is insufficient for a reliable manual match.,high,default_no_parent_report
r288_nike,288,耐克公司,NIKE,库内无母公司主报告,No parent-company main report in corpus,,,,在当前库存文件中，未检出能够安全归属于“耐克公司”母公司的主报告文件；现有文件名检索结果不足以支持人工硬配。,No file in the current corpus can be safely attributed to the parent company 'NIKE'. Available file-name evidence is insufficient for a reliable manual match.,high,default_no_parent_report
r291_greenlandholdinggroup,291,绿地控股集团股份有限公司,GREENLAND HOLDING GROUP,库内无母公司主报告,No parent-company main report in corpus,,,,在当前库存文件中，未检出能够安全归属于“绿地控股集团股份有限公司”母公司的主报告文件；现有文件名检索结果不足以支持人工硬配。,No file in the current corpus can be safely attributed to the parent company 'GREENLAND HOLDING GROUP'. Available file-name evidence is insufficient for a reliable manual match.,high,default_no_parent_report
r292_shanghaipudongdevelopmentbank,292,上海浦东发展银行股份有限公司,SHANGHAI PUDONG DEVELOPMENT BANK,库内无母公司主报告,No parent-company main report in corpus,,,,在当前库存文件中，未检出能够安全归属于“上海浦东发展银行股份有限公司”母公司的主报告文件；现有文件名检索结果不足以支持人工硬配。,No file in the current corpus can be safely attributed to the parent company 'SHANGHAI PUDONG DEVELOPMENT BANK'. Available file-name evidence is insufficient for a reliable manual match.,high,default_no_parent_report
r293_louisdreyfus,293,路易达孚集团,LOUIS DREYFUS,库内无母公司主报告,No parent-company main report in corpus,,,,在当前库存文件中，未检出能够安全归属于“路易达孚集团”母公司的主报告文件；现有文件名检索结果不足以支持人工硬配。,No file in the current corpus can be safely attributed to the parent company 'LOUIS DREYFUS'. Available file-name evidence is insufficient for a reliable manual match.,high,default_no_parent_report
r296_kb金融集团,296,KB金融集团,KB金融集团,库内无母公司主报告,No parent-company main report in corpus,,,,在当前库存文件中，未检出能够安全归属于“KB金融集团”母公司的主报告文件；现有文件名检索结果不足以支持人工硬配。,No file in the current corpus can be safely attributed to the parent company 'KB金融集团'. Available file-name evidence is insufficient for a reliable manual match.,high,default_no_parent_report
r299_oracle,299,甲骨文公司,ORACLE,库内无母公司主报告,No parent-company main report in corpus,,,,在当前库存文件中，未检出能够安全归属于“甲骨文公司”母公司的主报告文件；现有文件名检索结果不足以支持人工硬配。,No file in the current corpus can be safely attributed to the parent company 'ORACLE'. Available file-name evidence is insufficient for a reliable manual match.,high,default_no_parent_report
r003_stategrid,3,国家电网有限公司,STATE GRID,库内无母公司主报告,No parent-company main report in corpus,,,,在当前库存文件中，未检出能够安全归属于“国家电网有限公司”母公司的主报告文件；现有文件名检索结果不足以支持人工硬配。,No file in the current corpus can be safely attributed to the parent company 'STATE GRID'. Available file-name evidence is insufficient for a reliable manual match.,high,default_no_parent_report
r300_jinchuangroup,300,金川集团股份有限公司,JINCHUAN GROUP,库内无母公司主报告,No parent-company main report in corpus,,,,在当前库存文件中，未检出能够安全归属于“金川集团股份有限公司”母公司的主报告文件；现有文件名检索结果不足以支持人工硬配。,No file in the current corpus can be safely attributed to the parent company 'JINCHUAN GROUP'. Available file-name evidence is insufficient for a reliable manual match.,high,default_no_parent_report
r303_enterpriseproductspartners公司,303,Enterprise Products Partners公司,Enterprise Products Partners公司,库内无母公司主报告,No parent-company main report in corpus,,,,在当前库存文件中，未检出能够安全归属于“Enterprise Products Partners公司”母公司的主报告文件；现有文件名检索结果不足以支持人工硬配。,No file in the current corpus can be safely attributed to the parent company 'Enterprise Products Partners公司'. Available file-name evidence is insufficient for a reliable manual match.,high,default_no_parent_report
r304_capitalonefinancial,304,第一资本金融公司,CAPITAL ONE FINANCIAL,库内无母公司主报告,No parent-company main report in corpus,,,,在当前库存文件中，未检出能够安全归属于“第一资本金融公司”母公司的主报告文件；现有文件名检索结果不足以支持人工硬配。,No file in the current corpus can be safely attributed to the parent company 'CAPITAL ONE FINANCIAL'. Available file-name evidence is insufficient for a reliable manual match.,high,default_no_parent_report
r306_hdfc银行,306,HDFC银行,HDFC银行,库内无母公司主报告,No parent-company main report in corpus,,,,在当前库存文件中，未检出能够安全归属于“HDFC银行”母公司的主报告文件；现有文件名检索结果不足以支持人工硬配。,No file in the current corpus can be safely attributed to the parent company 'HDFC银行'. Available file-name evidence is insufficient for a reliable manual match.,high,default_no_parent_report
r307_chinanationalbuildingmaterialgroup,307,中国建材集团有限公司,CHINA NATIONAL BUILDING MATERIAL GROUP,库内无母公司主报告,No parent-company main report in corpus,,,,在当前库存文件中，未检出能够安全归属于“中国建材集团有限公司”母公司的主报告文件；现有文件名检索结果不足以支持人工硬配。,No file in the current corpus can be safely attributed to the parent company 'CHINA NATIONAL BUILDING MATERIAL GROUP'. Available file-name evidence is insufficient for a reliable manual match.,high,default_no_parent_report
r309_chinastateshipbuilding,309,中国船舶集团有限公司,CHINA STATE SHIPBUILDING,库内无母公司主报告,No parent-company main report in corpus,,,,在当前库存文件中，未检出能够安全归属于“中国船舶集团有限公司”母公司的主报告文件；现有文件名检索结果不足以支持人工硬配。,No file in the current corpus can be safely attributed to the parent company 'CHINA STATE SHIPBUILDING'. Available file-name evidence is insufficient for a reliable manual match.,high,default_no_parent_report
r312_landesbankbadenwürttemberg,312,德国巴登-符腾堡州银行,LANDESBANK BADEN-WÜRTTEMBERG,库内无母公司主报告,No parent-company main report in corpus,,,,在当前库存文件中，未检出能够安全归属于“德国巴登-符腾堡州银行”母公司的主报告文件；现有文件名检索结果不足以支持人工硬配。,No file in the current corpus can be safely attributed to the parent company 'LANDESBANK BADEN-WÜRTTEMBERG'. Available file-name evidence is insufficient for a reliable manual match.,high,default_no_parent_report
r314_jingyegroup,314,敬业集团有限公司,JINGYE GROUP,库内无母公司主报告,No parent-company main report in corpus,,,,在当前库存文件中，未检出能够安全归属于“敬业集团有限公司”母公司的主报告文件；现有文件名检索结果不足以支持人工硬配。,No file in the current corpus can be safely attributed to the parent company 'JINGYE GROUP'. Available file-name evidence is insufficient for a reliable manual match.,high,default_no_parent_report
r316_energiebadenwürttemberg,316,巴登-符腾堡州能源公司,ENERGIE BADEN-WÜRTTEMBERG,库内无母公司主报告,No parent-company main report in corpus,,,,在当前库存文件中，未检出能够安全归属于“巴登-符腾堡州能源公司”母公司的主报告文件；现有文件名检索结果不足以支持人工硬配。,No file in the current corpus can be safely attributed to the parent company 'ENERGIE BADEN-WÜRTTEMBERG'. Available file-name evidence is insufficient for a reliable manual match.,high,default_no_parent_report
r321_hd现代公司,321,HD现代公司,HD现代公司,库内无母公司主报告,No parent-company main report in corpus,,,,在当前库存文件中，未检出能够安全归属于“HD现代公司”母公司的主报告文件；现有文件名检索结果不足以支持人工硬配。,No file in the current corpus can be safely attributed to the parent company 'HD现代公司'. Available file-name evidence is insufficient for a reliable manual match.,high,default_no_parent_report
r325_softbankgroup,325,软银集团,SOFTBANK GROUP,库内无母公司主报告,No parent-company main report in corpus,,,,在当前库存文件中，未检出能够安全归属于“软银集团”母公司的主报告文件；现有文件名检索结果不足以支持人工硬配。,No file in the current corpus can be safely attributed to the parent company 'SOFTBANK GROUP'. Available file-name evidence is insufficient for a reliable manual match.,high,default_no_parent_report
r328_américamóvil,328,美洲电信,AMÉRICA MÓVIL,库内无母公司主报告,No parent-company main report in corpus,,,,在当前库存文件中，未检出能够安全归属于“美洲电信”母公司的主报告文件；现有文件名检索结果不足以支持人工硬配。,No file in the current corpus can be safely attributed to the parent company 'AMÉRICA MÓVIL'. Available file-name evidence is insufficient for a reliable manual match.,high,default_no_parent_report
r330_zhejiangcommunicationsinvestmentgroup,330,浙江省交通投资集团有限公司,ZHEJIANG COMMUNICATIONS INVESTMENT GROUP,库内无母公司主报告,No parent-company main report in corpus,,,,在当前库存文件中，未检出能够安全归属于“浙江省交通投资集团有限公司”母公司的主报告文件；现有文件名检索结果不足以支持人工硬配。,No file in the current corpus can be safely attributed to the parent company 'ZHEJIANG COMMUNICATIONS INVESTMENT GROUP'. Available file-name evidence is insufficient for a reliable manual match.,high,default_no_parent_report
r331_chinapacificinsurancegroup,331,中国太平洋保险(集团)股份有限公司,CHINA PACIFIC INSURANCE (GROUP),库内无母公司主报告,No parent-company main report in corpus,,,,在当前库存文件中，未检出能够安全归属于“中国太平洋保险(集团)股份有限公司”母公司的主报告文件；现有文件名检索结果不足以支持人工硬配。,No file in the current corpus can be safely attributed to the parent company 'CHINA PACIFIC INSURANCE (GROUP)'. Available file-name evidence is insufficient for a reliable manual match.,high,default_no_parent_report
r332_cocacola,332,可口可乐公司,COCA-COLA,库内无母公司主报告,No parent-company main report in corpus,,,,在当前库存文件中，未检出能够安全归属于“可口可乐公司”母公司的主报告文件；现有文件名检索结果不足以支持人工硬配。,No file in the current corpus can be safely attributed to the parent company 'COCA-COLA'. Available file-name evidence is insufficient for a reliable manual match.,high,default_no_parent_report
r336_chinahuadian,336,中国华电集团有限公司,CHINA HUADIAN,库内无母公司主报告,No parent-company main report in corpus,,,,在当前库存文件中，未检出能够安全归属于“中国华电集团有限公司”母公司的主报告文件；现有文件名检索结果不足以支持人工硬配。,No file in the current corpus can be safely attributed to the parent company 'CHINA HUADIAN'. Available file-name evidence is insufficient for a reliable manual match.,high,default_no_parent_report
r337_créditmutuelgroup,337,法国国民互助信贷银行集团,CRÉDIT MUTUEL GROUP,库内无母公司主报告,No parent-company main report in corpus,,,,在当前库存文件中，未检出能够安全归属于“法国国民互助信贷银行集团”母公司的主报告文件；现有文件名检索结果不足以支持人工硬配。,No file in the current corpus can be safely attributed to the parent company 'CRÉDIT MUTUEL GROUP'. Available file-name evidence is insufficient for a reliable manual match.,high,default_no_parent_report
r338_msandad保险集团控股有限公司,338,MS&AD保险集团控股有限公司,MS&AD保险集团控股有限公司,库内无母公司主报告,No parent-company main report in corpus,,,,在当前库存文件中，未检出能够安全归属于“MS&AD保险集团控股有限公司”母公司的主报告文件；现有文件名检索结果不足以支持人工硬配。,No file in the current corpus can be safely attributed to the parent company 'MS&AD保险集团控股有限公司'. Available file-name evidence is insufficient for a reliable manual match.,high,default_no_parent_report
r340_susunconstructiongroup,340,苏商建设集团有限公司,SUSUN CONSTRUCTION GROUP,库内无母公司主报告,No parent-company main report in corpus,,,,在当前库存文件中，未检出能够安全归属于“苏商建设集团有限公司”母公司的主报告文件；现有文件名检索结果不足以支持人工硬配。,No file in the current corpus can be safely attributed to the parent company 'SUSUN CONSTRUCTION GROUP'. Available file-name evidence is insufficient for a reliable manual match.,high,default_no_parent_report
r341_sncfgroup,341,法国国营铁路集团,SNCF GROUP,库内无母公司主报告,No parent-company main report in corpus,,,,在当前库存文件中，未检出能够安全归属于“法国国营铁路集团”母公司的主报告文件；现有文件名检索结果不足以支持人工硬配。,No file in the current corpus can be safely attributed to the parent company 'SNCF GROUP'. Available file-name evidence is insufficient for a reliable manual match.,high,default_no_parent_report
r343_chinasouthindustriesgroup,343,中国兵器装备集团公司,CHINA SOUTH INDUSTRIES GROUP,库内无母公司主报告,No parent-company main report in corpus,,,,在当前库存文件中，未检出能够安全归属于“中国兵器装备集团公司”母公司的主报告文件；现有文件名检索结果不足以支持人工硬配。,No file in the current corpus can be safely attributed to the parent company 'CHINA SOUTH INDUSTRIES GROUP'. Available file-name evidence is insufficient for a reliable manual match.,high,default_no_parent_report
r347_georgeweston,347,乔治威斯顿公司,GEORGE WESTON,库内无母公司主报告,No parent-company main report in corpus,,,,在当前库存文件中，未检出能够安全归属于“乔治威斯顿公司”母公司的主报告文件；现有文件名检索结果不足以支持人工硬配。,No file in the current corpus can be safely attributed to the parent company 'GEORGE WESTON'. Available file-name evidence is insufficient for a reliable manual match.,high,default_no_parent_report
r351_chinaminshengbanking,351,中国民生银行股份有限公司,CHINA MINSHENG BANKING,库内无母公司主报告,No parent-company main report in corpus,,,,在当前库存文件中，未检出能够安全归属于“中国民生银行股份有限公司”母公司的主报告文件；现有文件名检索结果不足以支持人工硬配。,No file in the current corpus can be safely attributed to the parent company 'CHINA MINSHENG BANKING'. Available file-name evidence is insufficient for a reliable manual match.,high,default_no_parent_report
r354_shanghaiconstructiongroup,354,上海建工集团股份有限公司,SHANGHAI CONSTRUCTION GROUP,库内无母公司主报告,No parent-company main report in corpus,,,,在当前库存文件中，未检出能够安全归属于“上海建工集团股份有限公司”母公司的主报告文件；现有文件名检索结果不足以支持人工硬配。,No file in the current corpus can be safely attributed to the parent company 'SHANGHAI CONSTRUCTION GROUP'. Available file-name evidence is insufficient for a reliable manual match.,high,default_no_parent_report
r355_lg化学公司,355,LG化学公司,LG化学公司,库内无母公司主报告,No parent-company main report in corpus,,,,在当前库存文件中，未检出能够安全归属于“LG化学公司”母公司的主报告文件；现有文件名检索结果不足以支持人工硬配。,No file in the current corpus can be safely attributed to the parent company 'LG化学公司'. Available file-name evidence is insufficient for a reliable manual match.,high,default_no_parent_report
r360_unitedservicesautomobileassn,360,联合服务汽车协会,UNITED SERVICES AUTOMOBILE ASSN.,库内无母公司主报告,No parent-company main report in corpus,,,,在当前库存文件中，未检出能够安全归属于“联合服务汽车协会”母公司的主报告文件；现有文件名检索结果不足以支持人工硬配。,No file in the current corpus can be safely attributed to the parent company 'UNITED SERVICES AUTOMOBILE ASSN.'. Available file-name evidence is insufficient for a reliable manual match.,high,default_no_parent_report
r361_guangzhoumunicipalconstructiongroup,361,广州市建筑集团有限公司,GUANGZHOU MUNICIPAL CONSTRUCTION GROUP,库内无母公司主报告,No parent-company main report in corpus,,,,在当前库存文件中，未检出能够安全归属于“广州市建筑集团有限公司”母公司的主报告文件；现有文件名检索结果不足以支持人工硬配。,No file in the current corpus can be safely attributed to the parent company 'GUANGZHOU MUNICIPAL CONSTRUCTION GROUP'. Available file-name evidence is insufficient for a reliable manual match.,high,default_no_parent_report
r362_generaldynamics,362,通用动力,GENERAL DYNAMICS,库内无母公司主报告,No parent-company main report in corpus,,,,在当前库存文件中，未检出能够安全归属于“通用动力”母公司的主报告文件；现有文件名检索结果不足以支持人工硬配。,No file in the current corpus can be safely attributed to the parent company 'GENERAL DYNAMICS'. Available file-name evidence is insufficient for a reliable manual match.,high,default_no_parent_report
r364_zijinmininggroup,364,紫金矿业集团股份有限公司,ZIJIN MINING GROUP,库内无母公司主报告,No parent-company main report in corpus,,,,在当前库存文件中，未检出能够安全归属于“紫金矿业集团股份有限公司”母公司的主报告文件；现有文件名检索结果不足以支持人工硬配。,No file in the current corpus can be safely attributed to the parent company 'ZIJIN MINING GROUP'. Available file-name evidence is insufficient for a reliable manual match.,high,default_no_parent_report
r370_shenzheninvestmentholdings,370,深圳市投资控股有限公司,SHENZHEN INVESTMENT HOLDINGS,库内无母公司主报告,No parent-company main report in corpus,,,,在当前库存文件中，未检出能够安全归属于“深圳市投资控股有限公司”母公司的主报告文件；现有文件名检索结果不足以支持人工硬配。,No file in the current corpus can be safely attributed to the parent company 'SHENZHEN INVESTMENT HOLDINGS'. Available file-name evidence is insufficient for a reliable manual match.,high,default_no_parent_report
r371_ansteelgroup,371,鞍钢集团有限公司,ANSTEEL GROUP,库内无母公司主报告,No parent-company main report in corpus,,,,在当前库存文件中，未检出能够安全归属于“鞍钢集团有限公司”母公司的主报告文件；现有文件名检索结果不足以支持人工硬配。,No file in the current corpus can be safely attributed to the parent company 'ANSTEEL GROUP'. Available file-name evidence is insufficient for a reliable manual match.,high,default_no_parent_report
r372_hanwha,372,韩华集团,HANWHA,库内无母公司主报告,No parent-company main report in corpus,,,,在当前库存文件中，未检出能够安全归属于“韩华集团”母公司的主报告文件；现有文件名检索结果不足以支持人工硬配。,No file in the current corpus can be safely attributed to the parent company 'HANWHA'. Available file-name evidence is insufficient for a reliable manual match.,high,default_no_parent_report
r373_usbancorp,373,美国合众银行,U.S. BANCORP,库内无母公司主报告,No parent-company main report in corpus,,,,在当前库存文件中，未检出能够安全归属于“美国合众银行”母公司的主报告文件；现有文件名检索结果不足以支持人工硬配。,No file in the current corpus can be safely attributed to the parent company 'U.S. BANCORP'. Available file-name evidence is insufficient for a reliable manual match.,high,default_no_parent_report
r377_thyssenkrupp,377,蒂森克虏伯,THYSSENKRUPP,库内无母公司主报告,No parent-company main report in corpus,,,,在当前库存文件中，未检出能够安全归属于“蒂森克虏伯”母公司的主报告文件；现有文件名检索结果不足以支持人工硬配。,No file in the current corpus can be safely attributed to the parent company 'THYSSENKRUPP'. Available file-name evidence is insufficient for a reliable manual match.,high,default_no_parent_report
r380_chinanationalnuclear,380,中国核工业集团有限公司,CHINA NATIONAL NUCLEAR,库内无母公司主报告,No parent-company main report in corpus,,,,在当前库存文件中，未检出能够安全归属于“中国核工业集团有限公司”母公司的主报告文件；现有文件名检索结果不足以支持人工硬配。,No file in the current corpus can be safely attributed to the parent company 'CHINA NATIONAL NUCLEAR'. Available file-name evidence is insufficient for a reliable manual match.,high,default_no_parent_report
r381_taikanginsurancegroup,381,泰康保险集团股份有限公司,TAIKANG INSURANCE GROUP,库内无母公司主报告,No parent-company main report in corpus,,,,在当前库存文件中，未检出能够安全归属于“泰康保险集团股份有限公司”母公司的主报告文件；现有文件名检索结果不足以支持人工硬配。,No file in the current corpus can be safely attributed to the parent company 'TAIKANG INSURANCE GROUP'. Available file-name evidence is insufficient for a reliable manual match.,high,default_no_parent_report
r382_northropgrumman,382,美国诺斯洛普格拉曼公司,NORTHROP GRUMMAN,库内无母公司主报告,No parent-company main report in corpus,,,,在当前库存文件中，未检出能够安全归属于“美国诺斯洛普格拉曼公司”母公司的主报告文件；现有文件名检索结果不足以支持人工硬配。,No file in the current corpus can be safely attributed to the parent company 'NORTHROP GRUMMAN'. Available file-name evidence is insufficient for a reliable manual match.,high,default_no_parent_report
r383_jiangsushaganggroup,383,江苏沙钢集团有限公司,JIANGSU SHAGANG GROUP,库内无母公司主报告,No parent-company main report in corpus,,,,在当前库存文件中，未检出能够安全归属于“江苏沙钢集团有限公司”母公司的主报告文件；现有文件名检索结果不足以支持人工硬配。,No file in the current corpus can be safely attributed to the parent company 'JIANGSU SHAGANG GROUP'. Available file-name evidence is insufficient for a reliable manual match.,high,default_no_parent_report
r389_dollargeneral公司,389,Dollar General公司,Dollar General公司,库内无母公司主报告,No parent-company main report in corpus,,,,在当前库存文件中，未检出能够安全归属于“Dollar General公司”母公司的主报告文件；现有文件名检索结果不足以支持人工硬配。,No file in the current corpus can be safely attributed to the parent company 'Dollar General公司'. Available file-name evidence is insufficient for a reliable manual match.,high,default_no_parent_report
r390_cenovusenergy公司,390,Cenovus Energy公司,Cenovus Energy公司,库内无母公司主报告,No parent-company main report in corpus,,,,在当前库存文件中，未检出能够安全归属于“Cenovus Energy公司”母公司的主报告文件；现有文件名检索结果不足以支持人工硬配。,No file in the current corpus can be safely attributed to the parent company 'Cenovus Energy公司'. Available file-name evidence is insufficient for a reliable manual match.,high,default_no_parent_report
r393_fairfaxfinancialholdings,393,加拿大枫信金融控股公司,FAIRFAX FINANCIAL HOLDINGS,库内无母公司主报告,No parent-company main report in corpus,,,,在当前库存文件中，未检出能够安全归属于“加拿大枫信金融控股公司”母公司的主报告文件；现有文件名检索结果不足以支持人工硬配。,No file in the current corpus can be safely attributed to the parent company 'FAIRFAX FINANCIAL HOLDINGS'. Available file-name evidence is insufficient for a reliable manual match.,high,default_no_parent_report
r394_guangzhouindustrialinvestmentholdings,394,广州工业投资控股集团有限公司,GUANGZHOU INDUSTRIAL INVESTMENT HOLDINGS,库内无母公司主报告,No parent-company main report in corpus,,,,在当前库存文件中，未检出能够安全归属于“广州工业投资控股集团有限公司”母公司的主报告文件；现有文件名检索结果不足以支持人工硬配。,No file in the current corpus can be safely attributed to the parent company 'GUANGZHOU INDUSTRIAL INVESTMENT HOLDINGS'. Available file-name evidence is insufficient for a reliable manual match.,high,default_no_parent_report
r040_elevancehealth公司,40,Elevance Health公司,Elevance Health公司,库内无母公司主报告,No parent-company main report in corpus,,,,在当前库存文件中，未检出能够安全归属于“Elevance Health公司”母公司的主报告文件；现有文件名检索结果不足以支持人工硬配。,No file in the current corpus can be safely attributed to the parent company 'Elevance Health公司'. Available file-name evidence is insufficient for a reliable manual match.,high,default_no_parent_report
r402_hangzhouindustrialinvestmentgroup,402,杭州市实业投资集团有限公司,HANGZHOU INDUSTRIAL INVESTMENT GROUP,库内无母公司主报告,No parent-company main report in corpus,,,,在当前库存文件中，未检出能够安全归属于“杭州市实业投资集团有限公司”母公司的主报告文件；现有文件名检索结果不足以支持人工硬配。,No file in the current corpus can be safely attributed to the parent company 'HANGZHOU INDUSTRIAL INVESTMENT GROUP'. Available file-name evidence is insufficient for a reliable manual match.,high,default_no_parent_report
r404_dzbank,404,德国中央合作银行,DZ BANK,库内无母公司主报告,No parent-company main report in corpus,,,,在当前库存文件中，未检出能够安全归属于“德国中央合作银行”母公司的主报告文件；现有文件名检索结果不足以支持人工硬配。,No file in the current corpus can be safely attributed to the parent company 'DZ BANK'. Available file-name evidence is insufficient for a reliable manual match.,high,default_no_parent_report
r405_gs加德士,405,GS加德士,GS加德士,库内无母公司主报告,No parent-company main report in corpus,,,,在当前库存文件中，未检出能够安全归属于“GS加德士”母公司的主报告文件；现有文件名检索结果不足以支持人工硬配。,No file in the current corpus can be safely attributed to the parent company 'GS加德士'. Available file-name evidence is insufficient for a reliable manual match.,high,default_no_parent_report
r408_x5零售集团,408,X5零售集团,X5零售集团,库内无母公司主报告,No parent-company main report in corpus,,,,在当前库存文件中，未检出能够安全归属于“X5零售集团”母公司的主报告文件；现有文件名检索结果不足以支持人工硬配。,No file in the current corpus can be safely attributed to the parent company 'X5零售集团'. Available file-name evidence is insufficient for a reliable manual match.,high,default_no_parent_report
r410_hangzhouironandsteelgroup,410,杭州钢铁集团有限公司,HANGZHOU IRON AND STEEL GROUP,库内无母公司主报告,No parent-company main report in corpus,,,,在当前库存文件中，未检出能够安全归属于“杭州钢铁集团有限公司”母公司的主报告文件；现有文件名检索结果不足以支持人工硬配。,No file in the current corpus can be safely attributed to the parent company 'HANGZHOU IRON AND STEEL GROUP'. Available file-name evidence is insufficient for a reliable manual match.,high,default_no_parent_report
r411_shanghaipharmaceuticalsholding,411,上海医药集团股份有限公司,SHANGHAI PHARMACEUTICALS HOLDING,库内无母公司主报告,No parent-company main report in corpus,,,,在当前库存文件中，未检出能够安全归属于“上海医药集团股份有限公司”母公司的主报告文件；现有文件名检索结果不足以支持人工硬配。,No file in the current corpus can be safely attributed to the parent company 'SHANGHAI PHARMACEUTICALS HOLDING'. Available file-name evidence is insufficient for a reliable manual match.,high,default_no_parent_report
r412_shandonghispeedgroup,412,山东高速集团有限公司,SHANDONG HI-SPEED GROUP,库内无母公司主报告,No parent-company main report in corpus,,,,在当前库存文件中，未检出能够安全归属于“山东高速集团有限公司”母公司的主报告文件；现有文件名检索结果不足以支持人工硬配。,No file in the current corpus can be safely attributed to the parent company 'SHANDONG HI-SPEED GROUP'. Available file-name evidence is insufficient for a reliable manual match.,high,default_no_parent_report
r414_guangdongguangxinholdingsgroup,414,广东省广新控股集团有限公司,GUANGDONG GUANGXIN HOLDINGS GROUP,库内无母公司主报告,No parent-company main report in corpus,,,,在当前库存文件中，未检出能够安全归属于“广东省广新控股集团有限公司”母公司的主报告文件；现有文件名检索结果不足以支持人工硬配。,No file in the current corpus can be safely attributed to the parent company 'GUANGDONG GUANGXIN HOLDINGS GROUP'. Available file-name evidence is insufficient for a reliable manual match.,high,default_no_parent_report
r417_guangzhoupharmaceuticalholdings,417,广州医药集团有限公司,GUANGZHOU PHARMACEUTICAL HOLDINGS,库内无母公司主报告,No parent-company main report in corpus,,,,在当前库存文件中，未检出能够安全归属于“广州医药集团有限公司”母公司的主报告文件；现有文件名检索结果不足以支持人工硬配。,No file in the current corpus can be safely attributed to the parent company 'GUANGZHOU PHARMACEUTICAL HOLDINGS'. Available file-name evidence is insufficient for a reliable manual match.,high,default_no_parent_report
r419_mapfregroup,419,曼福集团,MAPFRE GROUP,库内无母公司主报告,No parent-company main report in corpus,,,,在当前库存文件中，未检出能够安全归属于“曼福集团”母公司的主报告文件；现有文件名检索结果不足以支持人工硬配。,No file in the current corpus can be safely attributed to the parent company 'MAPFRE GROUP'. Available file-name evidence is insufficient for a reliable manual match.,high,default_no_parent_report
r420_cfe公司,420,CFE公司,CFE公司,库内无母公司主报告,No parent-company main report in corpus,,,,在当前库存文件中，未检出能够安全归属于“CFE公司”母公司的主报告文件；现有文件名检索结果不足以支持人工硬配。,No file in the current corpus can be safely attributed to the parent company 'CFE公司'. Available file-name evidence is insufficient for a reliable manual match.,high,default_no_parent_report
r043_chinarailwayconstruction,43,中国铁道建筑集团有限公司,CHINA RAILWAY CONSTRUCTION,库内无母公司主报告,No parent-company main report in corpus,,,,在当前库存文件中，未检出能够安全归属于“中国铁道建筑集团有限公司”母公司的主报告文件；现有文件名检索结果不足以支持人工硬配。,No file in the current corpus can be safely attributed to the parent company 'CHINA RAILWAY CONSTRUCTION'. Available file-name evidence is insufficient for a reliable manual match.,high,default_no_parent_report
r430_usfoodsholding公司,430,US Foods Holding公司,US Foods Holding公司,库内无母公司主报告,No parent-company main report in corpus,,,,在当前库存文件中，未检出能够安全归属于“US Foods Holding公司”母公司的主报告文件；现有文件名检索结果不足以支持人工硬配。,No file in the current corpus can be safely attributed to the parent company 'US Foods Holding公司'. Available file-name evidence is insufficient for a reliable manual match.,high,default_no_parent_report
r432_migros集团,432,Migros集团,Migros集团,库内无母公司主报告,No parent-company main report in corpus,,,,在当前库存文件中，未检出能够安全归属于“Migros集团”母公司的主报告文件；现有文件名检索结果不足以支持人工硬配。,No file in the current corpus can be safely attributed to the parent company 'Migros集团'. Available file-name evidence is insufficient for a reliable manual match.,high,default_no_parent_report
r435_chinaelectronics,435,中国电子信息产业集团有限公司,CHINA ELECTRONICS,库内无母公司主报告,No parent-company main report in corpus,,,,在当前库存文件中，未检出能够安全归属于“中国电子信息产业集团有限公司”母公司的主报告文件；现有文件名检索结果不足以支持人工硬配。,No file in the current corpus can be safely attributed to the parent company 'CHINA ELECTRONICS'. Available file-name evidence is insufficient for a reliable manual match.,high,default_no_parent_report
r436_shudaoinvestmentgroup,436,蜀道投资集团有限责任公司,SHUDAO INVESTMENT GROUP,库内无母公司主报告,No parent-company main report in corpus,,,,在当前库存文件中，未检出能够安全归属于“蜀道投资集团有限责任公司”母公司的主报告文件；现有文件名检索结果不足以支持人工硬配。,No file in the current corpus can be safely attributed to the parent company 'SHUDAO INVESTMENT GROUP'. Available file-name evidence is insufficient for a reliable manual match.,high,default_no_parent_report
r437_chinanationalcoalgroup,437,中国中煤能源集团有限公司,CHINA NATIONAL COAL GROUP,库内无母公司主报告,No parent-company main report in corpus,,,,在当前库存文件中，未检出能够安全归属于“中国中煤能源集团有限公司”母公司的主报告文件；现有文件名检索结果不足以支持人工硬配。,No file in the current corpus can be safely attributed to the parent company 'CHINA NATIONAL COAL GROUP'. Available file-name evidence is insufficient for a reliable manual match.,high,default_no_parent_report
r438_tonglingnonferrousmetalsgroup,438,铜陵有色金属集团控股有限公司,TONGLING NONFERROUS METALS GROUP,库内无母公司主报告,No parent-company main report in corpus,,,,在当前库存文件中，未检出能够安全归属于“铜陵有色金属集团控股有限公司”母公司的主报告文件；现有文件名检索结果不足以支持人工硬配。,No file in the current corpus can be safely attributed to the parent company 'TONGLING NONFERROUS METALS GROUP'. Available file-name evidence is insufficient for a reliable manual match.,high,default_no_parent_report
r439_ckhutchisonholdings,439,长江和记实业有限公司,CK HUTCHISON HOLDINGS,库内无母公司主报告,No parent-company main report in corpus,,,,在当前库存文件中，未检出能够安全归属于“长江和记实业有限公司”母公司的主报告文件；现有文件名检索结果不足以支持人工硬配。,No file in the current corpus can be safely attributed to the parent company 'CK HUTCHISON HOLDINGS'. Available file-name evidence is insufficient for a reliable manual match.,high,default_no_parent_report
r442_pddholdings,442,拼多多控股公司,PDD HOLDINGS,库内无母公司主报告,No parent-company main report in corpus,,,,在当前库存文件中，未检出能够安全归属于“拼多多控股公司”母公司的主报告文件；现有文件名检索结果不足以支持人工硬配。,No file in the current corpus can be safely attributed to the parent company 'PDD HOLDINGS'. Available file-name evidence is insufficient for a reliable manual match.,high,default_no_parent_report
r447_nucor,447,纽柯,NUCOR,库内无母公司主报告,No parent-company main report in corpus,,,,在当前库存文件中，未检出能够安全归属于“纽柯”母公司的主报告文件；现有文件名检索结果不足以支持人工硬配。,No file in the current corpus can be safely attributed to the parent company 'NUCOR'. Available file-name evidence is insufficient for a reliable manual match.,high,default_no_parent_report
r452_shanghaidelongsteelgroup,452,上海德龙钢铁集团有限公司,SHANGHAI DELONG STEEL GROUP,库内无母公司主报告,No parent-company main report in corpus,,,,在当前库存文件中，未检出能够安全归属于“上海德龙钢铁集团有限公司”母公司的主报告文件；现有文件名检索结果不足以支持人工硬配。,No file in the current corpus can be safely attributed to the parent company 'SHANGHAI DELONG STEEL GROUP'. Available file-name evidence is insufficient for a reliable manual match.,high,default_no_parent_report
r458_beijingjianlongheavyindustrygroup,458,北京建龙重工集团有限公司,BEIJING JIANLONG HEAVY INDUSTRY GROUP,库内无母公司主报告,No parent-company main report in corpus,,,,在当前库存文件中，未检出能够安全归属于“北京建龙重工集团有限公司”母公司的主报告文件；现有文件名检索结果不足以支持人工硬配。,No file in the current corpus can be safely attributed to the parent company 'BEIJING JIANLONG HEAVY INDUSTRY GROUP'. Available file-name evidence is insufficient for a reliable manual match.,high,default_no_parent_report
r460_shaanxiconstructionengineeringholding,460,陕西建工控股集团有限公司,SHAANXI CONSTRUCTION ENGINEERING HOLDING,库内无母公司主报告,No parent-company main report in corpus,,,,在当前库存文件中，未检出能够安全归属于“陕西建工控股集团有限公司”母公司的主报告文件；现有文件名检索结果不足以支持人工硬配。,No file in the current corpus can be safely attributed to the parent company 'SHAANXI CONSTRUCTION ENGINEERING HOLDING'. Available file-name evidence is insufficient for a reliable manual match.,high,default_no_parent_report
r465_cpc,465,台湾中油股份有限公司,CPC,库内无母公司主报告,No parent-company main report in corpus,,,,在当前库存文件中，未检出能够安全归属于“台湾中油股份有限公司”母公司的主报告文件；现有文件名检索结果不足以支持人工硬配。,No file in the current corpus can be safely attributed to the parent company 'CPC'. Available file-name evidence is insufficient for a reliable manual match.,high,default_no_parent_report
r471_shanxicokingcoalgroup,471,山西焦煤集团有限责任公司,SHANXI COKING COAL GROUP,库内无母公司主报告,No parent-company main report in corpus,,,,在当前库存文件中，未检出能够安全归属于“山西焦煤集团有限责任公司”母公司的主报告文件；现有文件名检索结果不足以支持人工硬配。,No file in the current corpus can be safely attributed to the parent company 'SHANXI COKING COAL GROUP'. Available file-name evidence is insufficient for a reliable manual match.,high,default_no_parent_report
r472_guangxiinvestmentgroup,472,广西投资集团有限公司,GUANGXI INVESTMENT GROUP,库内无母公司主报告,No parent-company main report in corpus,,,,在当前库存文件中，未检出能够安全归属于“广西投资集团有限公司”母公司的主报告文件；现有文件名检索结果不足以支持人工硬配。,No file in the current corpus can be safely attributed to the parent company 'GUANGXI INVESTMENT GROUP'. Available file-name evidence is insufficient for a reliable manual match.,high,default_no_parent_report
r476_powercorpofcanada,476,加拿大鲍尔集团,POWER CORP. OF CANADA,库内无母公司主报告,No parent-company main report in corpus,,,,在当前库存文件中，未检出能够安全归属于“加拿大鲍尔集团”母公司的主报告文件；现有文件名检索结果不足以支持人工硬配。,No file in the current corpus can be safely attributed to the parent company 'POWER CORP. OF CANADA'. Available file-name evidence is insufficient for a reliable manual match.,high,default_no_parent_report
r483_chinanationalaviationfuelgroup,483,中国航空油料集团有限公司,CHINA NATIONAL AVIATION FUEL GROUP,库内无母公司主报告,No parent-company main report in corpus,,,,在当前库存文件中，未检出能够安全归属于“中国航空油料集团有限公司”母公司的主报告文件；现有文件名检索结果不足以支持人工硬配。,No file in the current corpus can be safely attributed to the parent company 'CHINA NATIONAL AVIATION FUEL GROUP'. Available file-name evidence is insufficient for a reliable manual match.,high,default_no_parent_report
r488_luxshareprecisionindustry,488,立讯精密工业股份有限公司,LUXSHARE PRECISION INDUSTRY,库内无母公司主报告,No parent-company main report in corpus,,,,在当前库存文件中，未检出能够安全归属于“立讯精密工业股份有限公司”母公司的主报告文件；现有文件名检索结果不足以支持人工硬配。,No file in the current corpus can be safely attributed to the parent company 'LUXSHARE PRECISION INDUSTRY'. Available file-name evidence is insufficient for a reliable manual match.,high,default_no_parent_report
r490_visa公司,490,Visa公司,Visa公司,库内无母公司主报告,No parent-company main report in corpus,,,,在当前库存文件中，未检出能够安全归属于“Visa公司”母公司的主报告文件；现有文件名检索结果不足以支持人工硬配。,No file in the current corpus can be safely attributed to the parent company 'Visa公司'. Available file-name evidence is insufficient for a reliable manual match.,high,default_no_parent_report
r496_airfranceklmgroup,496,法国航空－荷兰皇家航空集团,AIR FRANCE-KLM GROUP,库内无母公司主报告,No parent-company main report in corpus,,,,在当前库存文件中，未检出能够安全归属于“法国航空－荷兰皇家航空集团”母公司的主报告文件；现有文件名检索结果不足以支持人工硬配。,No file in the current corpus can be safely attributed to the parent company 'AIR FRANCE-KLM GROUP'. Available file-name evidence is insufficient for a reliable manual match.,high,default_no_parent_report
r497_enbridge公司,497,Enbridge公司,Enbridge公司,库内无母公司主报告,No parent-company main report in corpus,,,,在当前库存文件中，未检出能够安全归属于“Enbridge公司”母公司的主报告文件；现有文件名检索结果不足以支持人工硬配。,No file in the current corpus can be safely attributed to the parent company 'Enbridge公司'. Available file-name evidence is insufficient for a reliable manual match.,high,default_no_parent_report
r499_enbridge公司,499,Enbridge公司,Enbridge公司,库内无母公司主报告,No parent-company main report in corpus,,,,在当前库存文件中，未检出能够安全归属于“Enbridge公司”母公司的主报告文件；现有文件名检索结果不足以支持人工硬配。,No file in the current corpus can be safely attributed to the parent company 'Enbridge公司'. Available file-name evidence is insufficient for a reliable manual match.,high,default_no_parent_report
r051_kroger,51,克罗格,KROGER,库内无母公司主报告,No parent-company main report in corpus,,,,在当前库存文件中，未检出能够安全归属于“克罗格”母公司的主报告文件；现有文件名检索结果不足以支持人工硬配。,No file in the current corpus can be safely attributed to the parent company 'KROGER'. Available file-name evidence is insufficient for a reliable manual match.,high,default_no_parent_report
r064_bnpparibas,64,法国巴黎银行,BNP PARIBAS,库内无母公司主报告,No parent-company main report in corpus,,,,在当前库存文件中，未检出能够安全归属于“法国巴黎银行”母公司的主报告文件；现有文件名检索结果不足以支持人工硬配。,No file in the current corpus can be safely attributed to the parent company 'BNP PARIBAS'. Available file-name evidence is insufficient for a reliable manual match.,high,default_no_parent_report
r075_shandongenergygroup,75,山东能源集团有限公司,SHANDONG ENERGY GROUP,库内无母公司主报告,No parent-company main report in corpus,,,,在当前库存文件中，未检出能够安全归属于“山东能源集团有限公司”母公司的主报告文件；现有文件名检索结果不足以支持人工硬配。,No file in the current corpus can be safely attributed to the parent company 'SHANDONG ENERGY GROUP'. Available file-name evidence is insufficient for a reliable manual match.,high,default_no_parent_report
r076_comcast,76,美国康卡斯特电信公司,COMCAST,库内无母公司主报告,No parent-company main report in corpus,,,,在当前库存文件中，未检出能够安全归属于“美国康卡斯特电信公司”母公司的主报告文件；现有文件名检索结果不足以支持人工硬配。,No file in the current corpus can be safely attributed to the parent company 'COMCAST'. Available file-name evidence is insufficient for a reliable manual match.,high,default_no_parent_report
r080_wellsfargo,80,美国富国银行,WELLS FARGO,库内无母公司主报告,No parent-company main report in corpus,,,,在当前库存文件中，未检出能够安全归属于“美国富国银行”母公司的主报告文件；现有文件名检索结果不足以支持人工硬配。,No file in the current corpus can be safely attributed to the parent company 'WELLS FARGO'. Available file-name evidence is insufficient for a reliable manual match.,high,default_no_parent_report
r081_hengligroup,81,恒力集团有限公司,HENGLI GROUP,库内无母公司主报告,No parent-company main report in corpus,,,,在当前库存文件中，未检出能够安全归属于“恒力集团有限公司”母公司的主报告文件；现有文件名检索结果不足以支持人工硬配。,No file in the current corpus can be safely attributed to the parent company 'HENGLI GROUP'. Available file-name evidence is insufficient for a reliable manual match.,high,default_no_parent_report
r083_chinapostgroup,83,中国邮政集团有限公司,CHINA POST GROUP,库内无母公司主报告,No parent-company main report in corpus,,,,在当前库存文件中，未检出能够安全归属于“中国邮政集团有限公司”母公司的主报告文件；现有文件名检索结果不足以支持人工硬配。,No file in the current corpus can be safely attributed to the parent company 'CHINA POST GROUP'. Available file-name evidence is insufficient for a reliable manual match.,high,default_no_parent_report
r088_freddiemac,88,房地美,FREDDIE MAC,库内无母公司主报告,No parent-company main report in corpus,,,,在当前库存文件中，未检出能够安全归属于“房地美”母公司的主报告文件；现有文件名检索结果不足以支持人工硬配。,No file in the current corpus can be safely attributed to the parent company 'FREDDIE MAC'. Available file-name evidence is insufficient for a reliable manual match.,high,default_no_parent_report
r009_berkshirehathaway,9,伯克希尔－哈撒韦公司,BERKSHIRE HATHAWAY,库内无母公司主报告,No parent-company main report in corpus,,,,在当前库存文件中，未检出能够安全归属于“伯克希尔－哈撒韦公司”母公司的主报告文件；现有文件名检索结果不足以支持人工硬配。,No file in the current corpus can be safely attributed to the parent company 'BERKSHIRE HATHAWAY'. Available file-name evidence is insufficient for a reliable manual match.,high,default_no_parent_report
r092_humana,92,哈门那公司,HUMANA,库内无母公司主报告,No parent-company main report in corpus,,,,在当前库存文件中，未检出能够安全归属于“哈门那公司”母公司的主报告文件；现有文件名检索结果不足以支持人工硬配。,No file in the current corpus can be safely attributed to the parent company 'HUMANA'. Available file-name evidence is insufficient for a reliable manual match.,high,default_no_parent_report
r099_petrobras,99,巴西国家石油公司,PETROBRAS,库内无母公司主报告,No parent-company main report in corpus,,,,在当前库存文件中，未检出能够安全归属于“巴西国家石油公司”母公司的主报告文件；现有文件名检索结果不足以支持人工硬配。,No file in the current corpus can be safely attributed to the parent company 'PETROBRAS'. Available file-name evidence is insufficient for a reliable manual match.,high,default_no_parent_report
