node_id,node_type,label,basis_note_en,basis_note_zh,category_code,classification_stage_en,classification_stage_zh,company_id,confidence_level,country_en,country_zh,curation_status,disclosure_status,disclosure_status_zh,entity_id,entity_type,estimate_basis_en,estimate_basis_zh,evidence_page,gb_standard_code,gbt4754_section_code,inventory_year,is_gb_standard,label_en,label_zh,match_status,metric_kind_en,metric_kind_zh,note_en,note_zh,page_count,report_id,report_language,report_type_en,report_type_zh,report_year,reporting_entity_en,reporting_entity_zh,reporting_note_en,reporting_note_zh,review_status,sector_en,sector_zh,share_percent,target_year,value_mtco2e,value_text,world500_rank
company:amazon,Company,亚马逊,,,,,,amazon,,United States,美国,,,,,,,,,,,,,Amazon,亚马逊,,,,,,,,,,,,,,,,,Internet services and retail,互联网服务与零售,,,,,
report:amazon__2024__sustainability_report,Report,2024 亚马逊可持续发展报告,,,,,,,,,,validated_demo,,,,,,,,,,,,2024 Amazon Sustainability Report,2024 亚马逊可持续发展报告,matched,,,,,57,amazon__2024__sustainability_report,en,Sustainability report,可持续发展报告,2024,,,Clear company-level scope table with market-based Scope 2 and Scope 3.,Clear company-level scope table with market-based Scope 2 and Scope 3.,,,,,,,,
scope_status:company_level_absolute,ScopeDataStatus,公司级完整绝对量,,,,,,,,,,,,,,,,,,,,,,company_level_absolute,公司级完整绝对量,,,,,,,,,,,,,,,,,,,,,,,
cost_status:quantified,CostDisclosureStatus,已量化披露,,,,,,,,,,,,,,,,,,,,,,quantified,已量化披露,,,,,,,,,,,,,,,,,,,,,,,
industry_section:F,IndustrySection,批发和零售业,,,,,,,,,,,,,,,,,,,F,,,Wholesale and Retail Trade,批发和零售业,,,,,,,,,,,,,,,,,,,,,,,2
company:apple,Company,苹果,,,,,,apple,,United States,美国,,,,,,,,,,,,,Apple,苹果,,,,,,,,,,,,,,,,,Technology hardware,科技硬件,,,,,
report:apple__2025__environmental_progress_report,Report,苹果 2025 环境进展报告,,,,,,,,,,validated_demo,,,,,,,,,,,,Apple Environmental Progress Report 2025,苹果 2025 环境进展报告,matched,,,,,126,apple__2025__environmental_progress_report,en,Environmental progress report,环境进展报告,2025,,,Scope 3 is derived from the comprehensive carbon footprint because the report separates corporate and product life-cycle footprints.,Scope 3 is derived from the comprehensive carbon footprint because the report separates corporate and product life-cycle footprints.,,,,,,,,
scope_status:company_level_absolute_with_derivation,ScopeDataStatus,公司级绝对量且含推导值,,,,,,,,,,,,,,,,,,,,,,company_level_absolute_with_derivation,公司级绝对量且含推导值,,,,,,,,,,,,,,,,,,,,,,,
cost_status:qualitative_only,CostDisclosureStatus,仅定性披露,,,,,,,,,,,,,,,,,,,,,,qualitative_only,仅定性披露,,,,,,,,,,,,,,,,,,,,,,,
industry_section:C,IndustrySection,制造业,,,,,,,,,,,,,,,,,,,C,,,Manufacturing,制造业,,,,,,,,,,,,,,,,,,,,,,,11
company:byd,Company,比亚迪,,,,,,byd,,China,中国,,,,,,,,,,,,,BYD,比亚迪,,,,,,,,,,,,,,,,,Automotive and battery manufacturing,汽车与电池制造,,,,,
report:byd__2024__sustainability_report,Report,比亚迪 2024 可持续发展报告,,,,,,,,,,validated_demo,,,,,,,,,,,,BYD Sustainability Report 2024,比亚迪 2024 可持续发展报告,matched,,,,,155,byd__2024__sustainability_report,zh,Sustainability report,可持续发展报告,2024,,,"Chinese-language report with full 2024 Scope 1, 2, and 3 table.","Chinese-language report with full 2024 Scope 1, 2, and 3 table.",,,,,,,,
company:costco,Company,好市多,,,,,,costco,,United States,美国,,,,,,,,,,,,,Costco Wholesale,好市多,,,,,,,,,,,,,,,,,Retail,零售,,,,,
report:costco__2024__climate_action_plan,Report,好市多 FY24 气候行动计划,,,,,,,,,,validated_demo,,,,,,,,,,,,Costco Wholesale Climate Action Plan FY24,好市多 FY24 气候行动计划,matched,,,,,15,costco__2024__climate_action_plan,en,Climate action plan,气候行动计划,2024,,,"The climate action plan states total all-scope emissions and strategy, but a clean Scope 1/2/3 split is not presented in the extracted text.","The climate action plan states total all-scope emissions and strategy, but a clean Scope 1/2/3 split is not presented in the extracted text.",,,,,,,,
scope_status:total_only_no_breakdown,ScopeDataStatus,仅披露总量未分拆,,,,,,,,,,,,,,,,,,,,,,total_only_no_breakdown,仅披露总量未分拆,,,,,,,,,,,,,,,,,,,,,,,
industry_section:L,IndustrySection,租赁和商务服务业,,,,,,,,,,,,,,,,,,,L,,,Leasing and Business Services,租赁和商务服务业,,,,,,,,,,,,,,,,,,,,,,,1
company:geely,Company,吉利控股集团,,,,,,geely,,China,中国,,,,,,,,,,,,,Geely Holding Group,吉利控股集团,,,,,,,,,,,,,,,,,Automotive and mobility,汽车与移动出行,,,,,
report:geely__2024__sustainability_report,Report,吉利控股集团 2024 可持续发展报告,,,,,,,,,,validated_demo,,,,,,,,,,,,Geely Holding Group Sustainability Report 2024,吉利控股集团 2024 可持续发展报告,matched,,,,,101,geely__2024__sustainability_report,zh,Sustainability report,可持续发展报告,2024,,,"The group report provides detailed emissions at major business-unit level (for example Geely Auto and Volvo Cars), rather than one simple group table.","The group report provides detailed emissions at major business-unit level (for example Geely Auto and Volvo Cars), rather than one simple group table.",,,,,,,,
scope_status:business_unit_only,ScopeDataStatus,主要按业务单元披露,,,,,,,,,,,,,,,,,,,,,,business_unit_only,主要按业务单元披露,,,,,,,,,,,,,,,,,,,,,,,
company:microsoft,Company,微软,,,,,,microsoft,,United States,美国,,,,,,,,,,,,,Microsoft,微软,,,,,,,,,,,,,,,,,Cloud and software,云服务与软件,,,,,
report:microsoft__2025__environmental_sustainability_report,Report,微软 2025 环境可持续发展报告,,,,,,,,,,validated_demo,,,,,,,,,,,,Microsoft Environmental Sustainability Report 2025,微软 2025 环境可持续发展报告,matched,,,,,90,microsoft__2025__environmental_sustainability_report,en,Environmental sustainability report,环境可持续发展报告,2025,,,The report clearly discloses the FY24 scope shares but points readers to a separate data fact sheet for absolute scope values.,The report clearly discloses the FY24 scope shares but points readers to a separate data fact sheet for absolute scope values.,,,,,,,,
scope_status:company_level_share_only,ScopeDataStatus,仅披露范围占比,,,,,,,,,,,,,,,,,,,,,,company_level_share_only,仅披露范围占比,,,,,,,,,,,,,,,,,,,,,,,
company:totalenergies,Company,道达尔能源,,,,,,totalenergies,,France,法国,,,,,,,,,,,,,TotalEnergies,道达尔能源,,,,,,,,,,,,,,,,,Integrated energy,综合能源,,,,,
report:totalenergies__2025__sustainability_and_climate_progress_report,Report,道达尔能源 2025 可持续与气候进展报告,,,,,,,,,,validated_demo,,,,,,,,,,,,TotalEnergies Sustainability and Climate 2025 Progress Report,道达尔能源 2025 可持续与气候进展报告,matched,,,,,120,totalenergies__2025__sustainability_and_climate_progress_report,en,Sustainability and climate progress report,可持续与气候进展报告,2025,,,Scope 3 mainly reflects Category 11 use-of-sold-products emissions under the ESRS and IPIECA-aligned methodology.,Scope 3 mainly reflects Category 11 use-of-sold-products emissions under the ESRS and IPIECA-aligned methodology.,,,,,,,,
industry_section:D,IndustrySection,电力、热力、燃气及水生产和供应业,,,,,,,,,,,,,,,,,,,D,,,"Electricity, Heat, Gas and Water Production and Supply",电力、热力、燃气及水生产和供应业,,,,,,,,,,,,,,,,,,,,,,,23
company:unitedhealth,Company,联合健康集团,,,,,,unitedhealth,,United States,美国,,,,,,,,,,,,,UnitedHealth Group,联合健康集团,,,,,,,,,,,,,,,,,Healthcare and insurance,医疗健康与保险,,,,,
report:unitedhealth__2024__sustainability_report,Report,联合健康集团 2024 可持续发展报告,,,,,,,,,,validated_demo,,,,,,,,,,,,UnitedHealth Group Sustainability Report 2024,联合健康集团 2024 可持续发展报告,matched,,,,,87,unitedhealth__2024__sustainability_report,en,Sustainability report,可持续发展报告,2024,,,"Full assured Scope 1, 2, and 3 tables are available.","Full assured Scope 1, 2, and 3 tables are available.",,,,,,,,
industry_section:S,IndustrySection,公共管理、社会保障和社会组织,,,,,,,,,,,,,,,,,,,S,,,"Public Administration, Social Security and Social Organizations",公共管理、社会保障和社会组织,,,,,,,,,,,,,,,,,,,,,,,8
company:volkswagen,Company,大众汽车集团,,,,,,volkswagen,,Germany,德国,,,,,,,,,,,,,Volkswagen Group,大众汽车集团,,,,,,,,,,,,,,,,,Automotive,汽车,,,,,
report:volkswagen__2023__sustainability_report,Report,大众汽车集团 2023 可持续发展报告,,,,,,,,,,validated_demo,,,,,,,,,,,,Volkswagen Group Sustainability Report 2023,大众汽车集团 2023 可持续发展报告,matched,,,,,136,volkswagen__2023__sustainability_report,en,Sustainability report,可持续发展报告,2023,,,"Full 2023 Scope 1, 2, and 3 inventory is disclosed.","Full 2023 Scope 1, 2, and 3 inventory is disclosed.",,,,,,,,
company:walmart,Company,沃尔玛,,,,,,walmart,,United States,美国,,,,,,,,,,,,,Walmart,沃尔玛,,,,,,,,,,,,,,,,,Retail,零售,,,,,
report:walmart__2025__esg_report,Report,沃尔玛 FY2025 ESG 报告,,,,,,,,,,validated_demo,,,,,,,,,,,,Walmart ESG Report FY2025,沃尔玛 FY2025 ESG 报告,matched,,,,,113,walmart__2025__esg_report,en,ESG report,ESG 报告,2025,,,Operational emissions and Scope 3 footprint are explicitly disclosed.,Operational emissions and Scope 3 footprint are explicitly disclosed.,,,,,,,,
standard:ghg_protocol,Standard,GHG Protocol,,,,,,,,,,,,,,,,,,,,,,GHG Protocol,GHG Protocol,,,,,,,,,,,,,,,,,,,,,,,
standard:gri,Standard,GRI,,,,,,,,,,,,,,,,,,,,,,GRI,GRI,,,,,,,,,,,,,,,,,,,,,,,
standard:sasb,Standard,SASB,,,,,,,,,,,,,,,,,,,,,,SASB,SASB,,,,,,,,,,,,,,,,,,,,,,,
standard:tcfd,Standard,TCFD,,,,,,,,,,,,,,,,,,,,,,TCFD,TCFD,,,,,,,,,,,,,,,,,,,,,,,
standard:iso_14064_3,Standard,ISO 14064-3,,,,,,,,,,,,,,,,,,,,,,ISO 14064-3,ISO 14064-3,,,,,,,,,,,,,,,,,,,,,,,
standard:iso_14067,Standard,ISO 14067,,,,,,,,,,,,,,,,,,,,,,ISO 14067,ISO 14067,,,,,,,,,,,,,,,,,,,,,,,
standard:iso_14040_14044,Standard,ISO 14040/14044,,,,,,,,,,,,,,,,,,,,,,ISO 14040/14044,ISO 14040/14044,,,,,,,,,,,,,,,,,,,,,,,
standard:iwa_48:2024,Standard,IWA 48:2024,,,,,,,,,,,,,,,,,,,,,,IWA 48:2024,IWA 48:2024,,,,,,,,,,,,,,,,,,,,,,,
standard:esrs_csrd,Standard,ESRS/CSRD,,,,,,,,,,,,,,,,,,,,,,ESRS/CSRD,ESRS/CSRD,,,,,,,,,,,,,,,,,,,,,,,
standard:gb_t_2589_2020,Standard,GB/T 2589-2020,,,,,,,,,,,,,,,,,,,,,,GB/T 2589-2020,GB/T 2589-2020,,,,,,,,,,,,,,,,,,,,,,,
standard:ipieca,Standard,IPIECA,,,,,,,,,,,,,,,,,,,,,,IPIECA,IPIECA,,,,,,,,,,,,,,,,,,,,,,,
standard:sbti,Standard,SBTi,,,,,,,,,,,,,,,,,,,,,,SBTi,SBTi,,,,,,,,,,,,,,,,,,,,,,,
standard:pcaf,Standard,PCAF,,,,,,,,,,,,,,,,,,,,,,PCAF,PCAF,,,,,,,,,,,,,,,,,,,,,,,
standard:ifrs_s2,Standard,IFRS S2,,,,,,,,,,,,,,,,,,,,,,IFRS S2,IFRS S2,,,,,,,,,,,,,,,,,,,,,,,
standard:hkex_esg_reporting_code,Standard,香港联交所环境社会及管治报告守则,,,,,,,,,,,,,,,,,,,,,,HKEX ESG Reporting Code,香港联交所环境社会及管治报告守则,,,,,,,,,,,,,,,,,,,,,,,
standard:isae_3000_revised,Standard,国际鉴证业务准则第3000号修订版,,,,,,,,,,,,,,,,,,,,,,ISAE 3000 (Revised),国际鉴证业务准则第3000号修订版,,,,,,,,,,,,,,,,,,,,,,,
standard:isae_3410,Standard,国际鉴证业务准则第3410号,,,,,,,,,,,,,,,,,,,,,,ISAE 3410,国际鉴证业务准则第3410号,,,,,,,,,,,,,,,,,,,,,,,
scope:scope_1,Scope,范围1,,,,,,,,,,,,,,,,,,,,,,Scope 1,范围1,,,,,,,,,,,,,,,,,,,,,,,
emission:amazon__2024__sustainability_report:amazon:scope_1,EmissionRecord,亚马逊 范围 1,MMT CO2e; direct operations.,MMT CO2e; direct operations.,,,,,high,,,,reported,直接披露,,,,,50,,,2024,,Amazon Scope 1,亚马逊 范围 1,,,,,,,amazon__2024__sustainability_report,,,,,Amazon,亚马逊,,,validated_demo,,,22.17,,15.13,,
scope:scope_2,Scope,范围2,,,,,,,,,,,,,,,,,,,,,,Scope 2,范围2,,,,,,,,,,,,,,,,,,,,,,,
emission:amazon__2024__sustainability_report:amazon:scope_2,EmissionRecord,亚马逊 范围 2,MMT CO2e; market-based.,MMT CO2e; market-based.,,,,,high,,,,reported,直接披露,,,,,50,,,2024,,Amazon Scope 2,亚马逊 范围 2,,,,,,,amazon__2024__sustainability_report,,,,,Amazon,亚马逊,,,validated_demo,,,4.1,,2.8,,
scope:scope_3,Scope,范围3,,,,,,,,,,,,,,,,,,,,,,Scope 3,范围3,,,,,,,,,,,,,,,,,,,,,,,
emission:amazon__2024__sustainability_report:amazon:scope_3,EmissionRecord,亚马逊 范围 3,MMT CO2e; market-based indirect sources.,MMT CO2e; market-based indirect sources.,,,,,high,,,,reported,直接披露,,,,,50,,,2024,,Amazon Scope 3,亚马逊 范围 3,,,,,,,amazon__2024__sustainability_report,,,,,Amazon,亚马逊,,,validated_demo,,,73.73,,50.32,,
emission:apple__2025__environmental_progress_report:apple:scope_1,EmissionRecord,苹果 范围 1,Mt CO2e; total direct emissions in corporate facilities table.,Mt CO2e; total direct emissions in corporate facilities table.,,,,,high,,,,reported,直接披露,,,,,99,,,2024,,Apple Scope 1,苹果 范围 1,,,,,,,apple__2025__environmental_progress_report,,,,,Apple,苹果,,,validated_demo,,,0.42,,0.06371,,
emission:apple__2025__environmental_progress_report:apple:scope_2,EmissionRecord,苹果 范围 2,"Mt CO2e; market-based purchased steam, heating, and cooling. Purchased electricity is reported as zero.","Mt CO2e; market-based purchased steam, heating, and cooling. Purchased electricity is reported as zero.",,,,,high,,,,reported,直接披露,,,,,99,,,2024,,Apple Scope 2,苹果 范围 2,,,,,,,apple__2025__environmental_progress_report,,,,,Apple,苹果,,,validated_demo,,,0.02,,0.0033,,
emission:apple__2025__environmental_progress_report:apple:scope_3,EmissionRecord,苹果 范围 3,Derived as comprehensive carbon footprint minus disclosed Scope 1 and Scope 2 values.,Derived as comprehensive carbon footprint minus disclosed Scope 1 and Scope 2 values.,,,,,high,,,,derived,推导得到,,,,,105,,,2024,,Apple Scope 3,苹果 范围 3,,,,,,,apple__2025__environmental_progress_report,,,,,Apple,苹果,,,validated_demo,,,99.56,,15.19099,,
emission:byd__2024__sustainability_report:byd:scope_1,EmissionRecord,比亚迪 范围 1,Mt CO2e; direct emissions.,Mt CO2e; direct emissions.,,,,,high,,,,reported,直接披露,,,,,127,,,2024,,BYD Scope 1,比亚迪 范围 1,,,,,,,byd__2024__sustainability_report,,,,,BYD,比亚迪,,,validated_demo,,,11.46,,1.53925146,,
emission:byd__2024__sustainability_report:byd:scope_2,EmissionRecord,比亚迪 范围 2,Mt CO2e; energy indirect emissions.,Mt CO2e; energy indirect emissions.,,,,,high,,,,reported,直接披露,,,,,127,,,2024,,BYD Scope 2,比亚迪 范围 2,,,,,,,byd__2024__sustainability_report,,,,,BYD,比亚迪,,,validated_demo,,,63.77,,8.56257474,,
emission:byd__2024__sustainability_report:byd:scope_3,EmissionRecord,比亚迪 范围 3,"Mt CO2e; employee travel, commuting, and fuel-and-energy-related activities are disclosed.","Mt CO2e; employee travel, commuting, and fuel-and-energy-related activities are disclosed.",,,,,high,,,,reported,直接披露,,,,,127,,,2024,,BYD Scope 3,比亚迪 范围 3,,,,,,,byd__2024__sustainability_report,,,,,BYD,比亚迪,,,validated_demo,,,24.77,,3.32631249,,
entity:geely_auto,BusinessUnit,吉利汽车事业单元,,,,,,geely,,,,,,,,,,,,,,,,Geely Auto (business unit),吉利汽车事业单元,,,,,,,,,,,,,,,,,,,,,,,
emission:geely__2024__sustainability_report:geely_auto:scope_1,EmissionRecord,吉利汽车事业单元 范围 1,Reviewed on 2026-04-13: keep business-unit granularity because page 38 reports Geely Auto separately within the group report and does not provide a safe consolidated parent-company total.,于 2026-04-13 复核确认 保留业务单元粒度 因为第 38 页披露的是集团报告中的吉利汽车业务单元数据 并未提供可安全替代的母公司合并总量。,,,,,high,,,,reported,直接披露,,,,,38,,,2024,,Geely Auto (business unit) Scope 1,吉利汽车事业单元 范围 1,,,,,,,geely__2024__sustainability_report,,,,,Geely Auto (business unit),吉利汽车事业单元,,,manual_validated,,,0.25,,0.170646,,
emission:geely__2024__sustainability_report:geely_auto:scope_2,EmissionRecord,吉利汽车事业单元 范围 2,Reviewed on 2026-04-13: keep business-unit granularity because page 38 reports Geely Auto separately within the group report and does not provide a safe consolidated parent-company total.,于 2026-04-13 复核确认 保留业务单元粒度 因为第 38 页披露的是集团报告中的吉利汽车业务单元数据 并未提供可安全替代的母公司合并总量。,,,,,high,,,,reported,直接披露,,,,,38,,,2024,,Geely Auto (business unit) Scope 2,吉利汽车事业单元 范围 2,,,,,,,geely__2024__sustainability_report,,,,,Geely Auto (business unit),吉利汽车事业单元,,,manual_validated,,,0.63,,0.429291,,
emission:geely__2024__sustainability_report:geely_auto:scope_3,EmissionRecord,吉利汽车事业单元 范围 3,Reviewed on 2026-04-13: keep business-unit granularity because page 38 reports Geely Auto separately within the group report and does not provide a safe consolidated parent-company total.,于 2026-04-13 复核确认 保留业务单元粒度 因为第 38 页披露的是集团报告中的吉利汽车业务单元数据 并未提供可安全替代的母公司合并总量。,,,,,high,,,,reported,直接披露,,,,,38,,,2024,,Geely Auto (business unit) Scope 3,吉利汽车事业单元 范围 3,,,,,,,geely__2024__sustainability_report,,,,,Geely Auto (business unit),吉利汽车事业单元,,,manual_validated,,,99.12,,67.652981,,
emission:microsoft__2025__environmental_sustainability_report:microsoft:scope_1,EmissionRecord,微软 范围 1,Reviewed on 2026-04-13: the current report package discloses Scope 1 to 3 shares and baseline-change percentages but does not provide absolute company totals in the main PDF. Retain share-only disclosure.,于 2026-04-13 复核确认 当前报告包在主 PDF 中仅披露 Scope 1 到 3 占比及基线变化比例 未提供公司级绝对量 因此保留仅占比披露。,,,,,high,,,,share_only,仅占比,,,,,13,,,2024,,Microsoft Scope 1,微软 范围 1,,,,,,,microsoft__2025__environmental_sustainability_report,,,,,Microsoft,微软,,,manual_validated,,,0.97,,,,
emission:microsoft__2025__environmental_sustainability_report:microsoft:scope_2,EmissionRecord,微软 范围 2,Reviewed on 2026-04-13: the current report package discloses Scope 1 to 3 shares and baseline-change percentages but does not provide absolute company totals in the main PDF. Retain share-only disclosure.,于 2026-04-13 复核确认 当前报告包在主 PDF 中仅披露 Scope 1 到 3 占比及基线变化比例 未提供公司级绝对量 因此保留仅占比披露。,,,,,high,,,,share_only,仅占比,,,,,13,,,2024,,Microsoft Scope 2,微软 范围 2,,,,,,,microsoft__2025__environmental_sustainability_report,,,,,Microsoft,微软,,,manual_validated,,,1.74,,,,
emission:microsoft__2025__environmental_sustainability_report:microsoft:scope_3,EmissionRecord,微软 范围 3,Reviewed on 2026-04-13: the current report package discloses Scope 1 to 3 shares and baseline-change percentages but does not provide absolute company totals in the main PDF. Retain share-only disclosure.,于 2026-04-13 复核确认 当前报告包在主 PDF 中仅披露 Scope 1 到 3 占比及基线变化比例 未提供公司级绝对量 因此保留仅占比披露。,,,,,high,,,,share_only,仅占比,,,,,13,,,2024,,Microsoft Scope 3,微软 范围 3,,,,,,,microsoft__2025__environmental_sustainability_report,,,,,Microsoft,微软,,,manual_validated,,,97.29,,,,
emission:totalenergies__2025__sustainability_and_climate_progress_report:totalenergies:scope_1,EmissionRecord,道达尔能源 范围 1,Mt CO2e; 2024 ESRS perimeter.,Mt CO2e; 2024 ESRS perimeter.,,,,,high,,,,reported,直接披露,,,,,106,,,2024,,TotalEnergies Scope 1,道达尔能源 范围 1,,,,,,,totalenergies__2025__sustainability_and_climate_progress_report,,,,,TotalEnergies,道达尔能源,,,validated_demo,,,11.11,,43.0,,
emission:totalenergies__2025__sustainability_and_climate_progress_report:totalenergies:scope_2,EmissionRecord,道达尔能源 范围 2,Mt CO2e; market-based and aligned to the 2024 ESRS perimeter.,Mt CO2e; market-based and aligned to the 2024 ESRS perimeter.,,,,,high,,,,reported,直接披露,,,,,106,,,2024,,TotalEnergies Scope 2,道达尔能源 范围 2,,,,,,,totalenergies__2025__sustainability_and_climate_progress_report,,,,,TotalEnergies,道达尔能源,,,validated_demo,,,0.52,,2.0,,
emission:totalenergies__2025__sustainability_and_climate_progress_report:totalenergies:scope_3,EmissionRecord,道达尔能源 范围 3,Mt CO2e; Category 11 use of sold products.,Mt CO2e; Category 11 use of sold products.,,,,,high,,,,reported,直接披露,,,,,107,,,2024,,TotalEnergies Scope 3,道达尔能源 范围 3,,,,,,,totalenergies__2025__sustainability_and_climate_progress_report,,,,,TotalEnergies,道达尔能源,,,validated_demo,,,88.37,,342.0,,
emission:unitedhealth__2024__sustainability_report:unitedhealth:scope_1,EmissionRecord,联合健康集团 范围 1,Mt CO2e; assured scope table.,Mt CO2e; assured scope table.,,,,,high,,,,reported,直接披露,,,,,81,,,2024,,UnitedHealth Group Scope 1,联合健康集团 范围 1,,,,,,,unitedhealth__2024__sustainability_report,,,,,UnitedHealth Group,联合健康集团,,,validated_demo,,,0.58,,0.105782,,
emission:unitedhealth__2024__sustainability_report:unitedhealth:scope_2,EmissionRecord,联合健康集团 范围 2,Mt CO2e; market-based Scope 2 used for the net-zero framing.,Mt CO2e; market-based Scope 2 used for the net-zero framing.,,,,,high,,,,reported,直接披露,,,,,81,,,2024,,UnitedHealth Group Scope 2,联合健康集团 范围 2,,,,,,,unitedhealth__2024__sustainability_report,,,,,UnitedHealth Group,联合健康集团,,,validated_demo,,,1.45,,0.265661,,
emission:unitedhealth__2024__sustainability_report:unitedhealth:scope_3,EmissionRecord,联合健康集团 范围 3,Mt CO2e; full Scope 3 inventory.,Mt CO2e; full Scope 3 inventory.,,,,,high,,,,reported,直接披露,,,,,82,,,2024,,UnitedHealth Group Scope 3,联合健康集团 范围 3,,,,,,,unitedhealth__2024__sustainability_report,,,,,UnitedHealth Group,联合健康集团,,,validated_demo,,,97.98,,17.977601,,
emission:volkswagen__2023__sustainability_report:volkswagen:scope_1,EmissionRecord,大众汽车集团 范围 1,Mt CO2e; 2023 absolute emissions.,Mt CO2e; 2023 absolute emissions.,,,,,high,,,,reported,直接披露,,,,,66,,,2023,,Volkswagen Group Scope 1,大众汽车集团 范围 1,,,,,,,volkswagen__2023__sustainability_report,,,,,Volkswagen Group,大众汽车集团,,,validated_demo,,,0.96,,4.03,,
emission:volkswagen__2023__sustainability_report:volkswagen:scope_2,EmissionRecord,大众汽车集团 范围 2,Mt CO2e; 2023 absolute emissions.,Mt CO2e; 2023 absolute emissions.,,,,,high,,,,reported,直接披露,,,,,66,,,2023,,Volkswagen Group Scope 2,大众汽车集团 范围 2,,,,,,,volkswagen__2023__sustainability_report,,,,,Volkswagen Group,大众汽车集团,,,validated_demo,,,0.47,,1.96,,
emission:volkswagen__2023__sustainability_report:volkswagen:scope_3,EmissionRecord,大众汽车集团 范围 3,Mt CO2e; 2023 total Scope 3 inventory.,Mt CO2e; 2023 total Scope 3 inventory.,,,,,high,,,,reported,直接披露,,,,,66,,,2023,,Volkswagen Group Scope 3,大众汽车集团 范围 3,,,,,,,volkswagen__2023__sustainability_report,,,,,Volkswagen Group,大众汽车集团,,,validated_demo,,,98.57,,413.95,,
emission:walmart__2025__esg_report:walmart:scope_1,EmissionRecord,沃尔玛 范围 1,MMT CO2e; CY2024 values in FY2025 ESG report.,MMT CO2e; CY2024 values in FY2025 ESG report.,,,,,high,,,,reported,直接披露,,,,,106,,,2024,,Walmart Scope 1,沃尔玛 范围 1,,,,,,,walmart__2025__esg_report,,,,,Walmart,沃尔玛,,,validated_demo,,,1.38,,9.03,,
emission:walmart__2025__esg_report:walmart:scope_2,EmissionRecord,沃尔玛 范围 2,MMT CO2e; market-based.,MMT CO2e; market-based.,,,,,high,,,,reported,直接披露,,,,,106,,,2024,,Walmart Scope 2,沃尔玛 范围 2,,,,,,,walmart__2025__esg_report,,,,,Walmart,沃尔玛,,,validated_demo,,,1.01,,6.61,,
emission:walmart__2025__esg_report:walmart:scope_3,EmissionRecord,沃尔玛 范围 3,MMT CO2e; estimated Scope 3 footprint.,MMT CO2e; estimated Scope 3 footprint.,,,,,high,,,,reported,直接披露,,,,,106,,,2024,,Walmart Scope 3,沃尔玛 范围 3,,,,,,,walmart__2025__esg_report,,,,,Walmart,沃尔玛,,,validated_demo,,,97.6,,636.57,,
standard_ref:amazon__2024__sustainability_report__ghg_protocol,StandardReference,GHG Protocol 引用事实,,,,,,amazon,high,,,,,,,,,,16,,,,no,GHG Protocol reference,GHG Protocol 引用事实,,,,Amazon references GHG reporting and carbon accounting modernization.,Amazon references GHG reporting and carbon accounting modernization.,,amazon__2024__sustainability_report,,,,,,,,,validated_demo,,,,,,,
standard_family:ghg_accounting_system,StandardFamily,温室气体核算体系,,,,,,,,,,,,,,,,,,,,,,GHG accounting system,温室气体核算体系,,,,,,,,,,,,,,,,,,,,,,,
standard_role:accounting_standard,StandardRole,核算标准,,,,,,,,,,,,,,,,,,,,,,Accounting standard,核算标准,,,,,,,,,,,,,,,,,,,,,,,
emission_type:direct_emissions,EmissionType,直接排放,,,,,,,,,,,,,,,,,,,,,,Direct emissions,直接排放,,,,,,,,,,,,,,,,,,,,,,,
emission_type:indirect_energy_emissions,EmissionType,能源间接排放,,,,,,,,,,,,,,,,,,,,,,Indirect energy emissions,能源间接排放,,,,,,,,,,,,,,,,,,,,,,,
emission_type:other_indirect_emissions,EmissionType,其他间接排放,,,,,,,,,,,,,,,,,,,,,,Other indirect emissions,其他间接排放,,,,,,,,,,,,,,,,,,,,,,,
accounting_principle:relevance,AccountingPrinciple,相关性,,,,,,,,,,,,,,,,,,,,,,Relevance,相关性,,,,,,,,,,,,,,,,,,,,,,,
accounting_principle:completeness,AccountingPrinciple,完整性,,,,,,,,,,,,,,,,,,,,,,Completeness,完整性,,,,,,,,,,,,,,,,,,,,,,,
accounting_principle:consistency,AccountingPrinciple,一致性,,,,,,,,,,,,,,,,,,,,,,Consistency,一致性,,,,,,,,,,,,,,,,,,,,,,,
accounting_principle:transparency,AccountingPrinciple,透明性,,,,,,,,,,,,,,,,,,,,,,Transparency,透明性,,,,,,,,,,,,,,,,,,,,,,,
accounting_principle:accuracy,AccountingPrinciple,准确性,,,,,,,,,,,,,,,,,,,,,,Accuracy,准确性,,,,,,,,,,,,,,,,,,,,,,,
standard_ref:amazon__2024__sustainability_report__gri,StandardReference,GRI 引用事实,,,,,,amazon,high,,,,,,,,,,3,,,,no,GRI reference,GRI 引用事实,,,,Framework summary references GRI.,Framework summary references GRI.,,amazon__2024__sustainability_report,,,,,,,,,validated_demo,,,,,,,
standard_family:esg_disclosure_framework,StandardFamily,ESG披露框架,,,,,,,,,,,,,,,,,,,,,,ESG disclosure framework,ESG披露框架,,,,,,,,,,,,,,,,,,,,,,,
standard_role:disclosure_standard,StandardRole,披露标准,,,,,,,,,,,,,,,,,,,,,,Disclosure standard,披露标准,,,,,,,,,,,,,,,,,,,,,,,
scope:enterprise_wide_disclosure,Scope,企业整体披露,,,,,,,,,,,,,,,,,,,,,,Enterprise-wide disclosure,企业整体披露,,,,,,,,,,,,,,,,,,,,,,,
accounting_principle:materiality,AccountingPrinciple,重要性,,,,,,,,,,,,,,,,,,,,,,Materiality,重要性,,,,,,,,,,,,,,,,,,,,,,,
accounting_principle:comparability,AccountingPrinciple,可比性,,,,,,,,,,,,,,,,,,,,,,Comparability,可比性,,,,,,,,,,,,,,,,,,,,,,,
standard_ref:amazon__2024__sustainability_report__sasb,StandardReference,SASB 引用事实,,,,,,amazon,high,,,,,,,,,,3,,,,no,SASB reference,SASB 引用事实,,,,Framework summary references SASB.,Framework summary references SASB.,,amazon__2024__sustainability_report,,,,,,,,,validated_demo,,,,,,,
standard_family:industry_disclosure_framework,StandardFamily,行业披露框架,,,,,,,,,,,,,,,,,,,,,,Industry disclosure framework,行业披露框架,,,,,,,,,,,,,,,,,,,,,,,
standard_role:disclosure_guideline,StandardRole,披露指引,,,,,,,,,,,,,,,,,,,,,,Disclosure guideline,披露指引,,,,,,,,,,,,,,,,,,,,,,,
accounting_principle:financial_materiality,AccountingPrinciple,财务重要性,,,,,,,,,,,,,,,,,,,,,,Financial materiality,财务重要性,,,,,,,,,,,,,,,,,,,,,,,
standard_ref:amazon__2024__sustainability_report__tcfd,StandardReference,TCFD 引用事实,,,,,,amazon,high,,,,,,,,,,3,,,,no,TCFD reference,TCFD 引用事实,,,,Framework summary references TCFD.,Framework summary references TCFD.,,amazon__2024__sustainability_report,,,,,,,,,validated_demo,,,,,,,
standard_family:climate_disclosure_framework,StandardFamily,气候信息披露框架,,,,,,,,,,,,,,,,,,,,,,Climate disclosure framework,气候信息披露框架,,,,,,,,,,,,,,,,,,,,,,,
standard_role:disclosure_recommendation,StandardRole,披露建议,,,,,,,,,,,,,,,,,,,,,,Disclosure recommendation,披露建议,,,,,,,,,,,,,,,,,,,,,,,
standard_ref:apple__2025__environmental_progress_report__ghg_protocol,StandardReference,GHG Protocol 引用事实,,,,,,apple,high,,,,,,,,,,104,,,,no,GHG Protocol reference,GHG Protocol 引用事实,,,,Assurance scope cites WRI/WBCSD GHG Protocol.,Assurance scope cites WRI/WBCSD GHG Protocol.,,apple__2025__environmental_progress_report,,,,,,,,,validated_demo,,,,,,,
standard_ref:apple__2025__environmental_progress_report__iso_14064_3,StandardReference,ISO 14064-3 引用事实,,,,,,apple,high,,,,,,,,,,104,,,,no,ISO 14064-3 reference,ISO 14064-3 引用事实,,,,Independent assurance references ISO 14064-3.,Independent assurance references ISO 14064-3.,,apple__2025__environmental_progress_report,,,,,,,,,validated_demo,,,,,,,
standard_family:iso_assurance_system,StandardFamily,ISO鉴证体系,,,,,,,,,,,,,,,,,,,,,,ISO assurance system,ISO鉴证体系,,,,,,,,,,,,,,,,,,,,,,,
standard_role:verification_and_assurance_standard,StandardRole,核查与鉴证标准,,,,,,,,,,,,,,,,,,,,,,Verification and assurance standard,核查与鉴证标准,,,,,,,,,,,,,,,,,,,,,,,
accounting_principle:verifiability,AccountingPrinciple,可核查性,,,,,,,,,,,,,,,,,,,,,,Verifiability,可核查性,,,,,,,,,,,,,,,,,,,,,,,
accounting_principle:credibility,AccountingPrinciple,可信性,,,,,,,,,,,,,,,,,,,,,,Credibility,可信性,,,,,,,,,,,,,,,,,,,,,,,
standard_ref:apple__2025__environmental_progress_report__iso_14067,StandardReference,ISO 14067 引用事实,,,,,,apple,high,,,,,,,,,,106,,,,no,ISO 14067 reference,ISO 14067 引用事实,,,,Product carbon footprint verification references ISO 14067.,Product carbon footprint verification references ISO 14067.,,apple__2025__environmental_progress_report,,,,,,,,,validated_demo,,,,,,,
standard_family:iso_product_carbon_standard,StandardFamily,ISO产品碳足迹标准,,,,,,,,,,,,,,,,,,,,,,ISO product carbon standard,ISO产品碳足迹标准,,,,,,,,,,,,,,,,,,,,,,,
standard_role:methodology_standard,StandardRole,方法学标准,,,,,,,,,,,,,,,,,,,,,,Methodology standard,方法学标准,,,,,,,,,,,,,,,,,,,,,,,
accounting_principle:life_cycle_perspective,AccountingPrinciple,生命周期视角,,,,,,,,,,,,,,,,,,,,,,Life-cycle perspective,生命周期视角,,,,,,,,,,,,,,,,,,,,,,,
standard_ref:apple__2025__environmental_progress_report__iso_14040_14044,StandardReference,ISO 14040/14044 引用事实,,,,,,apple,high,,,,,,,,,,106,,,,no,ISO 14040/14044 reference,ISO 14040/14044 引用事实,,,,Product life cycle assessment references ISO 14040/14044.,Product life cycle assessment references ISO 14040/14044.,,apple__2025__environmental_progress_report,,,,,,,,,validated_demo,,,,,,,
standard_family:iso_life_cycle_assessment_system,StandardFamily,ISO生命周期评价体系,,,,,,,,,,,,,,,,,,,,,,ISO life-cycle assessment system,ISO生命周期评价体系,,,,,,,,,,,,,,,,,,,,,,,
standard_ref:byd__2024__sustainability_report__ghg_protocol,StandardReference,GHG Protocol 引用事实,,,,,,byd,high,,,,,,,,,,39,,,,no,GHG Protocol reference,GHG Protocol 引用事实,,,,BYD states that greenhouse gas accounting follows GHG Protocol.,BYD states that greenhouse gas accounting follows GHG Protocol.,,byd__2024__sustainability_report,,,,,,,,,validated_demo,,,,,,,
standard_ref:byd__2024__sustainability_report__iso_14067,StandardReference,ISO 14067 引用事实,,,,,,byd,high,,,,,,,,,,46,,,,no,ISO 14067 reference,ISO 14067 引用事实,,,,Product carbon footprint assessments follow ISO 14067.,Product carbon footprint assessments follow ISO 14067.,,byd__2024__sustainability_report,,,,,,,,,validated_demo,,,,,,,
standard_ref:byd__2024__sustainability_report__gri,StandardReference,GRI 引用事实,,,,,,byd,high,,,,,,,,,,3,,,,no,GRI reference,GRI 引用事实,,,,Report references GRI standards.,Report references GRI standards.,,byd__2024__sustainability_report,,,,,,,,,validated_demo,,,,,,,
standard_ref:byd__2024__sustainability_report__iwa_48_2024,StandardReference,IWA 48:2024 引用事实,,,,,,byd,high,,,,,,,,,,153,,,,no,IWA 48:2024 reference,IWA 48:2024 引用事实,,,,Independent statement references IWA 48:2024.,Independent statement references IWA 48:2024.,,byd__2024__sustainability_report,,,,,,,,,validated_demo,,,,,,,
standard_family:net_zero_implementation_guidance,StandardFamily,净零实施指引,,,,,,,,,,,,,,,,,,,,,,Net-zero implementation guidance,净零实施指引,,,,,,,,,,,,,,,,,,,,,,,
standard_role:guideline,StandardRole,指引,,,,,,,,,,,,,,,,,,,,,,Guideline,指引,,,,,,,,,,,,,,,,,,,,,,,
accounting_principle:transition_credibility,AccountingPrinciple,转型可信性,,,,,,,,,,,,,,,,,,,,,,Transition credibility,转型可信性,,,,,,,,,,,,,,,,,,,,,,,
standard_ref:costco__2024__climate_action_plan__ghg_protocol,StandardReference,GHG Protocol 引用事实,,,,,,costco,high,,,,,,,,,,2,,,,no,GHG Protocol reference,GHG Protocol 引用事实,,,,Costco explicitly considers the GHG Protocol Accounting and Reporting Standard.,Costco explicitly considers the GHG Protocol Accounting and Reporting Standard.,,costco__2024__climate_action_plan,,,,,,,,,validated_demo,,,,,,,
standard_ref:costco__2024__climate_action_plan__tcfd,StandardReference,TCFD 引用事实,,,,,,costco,high,,,,,,,,,,2,,,,no,TCFD reference,TCFD 引用事实,,,,Earlier TCFD reporting is integrated into the climate risk statement.,Earlier TCFD reporting is integrated into the climate risk statement.,,costco__2024__climate_action_plan,,,,,,,,,validated_demo,,,,,,,
standard_ref:costco__2024__climate_action_plan__esrs_csrd,StandardReference,ESRS/CSRD 引用事实,,,,,,costco,high,,,,,,,,,,2,,,,no,ESRS/CSRD reference,ESRS/CSRD 引用事实,,,,FY2024 disclosures expanded toward ESRS and CSRD alignment.,FY2024 disclosures expanded toward ESRS and CSRD alignment.,,costco__2024__climate_action_plan,,,,,,,,,validated_demo,,,,,,,
standard_family:eu_sustainability_disclosure_regime,StandardFamily,欧盟可持续披露体系,,,,,,,,,,,,,,,,,,,,,,EU sustainability disclosure regime,欧盟可持续披露体系,,,,,,,,,,,,,,,,,,,,,,,
accounting_principle:double_materiality,AccountingPrinciple,双重重要性,,,,,,,,,,,,,,,,,,,,,,Double materiality,双重重要性,,,,,,,,,,,,,,,,,,,,,,,
standard_ref:geely__2024__sustainability_report__ghg_protocol,StandardReference,GHG Protocol 引用事实,,,,,,geely,high,,,,,,,,,,39,,,,no,GHG Protocol reference,GHG Protocol 引用事实,,,,Group report says GHG accounting follows WRI/WBCSD GHG Protocol.,Group report says GHG accounting follows WRI/WBCSD GHG Protocol.,,geely__2024__sustainability_report,,,,,,,,,validated_demo,,,,,,,
standard_ref:geely__2024__sustainability_report__gri,StandardReference,GRI 引用事实,,,,,,geely,high,,,,,,,,,,96,,,,no,GRI reference,GRI 引用事实,,,,GRI index covers emissions disclosures.,GRI index covers emissions disclosures.,,geely__2024__sustainability_report,,,,,,,,,validated_demo,,,,,,,
standard_ref:geely__2024__sustainability_report__gb_t_2589_2020,StandardReference,GB/T 2589-2020 引用事实,,,,,,geely,high,,,,,,,,,,39,GB/T 2589-2020,,,yes,GB/T 2589-2020 reference,GB/T 2589-2020 引用事实,,,,Energy consumption accounting references the Chinese national standard GB/T 2589-2020.,Energy consumption accounting references the Chinese national standard GB/T 2589-2020.,,geely__2024__sustainability_report,,,,,,,,,validated_demo,,,,,,,
standard_family:chinese_national_standard_system,StandardFamily,国家标准体系,,,,,,,,,,,,,,,,,,,,,,Chinese national standard system,国家标准体系,,,,,,,,,,,,,,,,,,,,,,,
standard_role:measurement_standard,StandardRole,计量标准,,,,,,,,,,,,,,,,,,,,,,Measurement standard,计量标准,,,,,,,,,,,,,,,,,,,,,,,
accounting_principle:standardized_measurement,AccountingPrinciple,标准化计量,,,,,,,,,,,,,,,,,,,,,,Standardized measurement,标准化计量,,,,,,,,,,,,,,,,,,,,,,,
standard_ref:microsoft__2025__environmental_sustainability_report__ghg_protocol,StandardReference,GHG Protocol 引用事实,,,,,,microsoft,high,,,,,,,,,,88,,,,no,GHG Protocol reference,GHG Protocol 引用事实,,,,Microsoft states greenhouse gas emissions are presented in accordance with the GHG Protocol.,Microsoft states greenhouse gas emissions are presented in accordance with the GHG Protocol.,,microsoft__2025__environmental_sustainability_report,,,,,,,,,validated_demo,,,,,,,
standard_ref:microsoft__2025__environmental_sustainability_report__gri,StandardReference,GRI 引用事实,,,,,,microsoft,high,,,,,,,,,,88,,,,no,GRI reference,GRI 引用事实,,,,Select metrics reference GRI standards.,Select metrics reference GRI standards.,,microsoft__2025__environmental_sustainability_report,,,,,,,,,validated_demo,,,,,,,
standard_ref:microsoft__2025__environmental_sustainability_report__tcfd,StandardReference,TCFD 引用事实,,,,,,microsoft,high,,,,,,,,,,88,,,,no,TCFD reference,TCFD 引用事实,,,,Microsoft strives to align climate disclosures with TCFD recommendations.,Microsoft strives to align climate disclosures with TCFD recommendations.,,microsoft__2025__environmental_sustainability_report,,,,,,,,,validated_demo,,,,,,,
standard_ref:totalenergies__2025__sustainability_and_climate_progress_report__ghg_protocol,StandardReference,GHG Protocol 引用事实,,,,,,totalenergies,high,,,,,,,,,,117,,,,no,GHG Protocol reference,GHG Protocol 引用事实,,,,Scope 2 and Scope 3 definitions explicitly cite the GHG Protocol.,Scope 2 and Scope 3 definitions explicitly cite the GHG Protocol.,,totalenergies__2025__sustainability_and_climate_progress_report,,,,,,,,,validated_demo,,,,,,,
standard_ref:totalenergies__2025__sustainability_and_climate_progress_report__gri,StandardReference,GRI 引用事实,,,,,,totalenergies,high,,,,,,,,,,4,,,,no,GRI reference,GRI 引用事实,,,,The company continues to publish a GRI report.,The company continues to publish a GRI report.,,totalenergies__2025__sustainability_and_climate_progress_report,,,,,,,,,validated_demo,,,,,,,
standard_ref:totalenergies__2025__sustainability_and_climate_progress_report__esrs_csrd,StandardReference,ESRS/CSRD 引用事实,,,,,,totalenergies,high,,,,,,,,,,4,,,,no,ESRS/CSRD reference,ESRS/CSRD 引用事实,,,,The Universal Registration Document includes CSRD-aligned sustainability reporting.,The Universal Registration Document includes CSRD-aligned sustainability reporting.,,totalenergies__2025__sustainability_and_climate_progress_report,,,,,,,,,validated_demo,,,,,,,
standard_ref:totalenergies__2025__sustainability_and_climate_progress_report__ipieca,StandardReference,IPIECA 引用事实,,,,,,totalenergies,high,,,,,,,,,,117,,,,no,IPIECA reference,IPIECA 引用事实,,,,Oil and gas value-chain guidance follows IPIECA reporting guidelines.,Oil and gas value-chain guidance follows IPIECA reporting guidelines.,,totalenergies__2025__sustainability_and_climate_progress_report,,,,,,,,,validated_demo,,,,,,,
standard_family:industry_guidance_system,StandardFamily,行业指引体系,,,,,,,,,,,,,,,,,,,,,,Industry guidance system,行业指引体系,,,,,,,,,,,,,,,,,,,,,,,
standard_role:reporting_guideline,StandardRole,报告指引,,,,,,,,,,,,,,,,,,,,,,Reporting guideline,报告指引,,,,,,,,,,,,,,,,,,,,,,,
accounting_principle:sector_comparability,AccountingPrinciple,行业可比性,,,,,,,,,,,,,,,,,,,,,,Sector comparability,行业可比性,,,,,,,,,,,,,,,,,,,,,,,
standard_ref:unitedhealth__2024__sustainability_report__ghg_protocol,StandardReference,GHG Protocol 引用事实,,,,,,unitedhealth,high,,,,,,,,,,80,,,,no,GHG Protocol reference,GHG Protocol 引用事实,,,,Energy and emissions are calculated according to the GHG Protocol.,Energy and emissions are calculated according to the GHG Protocol.,,unitedhealth__2024__sustainability_report,,,,,,,,,validated_demo,,,,,,,
standard_ref:unitedhealth__2024__sustainability_report__sbti,StandardReference,SBTi 引用事实,,,,,,unitedhealth,high,,,,,,,,,,33,,,,no,SBTi reference,SBTi 引用事实,,,,Near-term climate targets are validated by SBTi.,Near-term climate targets are validated by SBTi.,,unitedhealth__2024__sustainability_report,,,,,,,,,validated_demo,,,,,,,
standard_family:climate_target_governance_system,StandardFamily,气候目标治理体系,,,,,,,,,,,,,,,,,,,,,,Climate target governance system,气候目标治理体系,,,,,,,,,,,,,,,,,,,,,,,
standard_role:target_validation_guideline,StandardRole,目标审定指引,,,,,,,,,,,,,,,,,,,,,,Target validation guideline,目标审定指引,,,,,,,,,,,,,,,,,,,,,,,
accounting_principle:science_based_ambition,AccountingPrinciple,科学目标约束,,,,,,,,,,,,,,,,,,,,,,Science-based ambition,科学目标约束,,,,,,,,,,,,,,,,,,,,,,,
standard_ref:unitedhealth__2024__sustainability_report__pcaf,StandardReference,PCAF 引用事实,,,,,,unitedhealth,high,,,,,,,,,,35,,,,no,PCAF reference,PCAF 引用事实,,,,Financed emissions are measured using the PCAF framework.,Financed emissions are measured using the PCAF framework.,,unitedhealth__2024__sustainability_report,,,,,,,,,validated_demo,,,,,,,
standard_family:financed_emissions_accounting_system,StandardFamily,投融资排放核算体系,,,,,,,,,,,,,,,,,,,,,,Financed emissions accounting system,投融资排放核算体系,,,,,,,,,,,,,,,,,,,,,,,
accounting_principle:attribution,AccountingPrinciple,归因原则,,,,,,,,,,,,,,,,,,,,,,Attribution,归因原则,,,,,,,,,,,,,,,,,,,,,,,
accounting_principle:data_quality_hierarchy,AccountingPrinciple,数据质量层级,,,,,,,,,,,,,,,,,,,,,,Data quality hierarchy,数据质量层级,,,,,,,,,,,,,,,,,,,,,,,
standard_ref:volkswagen__2023__sustainability_report__ghg_protocol,StandardReference,GHG Protocol 引用事实,,,,,,volkswagen,high,,,,,,,,,,62,,,,no,GHG Protocol reference,GHG Protocol 引用事实,,,,Group carbon footprint is calculated using Scope 1 to 3 in line with the GHG Protocol.,Group carbon footprint is calculated using Scope 1 to 3 in line with the GHG Protocol.,,volkswagen__2023__sustainability_report,,,,,,,,,validated_demo,,,,,,,
standard_ref:volkswagen__2023__sustainability_report__sbti,StandardReference,SBTi 引用事实,,,,,,volkswagen,high,,,,,,,,,,61,,,,no,SBTi reference,SBTi 引用事实,,,,Volkswagen states that both Scope 1+2 and Scope 3 targets are validated by SBTi.,Volkswagen states that both Scope 1+2 and Scope 3 targets are validated by SBTi.,,volkswagen__2023__sustainability_report,,,,,,,,,validated_demo,,,,,,,
standard_ref:volkswagen__2023__sustainability_report__iso_14040_14044,StandardReference,ISO 14040/14044 引用事实,,,,,,volkswagen,high,,,,,,,,,,61,,,,no,ISO 14040/14044 reference,ISO 14040/14044 引用事实,,,,Vehicle life-cycle assessments are externally verified under ISO 14040/14044.,Vehicle life-cycle assessments are externally verified under ISO 14040/14044.,,volkswagen__2023__sustainability_report,,,,,,,,,validated_demo,,,,,,,
standard_ref:volkswagen__2023__sustainability_report__gri,StandardReference,GRI 引用事实,,,,,,volkswagen,high,,,,,,,,,,3,,,,no,GRI reference,GRI 引用事实,,,,The sustainability report includes a GRI index.,The sustainability report includes a GRI index.,,volkswagen__2023__sustainability_report,,,,,,,,,validated_demo,,,,,,,
standard_ref:walmart__2025__esg_report__ghg_protocol,StandardReference,GHG Protocol 引用事实,,,,,,walmart,high,,,,,,,,,,7,,,,no,GHG Protocol reference,GHG Protocol 引用事实,,,,Walmart calculates its GHG footprint in alignment with the GHG Protocol.,Walmart calculates its GHG footprint in alignment with the GHG Protocol.,,walmart__2025__esg_report,,,,,,,,,validated_demo,,,,,,,
standard_ref:walmart__2025__esg_report__iso_14064_3,StandardReference,ISO 14064-3 引用事实,,,,,,walmart,high,,,,,,,,,,7,,,,no,ISO 14064-3 reference,ISO 14064-3 引用事实,,,,Third-party assurance over Scope 1 and 2 calculations aligns with ISO 14064-3.,Third-party assurance over Scope 1 and 2 calculations aligns with ISO 14064-3.,,walmart__2025__esg_report,,,,,,,,,validated_demo,,,,,,,
standard_ref:walmart__2025__esg_report__ifrs_s2,StandardReference,IFRS S2 引用事实,,,,,,walmart,high,,,,,,,,,,107,,,,no,IFRS S2 reference,IFRS S2 引用事实,,,,Walmart explicitly aligns with IFRS S2 climate disclosures.,Walmart explicitly aligns with IFRS S2 climate disclosures.,,walmart__2025__esg_report,,,,,,,,,validated_demo,,,,,,,
standard_family:climate_disclosure_standard,StandardFamily,气候披露标准,,,,,,,,,,,,,,,,,,,,,,Climate disclosure standard,气候披露标准,,,,,,,,,,,,,,,,,,,,,,,
standard_ref:walmart__2025__esg_report__gri,StandardReference,GRI 引用事实,,,,,,walmart,high,,,,,,,,,,106,,,,no,GRI reference,GRI 引用事实,,,,Operational and Scope 3 data table maps to GRI indicators.,Operational and Scope 3 data table maps to GRI indicators.,,walmart__2025__esg_report,,,,,,,,,validated_demo,,,,,,,
standard_ref:walmart__2025__esg_report__sasb,StandardReference,SASB 引用事实,,,,,,walmart,high,,,,,,,,,,106,,,,no,SASB reference,SASB 引用事实,,,,Energy metrics reference SASB and RE100 criteria.,Energy metrics reference SASB and RE100 criteria.,,walmart__2025__esg_report,,,,,,,,,validated_demo,,,,,,,
standard_ref:byd__2024__sustainability_report__hkex_esg_reporting_code_p153,StandardReference,香港联交所环境社会及管治报告守则 引用事实,,,,,,byd,high,,,,,,,,,,153,,,,no,HKEX ESG Reporting Code reference,香港联交所环境社会及管治报告守则 引用事实,,,,Assurance scope states that the report is prepared under the HKEX ESG Reporting Code.,审验范围明确写明报告依据香港联交所ESG报告守则编制。,,byd__2024__sustainability_report,,,,,,,,,manual_validated,,,,,,,
standard_role:disclosure_code,StandardRole,披露守则,,,,,,,,,,,,,,,,,,,,,,Disclosure code,披露守则,,,,,,,,,,,,,,,,,,,,,,,
accounting_principle:quantitative,AccountingPrinciple,量化,,,,,,,,,,,,,,,,,,,,,,Quantitative,量化,,,,,,,,,,,,,,,,,,,,,,,
accounting_principle:balance,AccountingPrinciple,平衡,,,,,,,,,,,,,,,,,,,,,,Balance,平衡,,,,,,,,,,,,,,,,,,,,,,,
standard_ref:byd__2024__sustainability_report__isae_3000_revised_p153,StandardReference,国际鉴证业务准则第3000号修订版 引用事实,,,,,,byd,high,,,,,,,,,,153,,,,no,ISAE 3000 (Revised) reference,国际鉴证业务准则第3000号修订版 引用事实,,,,Assurance methods cite ISAE 3000 Revised for non-financial assurance work.,鉴证方法明确引用ISAE 3000修订版开展非财务信息鉴证。,,byd__2024__sustainability_report,,,,,,,,,manual_validated,,,,,,,
standard_family:sustainability_assurance_standard,StandardFamily,可持续信息鉴证准则,,,,,,,,,,,,,,,,,,,,,,Sustainability assurance standard,可持续信息鉴证准则,,,,,,,,,,,,,,,,,,,,,,,
standard_role:assurance_standard,StandardRole,鉴证准则,,,,,,,,,,,,,,,,,,,,,,Assurance standard,鉴证准则,,,,,,,,,,,,,,,,,,,,,,,
accounting_principle:limited_assurance,AccountingPrinciple,有限保证,,,,,,,,,,,,,,,,,,,,,,Limited assurance,有限保证,,,,,,,,,,,,,,,,,,,,,,,
accounting_principle:evidence_based_assurance,AccountingPrinciple,基于证据的鉴证,,,,,,,,,,,,,,,,,,,,,,Evidence-based assurance,基于证据的鉴证,,,,,,,,,,,,,,,,,,,,,,,
standard_ref:byd__2024__sustainability_report__isae_3410_p153,StandardReference,国际鉴证业务准则第3410号 引用事实,,,,,,byd,high,,,,,,,,,,153,,,,no,ISAE 3410 reference,国际鉴证业务准则第3410号 引用事实,,,,Assurance methods cite ISAE 3410 for greenhouse gas statement assurance.,鉴证方法明确引用ISAE 3410开展温室气体声明鉴证。,,byd__2024__sustainability_report,,,,,,,,,manual_validated,,,,,,,
standard_family:greenhouse_gas_assurance_standard,StandardFamily,温室气体鉴证准则,,,,,,,,,,,,,,,,,,,,,,Greenhouse gas assurance standard,温室气体鉴证准则,,,,,,,,,,,,,,,,,,,,,,,
standard_role:greenhouse_gas_assurance_standard,StandardRole,温室气体鉴证准则,,,,,,,,,,,,,,,,,,,,,,Greenhouse gas assurance standard,温室气体鉴证准则,,,,,,,,,,,,,,,,,,,,,,,
accounting_principle:ghg_statement_assurance,AccountingPrinciple,温室气体声明鉴证,,,,,,,,,,,,,,,,,,,,,,GHG statement assurance,温室气体声明鉴证,,,,,,,,,,,,,,,,,,,,,,,
methodology:amazon_scope1_mobile,EmissionMethodologyFact,亚马逊 范围1 方法事实,,,,Evidence-based mapping,基于证据规则映射,amazon,high,,,,,,amazon,company,,,9,,,2024,,Amazon Scope 1 methodology fact,亚马逊 范围1 方法事实,,,,Direct operations include transport-related fuel use; mapped to mobile emission sources.,直接运营包含运输相关燃料使用，据此映射为移动排放源。,,amazon__2024__sustainability_report,,,,,,,,,validated_demo,,,,,,,
assurance_stage:report_disclosure,AssuranceStage,报告披露,,,,,,,,,,,,,,,,,,,,,,Report disclosure,报告披露,,,,,,,,,,,,,,,,,,,,,,,
activity_category:mobile_emission_source,ActivityCategory,移动排放源,,,,,,,,,,,,,,,,,,,,,,Mobile emission source,移动排放源,,,,,,,,,,,,,,,,,,,,,,,
methodology:amazon_scope1_fugitive,EmissionMethodologyFact,亚马逊 范围1 方法事实,,,,Evidence-based mapping,基于证据规则映射,amazon,high,,,,,,amazon,company,,,9,,,2024,,Amazon Scope 1 methodology fact,亚马逊 范围1 方法事实,,,,Direct operations note supports a fugitive-emissions mapping for refrigerants and leaks.,直接运营相关说明支持将制冷剂和泄漏归入散逸性排放。,,amazon__2024__sustainability_report,,,,,,,,,validated_demo,,,,,,,
activity_category:fugitive_emissions,ActivityCategory,散逸性排放,,,,,,,,,,,,,,,,,,,,,,Fugitive emissions,散逸性排放,,,,,,,,,,,,,,,,,,,,,,,
methodology:amazon_scope2_market_based,EmissionMethodologyFact,亚马逊 范围2 方法事实,,,,Explicit mention,原文明确提及,amazon,high,,,,,,amazon,company,,,50,,,2024,,Amazon Scope 2 methodology fact,亚马逊 范围2 方法事实,,,,Scope 2 is explicitly reported on a market-based basis.,Scope 2 明确按市场法披露。,,amazon__2024__sustainability_report,,,,,,,,,validated_demo,,,,,,,
activity_category:purchased_electricity,ActivityCategory,外购电力,,,,,,,,,,,,,,,,,,,,,,Purchased electricity,外购电力,,,,,,,,,,,,,,,,,,,,,,,
calculation_method:market_based,CalculationMethod,市场法,,,,,,,,,,,,,,,,,,,,,,Market-based,市场法,,,,,,,,,,,,,,,,,,,,,,,
methodology:amazon_scope3_disclosure,EmissionMethodologyFact,亚马逊 范围3 方法事实,,,,Explicit mention,原文明确提及,amazon,high,,,,,,amazon,company,,,50,,,2024,,Amazon Scope 3 methodology fact,亚马逊 范围3 方法事实,,,,Scope 3 is disclosed as other indirect sources.,Scope 3 作为其他间接来源进行披露。,,amazon__2024__sustainability_report,,,,,,,,,validated_demo,,,,,,,
activity_category:value_chain_activities,ActivityCategory,价值链活动,,,,,,,,,,,,,,,,,,,,,,Value-chain activities,价值链活动,,,,,,,,,,,,,,,,,,,,,,,
methodology:apple_scope3_primary_lca,EmissionMethodologyFact,苹果 范围3 方法事实,,,,Explicit mention,原文明确提及,apple,high,,,,,,apple,company,,,106,,,2024,,Apple Scope 3 methodology fact,苹果 范围3 方法事实,,,,Apple states that primary data are used within product carbon-footprint and life-cycle calculations.,苹果明确说明在产品碳足迹与生命周期核算中使用初级数据。,,apple__2025__environmental_progress_report,,,,,,,,,validated_demo,,,,,,,
data_source_type:primary_data,DataSourceType,初级数据,,,,,,,,,,,,,,,,,,,,,,Primary data,初级数据,,,,,,,,,,,,,,,,,,,,,,,
assurance_stage:validation,AssuranceStage,审定,,,,,,,,,,,,,,,,,,,,,,Validation,审定,,,,,,,,,,,,,,,,,,,,,,,
calculation_method:life_cycle_assessment,CalculationMethod,生命周期评价,,,,,,,,,,,,,,,,,,,,,,Life-cycle assessment,生命周期评价,,,,,,,,,,,,,,,,,,,,,,,
boundary_type:product_life_cycle_boundary,BoundaryType,产品全生命周期边界,,,,,,,,,,,,,,,,,,,,,,Product life-cycle boundary,产品全生命周期边界,,,,,,,,,,,,,,,,,,,,,,,
methodology:apple_scope3_secondary_lca,EmissionMethodologyFact,苹果 范围3 方法事实,,,,Explicit mention,原文明确提及,apple,high,,,,,,apple,company,,,106,,,2024,,Apple Scope 3 methodology fact,苹果 范围3 方法事实,,,,Apple also discloses secondary data use within its product life-cycle accounting system.,苹果同时披露在产品生命周期核算体系中使用次级数据。,,apple__2025__environmental_progress_report,,,,,,,,,validated_demo,,,,,,,
data_source_type:secondary_data,DataSourceType,次级数据,,,,,,,,,,,,,,,,,,,,,,Secondary data,次级数据,,,,,,,,,,,,,,,,,,,,,,,
assurance_stage:verification,AssuranceStage,核查,,,,,,,,,,,,,,,,,,,,,,Verification,核查,,,,,,,,,,,,,,,,,,,,,,,
methodology:byd_scope1_direct,EmissionMethodologyFact,比亚迪 范围1 方法事实,,,,Explicit mention,原文明确提及,byd,high,,,,,,byd,company,,,127,,,2024,,BYD Scope 1 methodology fact,比亚迪 范围1 方法事实,,,,BYD explicitly reports direct emissions as Scope 1.,比亚迪明确将直接排放披露为Scope 1。,,byd__2024__sustainability_report,,,,,,,,,validated_demo,,,,,,,
methodology:byd_scope2_purchased_power,EmissionMethodologyFact,比亚迪 范围2 方法事实,,,,Explicit mention,原文明确提及,byd,high,,,,,,byd,company,,,127,,,2024,,BYD Scope 2 methodology fact,比亚迪 范围2 方法事实,,,,BYD explicitly reports energy indirect emissions in Scope 2.,比亚迪明确将能源间接排放披露为Scope 2。,,byd__2024__sustainability_report,,,,,,,,,validated_demo,,,,,,,
methodology:byd_scope3_partial_categories,EmissionMethodologyFact,比亚迪 范围3 方法事实,,,,Explicit mention,原文明确提及,byd,high,,,,,,byd,company,,,127,,,2024,,BYD Scope 3 methodology fact,比亚迪 范围3 方法事实,,,,"BYD notes employee travel, commuting and fuel-and-energy-related activities within Scope 3.",比亚迪在Scope 3中披露了员工差旅、通勤和燃料与能源相关活动。,,byd__2024__sustainability_report,,,,,,,,,validated_demo,,,,,,,
methodology:geely_scope1_bu_boundary,EmissionMethodologyFact,吉利汽车事业单元 范围1 方法事实,,,,Explicit mention,原文明确提及,geely,high,,,,,,geely_auto,business_unit,,,38,,,2024,,Geely Auto (business unit) Scope 1 methodology fact,吉利汽车事业单元 范围1 方法事实,,,,Geely's reported emission inventory is disclosed at business-unit level in the group report.,吉利在集团报告中以业务单元层级披露排放清单。,,geely__2024__sustainability_report,,,,,,,,,validated_demo,,,,,,,
boundary_type:business_unit_boundary,BoundaryType,业务单元边界,,,,,,,,,,,,,,,,,,,,,,Business-unit boundary,业务单元边界,,,,,,,,,,,,,,,,,,,,,,,
methodology:geely_scope2_bu_boundary,EmissionMethodologyFact,吉利汽车事业单元 范围2 方法事实,,,,Explicit mention,原文明确提及,geely,high,,,,,,geely_auto,business_unit,,,38,,,2024,,Geely Auto (business unit) Scope 2 methodology fact,吉利汽车事业单元 范围2 方法事实,,,,Scope 2 is disclosed for the business unit rather than a simple group total.,Scope 2 以业务单元口径而非简单集团总量披露。,,geely__2024__sustainability_report,,,,,,,,,validated_demo,,,,,,,
methodology:geely_scope3_bu_boundary,EmissionMethodologyFact,吉利汽车事业单元 范围3 方法事实,,,,Explicit mention,原文明确提及,geely,high,,,,,,geely_auto,business_unit,,,38,,,2024,,Geely Auto (business unit) Scope 3 methodology fact,吉利汽车事业单元 范围3 方法事实,,,,Scope 3 is also disclosed at business-unit level.,Scope 3 同样以业务单元口径披露。,,geely__2024__sustainability_report,,,,,,,,,validated_demo,,,,,,,
methodology:microsoft_scope1_derived,EmissionMethodologyFact,微软 范围1 方法事实,,,,Explicit mention,原文明确提及,microsoft,high,,,,,,microsoft,company,,,13,,,2024,,Microsoft Scope 1 methodology fact,微软 范围1 方法事实,,,,Only Scope shares are explicit in the PDF; the structured record retains derived share information.,PDF中仅明确披露各Scope占比，结构化结果保留推导后的占比信息。,,microsoft__2025__environmental_sustainability_report,,,,,,,,,validated_demo,,,,,,,
data_source_type:derived_data,DataSourceType,推导数据,,,,,,,,,,,,,,,,,,,,,,Derived data,推导数据,,,,,,,,,,,,,,,,,,,,,,,
methodology:microsoft_scope2_derived,EmissionMethodologyFact,微软 范围2 方法事实,,,,Explicit mention,原文明确提及,microsoft,high,,,,,,microsoft,company,,,13,,,2024,,Microsoft Scope 2 methodology fact,微软 范围2 方法事实,,,,Only Scope shares are explicit in the PDF for Scope 2.,Scope 2 在PDF中仅明确披露占比。,,microsoft__2025__environmental_sustainability_report,,,,,,,,,validated_demo,,,,,,,
methodology:microsoft_scope3_derived,EmissionMethodologyFact,微软 范围3 方法事实,,,,Explicit mention,原文明确提及,microsoft,high,,,,,,microsoft,company,,,13,,,2024,,Microsoft Scope 3 methodology fact,微软 范围3 方法事实,,,,Scope 3 is disclosed as a share without the absolute value in the PDF.,Scope 3 在PDF中披露为占比，未直接给出绝对量。,,microsoft__2025__environmental_sustainability_report,,,,,,,,,validated_demo,,,,,,,
methodology:total_scope3_cat11,EmissionMethodologyFact,道达尔能源 范围3 方法事实,,,,Explicit mention,原文明确提及,totalenergies,high,,,,,,totalenergies,company,,,107,,,2024,,TotalEnergies Scope 3 methodology fact,道达尔能源 范围3 方法事实,,,,TotalEnergies explicitly reports Scope 3 as Category 11 use of sold products.,道达尔能源明确将Scope 3披露为类别11“销售产品的使用”。,,totalenergies__2025__sustainability_and_climate_progress_report,,,,,,,,,validated_demo,,,,,,,
scope3_category:11.0,Scope3Category,类别11 销售产品的使用,,,11.0,,,,,,,,,,,,,,,,,,,Category 11,类别11 销售产品的使用,,,,,,,,,,,,,,,,,,,,,,,
activity_category:use_of_sold_products,ActivityCategory,销售产品使用,,,,,,,,,,,,,,,,,,,,,,Use of sold products,销售产品使用,,,,,,,,,,,,,,,,,,,,,,,
methodology:uhg_scope1_fugitive_assured,EmissionMethodologyFact,联合健康集团 范围1 方法事实,,,,Explicit mention,原文明确提及,unitedhealth,high,,,,,,unitedhealth,company,,,81,,,2024,,UnitedHealth Group Scope 1 methodology fact,联合健康集团 范围1 方法事实,,,,Scope 1 includes refrigerant gases under an assured inventory on an operational-control basis.,Scope 1在运营控制边界下纳入制冷剂气体，并经过鉴证。,,unitedhealth__2024__sustainability_report,,,,,,,,,validated_demo,,,,,,,
assurance_stage:assurance,AssuranceStage,鉴证,,,,,,,,,,,,,,,,,,,,,,Assurance,鉴证,,,,,,,,,,,,,,,,,,,,,,,
boundary_type:operational_control,BoundaryType,运营控制边界,,,,,,,,,,,,,,,,,,,,,,Operational control,运营控制边界,,,,,,,,,,,,,,,,,,,,,,,
methodology:uhg_scope2_primary_location,EmissionMethodologyFact,联合健康集团 范围2 方法事实,,,,Explicit mention,原文明确提及,unitedhealth,high,,,,,,unitedhealth,company,,,81,,,2024,,UnitedHealth Group Scope 2 methodology fact,联合健康集团 范围2 方法事实,,,,UnitedHealth reports primary-data-based Scope 2 and discloses location-based results.,联合健康披露基于初级数据的Scope 2，并给出位置法结果。,,unitedhealth__2024__sustainability_report,,,,,,,,,validated_demo,,,,,,,
calculation_method:location_based,CalculationMethod,位置法,,,,,,,,,,,,,,,,,,,,,,Location-based,位置法,,,,,,,,,,,,,,,,,,,,,,,
methodology:uhg_scope2_estimated_market,EmissionMethodologyFact,联合健康集团 范围2 方法事实,,,,Explicit mention,原文明确提及,unitedhealth,high,,,,,,unitedhealth,company,,,81,,,2024,,UnitedHealth Group Scope 2 methodology fact,联合健康集团 范围2 方法事实,,,,UnitedHealth also uses estimated inputs and reports market-based Scope 2 for net-zero framing.,联合健康同时使用估算数据，并为净零框架披露市场法Scope 2。,,unitedhealth__2024__sustainability_report,,,,,,,,,validated_demo,,,,,,,
data_source_type:estimated_data,DataSourceType,估算数据,,,,,,,,,,,,,,,,,,,,,,Estimated data,估算数据,,,,,,,,,,,,,,,,,,,,,,,
methodology:uhg_scope3_cat1_spend,EmissionMethodologyFact,联合健康集团 范围3 方法事实,,,,Explicit mention,原文明确提及,unitedhealth,high,,,,,,unitedhealth,company,,,82,,,2024,,UnitedHealth Group Scope 3 methodology fact,联合健康集团 范围3 方法事实,,,,Category 1 purchased goods and services is disclosed using spend-based estimates and secondary emission factors.,类别1“购买的商品和服务”按支出法及次级排放因子披露。,,unitedhealth__2024__sustainability_report,,,,,,,,,validated_demo,,,,,,,
scope3_category:1.0,Scope3Category,类别1 购买的商品和服务,,,1.0,,,,,,,,,,,,,,,,,,,Category 1,类别1 购买的商品和服务,,,,,,,,,,,,,,,,,,,,,,,
calculation_method:spend_based,CalculationMethod,支出法,,,,,,,,,,,,,,,,,,,,,,Spend-based,支出法,,,,,,,,,,,,,,,,,,,,,,,
methodology:uhg_scope3_cat3_average,EmissionMethodologyFact,联合健康集团 范围3 方法事实,,,,Explicit mention,原文明确提及,unitedhealth,high,,,,,,unitedhealth,company,,,82,,,2024,,UnitedHealth Group Scope 3 methodology fact,联合健康集团 范围3 方法事实,,,,Category 3 fuel- and energy-related activities uses an average-data method.,类别3“燃料与能源相关活动”采用平均数据法。,,unitedhealth__2024__sustainability_report,,,,,,,,,validated_demo,,,,,,,
scope3_category:3.0,Scope3Category,类别3 燃料与能源相关活动,,,3.0,,,,,,,,,,,,,,,,,,,Category 3,类别3 燃料与能源相关活动,,,,,,,,,,,,,,,,,,,,,,,
calculation_method:average_data_method,CalculationMethod,平均数据法,,,,,,,,,,,,,,,,,,,,,,Average-data method,平均数据法,,,,,,,,,,,,,,,,,,,,,,,
methodology:uhg_scope3_cat5_waste,EmissionMethodologyFact,联合健康集团 范围3 方法事实,,,,Explicit mention,原文明确提及,unitedhealth,high,,,,,,unitedhealth,company,,,82,,,2024,,UnitedHealth Group Scope 3 methodology fact,联合健康集团 范围3 方法事实,,,,Category 5 waste generated in operations references primary waste data and waste-type assumptions.,类别5“运营产生的废弃物”引用初级废弃物数据及废弃物类型假设。,,unitedhealth__2024__sustainability_report,,,,,,,,,validated_demo,,,,,,,
scope3_category:5.0,Scope3Category,类别5 运营产生的废弃物,,,5.0,,,,,,,,,,,,,,,,,,,Category 5,类别5 运营产生的废弃物,,,,,,,,,,,,,,,,,,,,,,,
activity_category:waste_in_operations,ActivityCategory,运营废弃物,,,,,,,,,,,,,,,,,,,,,,Waste in operations,运营废弃物,,,,,,,,,,,,,,,,,,,,,,,
methodology:uhg_scope3_cat6_travel,EmissionMethodologyFact,联合健康集团 范围3 方法事实,,,,Explicit mention,原文明确提及,unitedhealth,high,,,,,,unitedhealth,company,,,82,,,2024,,UnitedHealth Group Scope 3 methodology fact,联合健康集团 范围3 方法事实,,,,Category 6 business travel is estimated using distance-based and hybrid methods.,类别6“商务差旅”采用距离法和混合法估算。,,unitedhealth__2024__sustainability_report,,,,,,,,,validated_demo,,,,,,,
scope3_category:6.0,Scope3Category,类别6 商务差旅,,,6.0,,,,,,,,,,,,,,,,,,,Category 6,类别6 商务差旅,,,,,,,,,,,,,,,,,,,,,,,
activity_category:business_travel,ActivityCategory,商务差旅,,,,,,,,,,,,,,,,,,,,,,Business travel,商务差旅,,,,,,,,,,,,,,,,,,,,,,,
calculation_method:distance_based,CalculationMethod,距离法,,,,,,,,,,,,,,,,,,,,,,Distance-based,距离法,,,,,,,,,,,,,,,,,,,,,,,
methodology:uhg_scope3_cat15_pcaf,EmissionMethodologyFact,联合健康集团 范围3 方法事实,,,,Explicit mention,原文明确提及,unitedhealth,high,,,,,,unitedhealth,company,,,35,,,2024,,UnitedHealth Group Scope 3 methodology fact,联合健康集团 范围3 方法事实,,,,Financed emissions are measured using the PCAF methodology.,投融资排放采用PCAF方法核算。,,unitedhealth__2024__sustainability_report,,,,,,,,,validated_demo,,,,,,,
scope3_category:15.0,Scope3Category,类别15 投资,,,15.0,,,,,,,,,,,,,,,,,,,Category 15,类别15 投资,,,,,,,,,,,,,,,,,,,,,,,
activity_category:financed_emissions,ActivityCategory,投融资排放,,,,,,,,,,,,,,,,,,,,,,Financed emissions,投融资排放,,,,,,,,,,,,,,,,,,,,,,,
calculation_method:pcaf_financed_emissions_methodology,CalculationMethod,PCAF投融资排放方法,,,,,,,,,,,,,,,,,,,,,,PCAF financed emissions methodology,PCAF投融资排放方法,,,,,,,,,,,,,,,,,,,,,,,
methodology:volkswagen_scope3_lca,EmissionMethodologyFact,大众汽车集团 范围3 方法事实,,,,Explicit mention,原文明确提及,volkswagen,high,,,,,,volkswagen,company,,,61,,,2023,,Volkswagen Group Scope 3 methodology fact,大众汽车集团 范围3 方法事实,,,,Volkswagen links life-cycle assessment and external verification to its Scope 3-heavy footprint.,大众将生命周期评价及外部核查与其以Scope 3为主的碳足迹相联系。,,volkswagen__2023__sustainability_report,,,,,,,,,validated_demo,,,,,,,
methodology:walmart_scope3_supplier_factors,EmissionMethodologyFact,沃尔玛 范围3 方法事实,,,,Explicit mention,原文明确提及,walmart,high,,,,,,walmart,company,,,32,,,2024,,Walmart Scope 3 methodology fact,沃尔玛 范围3 方法事实,,,,Walmart states that Scope 3 estimates use supplier-specific data when available and industry-average factors otherwise.,沃尔玛说明Scope 3在可得时使用供应商特定数据，其他情况下使用行业平均因子。,,walmart__2025__esg_report,,,,,,,,,validated_demo,,,,,,,
calculation_method:supplier_specific_and_industry_average_factors,CalculationMethod,供应商特定数据与行业平均因子,,,,,,,,,,,,,,,,,,,,,,Supplier-specific and industry-average factors,供应商特定数据与行业平均因子,,,,,,,,,,,,,,,,,,,,,,,
target:amazon__2024__sustainability_report:net_zero_carbon_across_global_operations,Target,Net-zero carbon across global operations,,,,,,,high,,,,,,,,,,16,,,,,Net-zero carbon across global operations,Net-zero carbon across global operations,,,,The Climate Pledge target.,The Climate Pledge target.,,amazon__2024__sustainability_report,,,,,,,,,validated_demo,,,,2040,,,
target:apple__2025__environmental_progress_report:carbon_neutral_across_the_entire_footprint,Target,Carbon neutral across the entire footprint,,,,,,,high,,,,,,,,,,7,,,,,Carbon neutral across the entire footprint,Carbon neutral across the entire footprint,,,,Apple 2030 overarching goal.,Apple 2030 overarching goal.,,apple__2025__environmental_progress_report,,,,,,,,,validated_demo,,,,2030,,,
target:apple__2025__environmental_progress_report:reduce_scope_1_2_and_3_emissions_by_75%_versus_2015_before_removals,Target,"Reduce Scope 1, 2, and 3 emissions by 75% versus 2015 before removals",,,,,,,high,,,,,,,,,,10,,,,,"Reduce Scope 1, 2, and 3 emissions by 75% versus 2015 before removals","Reduce Scope 1, 2, and 3 emissions by 75% versus 2015 before removals",,,,Science-based Apple 2030 pathway.,Science-based Apple 2030 pathway.,,apple__2025__environmental_progress_report,,,,,,,,,validated_demo,,,,2030,,,
target:byd__2024__sustainability_report:full_value_chain_carbon_neutrality,Target,Full value-chain carbon neutrality,,,,,,,high,,,,,,,,,,44,,,,,Full value-chain carbon neutrality,Full value-chain carbon neutrality,,,,Group-level ambition.,Group-level ambition.,,byd__2024__sustainability_report,,,,,,,,,validated_demo,,,,2045,,,
target:byd__2024__sustainability_report:reduce_operational_carbon_intensity_by_50%_versus_2023,Target,Reduce operational carbon intensity by 50% versus 2023,,,,,,,high,,,,,,,,,,45,,,,,Reduce operational carbon intensity by 50% versus 2023,Reduce operational carbon intensity by 50% versus 2023,,,,Applies to BYD Scope 1 and 2 operations.,Applies to BYD Scope 1 and 2 operations.,,byd__2024__sustainability_report,,,,,,,,,validated_demo,,,,2030,,,
target:byd__2024__sustainability_report:reach_35%_green_electricity_use,Target,Reach 35% green electricity use,,,,,,,high,,,,,,,,,,45,,,,,Reach 35% green electricity use,Reach 35% green electricity use,,,,Intermediate electricity target.,Intermediate electricity target.,,byd__2024__sustainability_report,,,,,,,,,validated_demo,,,,2025,,,
target:costco__2024__climate_action_plan:absolute_reduction_in_scope_1_and_2_emissions_by_39%_versus_2020,Target,Absolute reduction in Scope 1 and 2 emissions by 39% versus 2020,,,,,,,high,,,,,,,,,,6,,,,,Absolute reduction in Scope 1 and 2 emissions by 39% versus 2020,Absolute reduction in Scope 1 and 2 emissions by 39% versus 2020,,,,Operational target.,Operational target.,,costco__2024__climate_action_plan,,,,,,,,,validated_demo,,,,2030,,,
target:costco__2024__climate_action_plan:operate_with_100%_clean_energy_sources,Target,Operate with 100% clean energy sources,,,,,,,high,,,,,,,,,,6,,,,,Operate with 100% clean energy sources,Operate with 100% clean energy sources,,,,Operational clean electricity target.,Operational clean electricity target.,,costco__2024__climate_action_plan,,,,,,,,,validated_demo,,,,2035,,,
target:costco__2024__climate_action_plan:reduce_scope_3_emissions_intensity_by_20%_versus_fy20_excluding_fuel,Target,"Reduce Scope 3 emissions intensity by 20% versus FY20, excluding fuel",,,,,,,high,,,,,,,,,,9,,,,,"Reduce Scope 3 emissions intensity by 20% versus FY20, excluding fuel","Reduce Scope 3 emissions intensity by 20% versus FY20, excluding fuel",,,,STEP program target.,STEP program target.,,costco__2024__climate_action_plan,,,,,,,,,validated_demo,,,,2030,,,
target:geely__2024__sustainability_report:operational_carbon_neutrality,Target,Operational carbon neutrality,,,,,,,high,,,,,,,,,,33,,,,,Operational carbon neutrality,Operational carbon neutrality,,,,Group strategy milestone.,Group strategy milestone.,,geely__2024__sustainability_report,,,,,,,,,validated_demo,,,,2030,,,
target:geely__2024__sustainability_report:zero_carbon_ready_operations,Target,Zero-carbon-ready operations,,,,,,,high,,,,,,,,,,33,,,,,Zero-carbon-ready operations,Zero-carbon-ready operations,,,,Group strategy milestone.,Group strategy milestone.,,geely__2024__sustainability_report,,,,,,,,,validated_demo,,,,2040,,,
target:geely__2024__sustainability_report:full_chain_carbon_neutrality,Target,Full-chain carbon neutrality,,,,,,,high,,,,,,,,,,33,,,,,Full-chain carbon neutrality,Full-chain carbon neutrality,,,,Group strategy milestone.,Group strategy milestone.,,geely__2024__sustainability_report,,,,,,,,,validated_demo,,,,2045,,,
target:microsoft__2025__environmental_sustainability_report:carbon_negative,Target,Carbon negative,,,,,,,high,,,,,,,,,,11,,,,,Carbon negative,Carbon negative,,,,Microsoft will remove more carbon than it emits.,Microsoft will remove more carbon than it emits.,,microsoft__2025__environmental_sustainability_report,,,,,,,,,validated_demo,,,,2030,,,
target:microsoft__2025__environmental_sustainability_report:remove_historical_operational_emissions_since_founding,Target,Remove historical operational emissions since founding,,,,,,,high,,,,,,,,,,11,,,,,Remove historical operational emissions since founding,Remove historical operational emissions since founding,,,,Historic removal commitment.,Historic removal commitment.,,microsoft__2025__environmental_sustainability_report,,,,,,,,,validated_demo,,,,2050,,,
target:microsoft__2025__environmental_sustainability_report:reduce_scope_3_emissions_by_more_than_half_from_2020_baseline,Target,Reduce Scope 3 emissions by more than half from 2020 baseline,,,,,,,high,,,,,,,,,,11,,,,,Reduce Scope 3 emissions by more than half from 2020 baseline,Reduce Scope 3 emissions by more than half from 2020 baseline,,,,Value-chain target.,Value-chain target.,,microsoft__2025__environmental_sustainability_report,,,,,,,,,validated_demo,,,,2030,,,
target:totalenergies__2025__sustainability_and_climate_progress_report:carbon_neutrality_by_2050_together_with_society,Target,Carbon neutrality by 2050 together with society,,,,,,,high,,,,,,,,,,18,,,,,Carbon neutrality by 2050 together with society,Carbon neutrality by 2050 together with society,,,,Long-term strategic ambition.,Long-term strategic ambition.,,totalenergies__2025__sustainability_and_climate_progress_report,,,,,,,,,validated_demo,,,,2050,,,
target:totalenergies__2025__sustainability_and_climate_progress_report:reduce_operated_site_scope_1+2_emissions_to_below_37_mt_co2e,Target,Reduce operated-site Scope 1+2 emissions to below 37 Mt CO2e,,,,,,,high,,,,,,,,,,4,,,,,Reduce operated-site Scope 1+2 emissions to below 37 Mt CO2e,Reduce operated-site Scope 1+2 emissions to below 37 Mt CO2e,,,,Enhanced near-term target.,Enhanced near-term target.,,totalenergies__2025__sustainability_and_climate_progress_report,,,,,,,,,validated_demo,,,,2025,,,
target:totalenergies__2025__sustainability_and_climate_progress_report:reduce_methane_emissions_by_80%_versus_2020,Target,Reduce methane emissions by 80% versus 2020,,,,,,,high,,,,,,,,,,5,,,,,Reduce methane emissions by 80% versus 2020,Reduce methane emissions by 80% versus 2020,,,,Upstream methane objective.,Upstream methane objective.,,totalenergies__2025__sustainability_and_climate_progress_report,,,,,,,,,validated_demo,,,,2030,,,
target:unitedhealth__2024__sustainability_report:net_zero_across_the_value_chain,Target,Net zero across the value chain,,,,,,,high,,,,,,,,,,33,,,,,Net zero across the value chain,Net zero across the value chain,,,,Enterprise-wide target.,Enterprise-wide target.,,unitedhealth__2024__sustainability_report,,,,,,,,,validated_demo,,,,2050,,,
target:unitedhealth__2024__sustainability_report:operational_net_zero,Target,Operational net zero,,,,,,,high,,,,,,,,,,33,,,,,Operational net zero,Operational net zero,,,,Scope 1 and 2 plus removals for the remaining share.,Scope 1 and 2 plus removals for the remaining share.,,unitedhealth__2024__sustainability_report,,,,,,,,,validated_demo,,,,2035,,,
target:unitedhealth__2024__sustainability_report:source_100%_of_global_electricity_demand_from_renewable_sources,Target,Source 100% of global electricity demand from renewable sources,,,,,,,high,,,,,,,,,,33,,,,,Source 100% of global electricity demand from renewable sources,Source 100% of global electricity demand from renewable sources,,,,Renewable electricity commitment.,Renewable electricity commitment.,,unitedhealth__2024__sustainability_report,,,,,,,,,validated_demo,,,,2030,,,
target:volkswagen__2023__sustainability_report:net_carbon_neutral_company,Target,Net carbon-neutral company,,,,,,,high,,,,,,,,,,61,,,,,Net carbon-neutral company,Net carbon-neutral company,,,,Long-term group ambition.,Long-term group ambition.,,volkswagen__2023__sustainability_report,,,,,,,,,validated_demo,,,,2050,,,
target:volkswagen__2023__sustainability_report:reduce_production_related_scope_1_and_2_emissions_by_504%_versus_2018,Target,Reduce production-related Scope 1 and 2 emissions by 50.4% versus 2018,,,,,,,high,,,,,,,,,,61,,,,,Reduce production-related Scope 1 and 2 emissions by 50.4% versus 2018,Reduce production-related Scope 1 and 2 emissions by 50.4% versus 2018,,,,SBTi-confirmed production target.,SBTi-confirmed production target.,,volkswagen__2023__sustainability_report,,,,,,,,,validated_demo,,,,2030,,,
target:volkswagen__2023__sustainability_report:reduce_use_phase_scope_3_emissions_by_30%_versus_2018,Target,Reduce use-phase Scope 3 emissions by 30% versus 2018,,,,,,,high,,,,,,,,,,61,,,,,Reduce use-phase Scope 3 emissions by 30% versus 2018,Reduce use-phase Scope 3 emissions by 30% versus 2018,,,,SBTi-confirmed use-phase target.,SBTi-confirmed use-phase target.,,volkswagen__2023__sustainability_report,,,,,,,,,validated_demo,,,,2030,,,
target:walmart__2025__esg_report:zero_emissions_across_global_operations,Target,Zero emissions across global operations,,,,,,,high,,,,,,,,,,106,,,,,Zero emissions across global operations,Zero emissions across global operations,,,,Operational goal.,Operational goal.,,walmart__2025__esg_report,,,,,,,,,validated_demo,,,,2040,,,
target:walmart__2025__esg_report:reduce_global_scope_1_and_2_emissions_by_65%_versus_2015,Target,Reduce global Scope 1 and 2 emissions by 65% versus 2015,,,,,,,high,,,,,,,,,,106,,,,,Reduce global Scope 1 and 2 emissions by 65% versus 2015,Reduce global Scope 1 and 2 emissions by 65% versus 2015,,,,Science-based operational target.,Science-based operational target.,,walmart__2025__esg_report,,,,,,,,,validated_demo,,,,2030,,,
target:walmart__2025__esg_report:reduce_or_avoid_1_billion_metric_tons_of_co2e_in_the_value_chain,Target,Reduce or avoid 1 billion metric tons of CO2e in the value chain,,,,,,,high,,,,,,,,,,106,,,,,Reduce or avoid 1 billion metric tons of CO2e in the value chain,Reduce or avoid 1 billion metric tons of CO2e in the value chain,,,,Project Gigaton target.,Project Gigaton target.,,walmart__2025__esg_report,,,,,,,,,validated_demo,,,,2030,,,
pathway:renewable_electricity,Pathway,可再生电力,,,,,,,,,,,,,,,,,,,,,,Renewable electricity,可再生电力,,,,,,,,,,,,,,,,,,,,,,,
pathway:supply_chain_engagement,Pathway,供应链协同减碳,,,,,,,,,,,,,,,,,,,,,,Supply-chain engagement,供应链协同减碳,,,,,,,,,,,,,,,,,,,,,,,
pathway:low_carbon_materials,Pathway,低碳材料,,,,,,,,,,,,,,,,,,,,,,Low-carbon materials,低碳材料,,,,,,,,,,,,,,,,,,,,,,,
pathway:supplier_clean_electricity,Pathway,供应商清洁电力,,,,,,,,,,,,,,,,,,,,,,Supplier clean electricity,供应商清洁电力,,,,,,,,,,,,,,,,,,,,,,,
pathway:circular_materials_and_product_design,Pathway,循环材料与产品设计,,,,,,,,,,,,,,,,,,,,,,Circular materials and product design,循环材料与产品设计,,,,,,,,,,,,,,,,,,,,,,,
pathway:carbon_removal,Pathway,碳移除,,,,,,,,,,,,,,,,,,,,,,Carbon removal,碳移除,,,,,,,,,,,,,,,,,,,,,,,
pathway:green_electricity_expansion,Pathway,绿色电力扩张,,,,,,,,,,,,,,,,,,,,,,Green electricity expansion,绿色电力扩张,,,,,,,,,,,,,,,,,,,,,,,
pathway:operational_energy_efficiency,Pathway,运营能效提升,,,,,,,,,,,,,,,,,,,,,,Operational energy efficiency,运营能效提升,,,,,,,,,,,,,,,,,,,,,,,
pathway:supply_chain_decarbonization,Pathway,供应链减碳,,,,,,,,,,,,,,,,,,,,,,Supply-chain decarbonization,供应链减碳,,,,,,,,,,,,,,,,,,,,,,,
pathway:operational_efficiency_and_refrigeration,Pathway,运营效率与制冷系统优化,,,,,,,,,,,,,,,,,,,,,,Operational efficiency and refrigeration,运营效率与制冷系统优化,,,,,,,,,,,,,,,,,,,,,,,
pathway:supplier_transition_program,Pathway,供应商转型计划,,,,,,,,,,,,,,,,,,,,,,Supplier transition program,供应商转型计划,,,,,,,,,,,,,,,,,,,,,,,
pathway:fuel_transition,Pathway,燃料转型,,,,,,,,,,,,,,,,,,,,,,Fuel transition,燃料转型,,,,,,,,,,,,,,,,,,,,,,,
pathway:green_electricity_and_zero_carbon_ready_operations,Pathway,绿电与零碳就绪运营,,,,,,,,,,,,,,,,,,,,,,Green electricity and zero-carbon-ready operations,绿电与零碳就绪运营,,,,,,,,,,,,,,,,,,,,,,,
pathway:methanol_based_low_carbon_mobility,Pathway,甲醇路径低碳出行,,,,,,,,,,,,,,,,,,,,,,Methanol-based low-carbon mobility,甲醇路径低碳出行,,,,,,,,,,,,,,,,,,,,,,,
pathway:carbon_management_digitalization,Pathway,碳管理数字化,,,,,,,,,,,,,,,,,,,,,,Carbon-management digitalization,碳管理数字化,,,,,,,,,,,,,,,,,,,,,,,
pathway:carbon_free_electricity,Pathway,无碳电力,,,,,,,,,,,,,,,,,,,,,,Carbon-free electricity,无碳电力,,,,,,,,,,,,,,,,,,,,,,,
pathway:methane_reduction,Pathway,甲烷减排,,,,,,,,,,,,,,,,,,,,,,Methane reduction,甲烷减排,,,,,,,,,,,,,,,,,,,,,,,
pathway:electrification_and_low_carbon_power,Pathway,电气化与低碳电力,,,,,,,,,,,,,,,,,,,,,,Electrification and low-carbon power,电气化与低碳电力,,,,,,,,,,,,,,,,,,,,,,,
pathway:hydrogen_saf_and_carbon_management,Pathway,氢能、SAF 与碳管理,,,,,,,,,,,,,,,,,,,,,,"Hydrogen, SAF, and carbon management",氢能、SAF 与碳管理,,,,,,,,,,,,,,,,,,,,,,,
pathway:energy_efficiency_in_buildings,Pathway,建筑能效提升,,,,,,,,,,,,,,,,,,,,,,Energy efficiency in buildings,建筑能效提升,,,,,,,,,,,,,,,,,,,,,,,
pathway:supplier_target_setting,Pathway,供应商目标约束,,,,,,,,,,,,,,,,,,,,,,Supplier target-setting,供应商目标约束,,,,,,,,,,,,,,,,,,,,,,,
pathway:portfolio_electrification,Pathway,产品组合电动化,,,,,,,,,,,,,,,,,,,,,,Portfolio electrification,产品组合电动化,,,,,,,,,,,,,,,,,,,,,,,
pathway:renewable_energy_in_production_and_use_phase,Pathway,生产与使用阶段可再生能源,,,,,,,,,,,,,,,,,,,,,,Renewable energy in production and use phase,生产与使用阶段可再生能源,,,,,,,,,,,,,,,,,,,,,,,
pathway:circular_economy,Pathway,循环经济,,,,,,,,,,,,,,,,,,,,,,Circular economy,循环经济,,,,,,,,,,,,,,,,,,,,,,,
pathway:supplier_decarbonization_via_project_gigaton,Pathway,通过 Project Gigaton 推动供应商减碳,,,,,,,,,,,,,,,,,,,,,,Supplier decarbonization via Project Gigaton,通过 Project Gigaton 推动供应商减碳,,,,,,,,,,,,,,,,,,,,,,,
pathway:product_and_packaging_redesign,Pathway,产品与包装重设计,,,,,,,,,,,,,,,,,,,,,,Product and packaging redesign,产品与包装重设计,,,,,,,,,,,,,,,,,,,,,,,
technology:solar_and_wind_power,Technology,太阳能与风电,,,,,,,,,,,,,,,,,,,,,,Solar and wind power,太阳能与风电,,,,,,,,,,,,,,,,,,,,,,,
technology:lower_carbon_steel_and_concrete,Technology,低碳钢与低碳混凝土,,,,,,,,,,,,,,,,,,,,,,Lower-carbon steel and concrete,低碳钢与低碳混凝土,,,,,,,,,,,,,,,,,,,,,,,
technology:electric_freight_and_micromobility,Technology,电动货运与微出行,,,,,,,,,,,,,,,,,,,,,,Electric freight and micromobility,电动货运与微出行,,,,,,,,,,,,,,,,,,,,,,,
technology:circular_materials,Technology,循环材料,,,,,,,,,,,,,,,,,,,,,,Circular materials,循环材料,,,,,,,,,,,,,,,,,,,,,,,
technology:carbon_removal,Technology,碳移除,,,,,,,,,,,,,,,,,,,,,,Carbon removal,碳移除,,,,,,,,,,,,,,,,,,,,,,,
technology:solar_and_green_power_procurement,Technology,光伏与绿电采购,,,,,,,,,,,,,,,,,,,,,,Solar and green power procurement,光伏与绿电采购,,,,,,,,,,,,,,,,,,,,,,,
technology:battery_and_electric_vehicle_technologies,Technology,电池与电动车技术,,,,,,,,,,,,,,,,,,,,,,Battery and electric vehicle technologies,电池与电动车技术,,,,,,,,,,,,,,,,,,,,,,,
technology:digital_carbon_management_platform,Technology,数字化碳管理平台,,,,,,,,,,,,,,,,,,,,,,Digital carbon management platform,数字化碳管理平台,,,,,,,,,,,,,,,,,,,,,,,
technology:renewable_diesel,Technology,可再生柴油,,,,,,,,,,,,,,,,,,,,,,Renewable diesel,可再生柴油,,,,,,,,,,,,,,,,,,,,,,,
technology:co2_refrigeration_and_refrigerant_retrofits,Technology,二氧化碳制冷与制冷剂改造,,,,,,,,,,,,,,,,,,,,,,CO2 refrigeration and refrigerant retrofits,二氧化碳制冷与制冷剂改造,,,,,,,,,,,,,,,,,,,,,,,
technology:ev_and_hydrogen_fueling_readiness,Technology,电动车与氢能补能准备,,,,,,,,,,,,,,,,,,,,,,EV and hydrogen fueling readiness,电动车与氢能补能准备,,,,,,,,,,,,,,,,,,,,,,,
technology:green_methanol,Technology,绿色甲醇,,,,,,,,,,,,,,,,,,,,,,Green methanol,绿色甲醇,,,,,,,,,,,,,,,,,,,,,,,
technology:battery_and_electric_mobility,Technology,电池与电动出行,,,,,,,,,,,,,,,,,,,,,,Battery and electric mobility,电池与电动出行,,,,,,,,,,,,,,,,,,,,,,,
technology:carbon_capture_and_utilization,Technology,碳捕集与利用,,,,,,,,,,,,,,,,,,,,,,Carbon capture and utilization,碳捕集与利用,,,,,,,,,,,,,,,,,,,,,,,
technology:renewable_and_nuclear_power,Technology,可再生能源与核能,,,,,,,,,,,,,,,,,,,,,,Renewable and nuclear power,可再生能源与核能,,,,,,,,,,,,,,,,,,,,,,,
technology:low_carbon_steel_and_concrete,Technology,Low-carbon steel and concrete,,,,,,,,,,,,,,,,,,,,,,Low-carbon steel and concrete,Low-carbon steel and concrete,,,,,,,,,,,,,,,,,,,,,,,
technology:renewable_diesel_and_saf,Technology,可再生柴油与可持续航空燃料,,,,,,,,,,,,,,,,,,,,,,Renewable diesel and SAF,可再生柴油与可持续航空燃料,,,,,,,,,,,,,,,,,,,,,,,
technology:solar_powered_lng_and_renewable_power,Technology,光伏供能 LNG 与可再生电力,,,,,,,,,,,,,,,,,,,,,,Solar-powered LNG and renewable power,光伏供能 LNG 与可再生电力,,,,,,,,,,,,,,,,,,,,,,,
technology:low_carbon_hydrogen,Technology,低碳氢,,,,,,,,,,,,,,,,,,,,,,Low-carbon hydrogen,低碳氢,,,,,,,,,,,,,,,,,,,,,,,
technology:ccus_and_saf,Technology,CCUS 与可持续航空燃料,,,,,,,,,,,,,,,,,,,,,,CCUS and SAF,CCUS 与可持续航空燃料,,,,,,,,,,,,,,,,,,,,,,,
technology:building_management_systems_and_leds,Technology,楼宇管理系统与 LED,,,,,,,,,,,,,,,,,,,,,,Building management systems and LEDs,楼宇管理系统与 LED,,,,,,,,,,,,,,,,,,,,,,,
technology:solar_projects_and_virtual_ppas,Technology,光伏项目与虚拟购电协议,,,,,,,,,,,,,,,,,,,,,,Solar projects and virtual PPAs,光伏项目与虚拟购电协议,,,,,,,,,,,,,,,,,,,,,,,
technology:paperless_and_reuse_systems,Technology,无纸化与复用系统,,,,,,,,,,,,,,,,,,,,,,Paperless and reuse systems,无纸化与复用系统,,,,,,,,,,,,,,,,,,,,,,,
technology:electric_vehicles_and_charging,Technology,电动车与充电网络,,,,,,,,,,,,,,,,,,,,,,Electric vehicles and charging,电动车与充电网络,,,,,,,,,,,,,,,,,,,,,,,
technology:green_hydrogen,Technology,绿色氢能,,,,,,,,,,,,,,,,,,,,,,Green hydrogen,绿色氢能,,,,,,,,,,,,,,,,,,,,,,,
technology:aluminum_closed_loop,Technology,铝闭环回收,,,,,,,,,,,,,,,,,,,,,,Aluminum closed loop,铝闭环回收,,,,,,,,,,,,,,,,,,,,,,,
technology:renewable_electricity_and_clean_power_projects,Technology,可再生电力与清洁能源项目,,,,,,,,,,,,,,,,,,,,,,Renewable electricity and clean power projects,可再生电力与清洁能源项目,,,,,,,,,,,,,,,,,,,,,,,
technology:electric_vehicle_charging,Technology,电动车充电,,,,,,,,,,,,,,,,,,,,,,Electric vehicle charging,电动车充电,,,,,,,,,,,,,,,,,,,,,,,
technology:packaging_and_circular_design,Technology,包装与循环设计,,,,,,,,,,,,,,,,,,,,,,Packaging and circular design,包装与循环设计,,,,,,,,,,,,,,,,,,,,,,,
technology:sea_and_gea_intelligent_new_energy_architectures,Technology,SEA浩瀚架构与GEA智能新能源架构,,,,,,,,,,,,,,,,,,,,,,SEA and GEA intelligent new energy architectures,SEA浩瀚架构与GEA智能新能源架构,,,,,,,,,,,,,,,,,,,,,,,
impact:amazon__2024__sustainability_report:embodied_carbon_avoided_in_2024_building_projects,ImpactMetric,Embodied carbon avoided in 2024 building projects,,,,,,,high,,,,,,,,,,13,,,,,Embodied carbon avoided in 2024 building projects,Embodied carbon avoided in 2024 building projects,,abatement_effect,减排效果,Lower-carbon building materials across 49 projects.,Lower-carbon building materials across 49 projects.,,amazon__2024__sustainability_report,,,,,,,,,validated_demo,,,,,,"At least 77,000 metric tons CO2e avoided",
impact:amazon__2024__sustainability_report:mississippi_data_center_and_renewable_energy_package,ImpactMetric,Mississippi data center and renewable energy package,,,,,,,high,,,,,,,,,,14,,,,,Mississippi data center and renewable energy package,Mississippi data center and renewable energy package,,cost_or_investment,成本或投资,AWS announcement tied to new carbon-free energy capacity.,AWS announcement tied to new carbon-free energy capacity.,,amazon__2024__sustainability_report,,,,,,,,,validated_demo,,,,,,USD 10 billion investment linked to 650 MW of new renewable projects,
impact:apple__2025__environmental_progress_report:annual_avoided_emissions_in_fiscal_year_2024,ImpactMetric,Annual avoided emissions in fiscal year 2024,,,,,,,high,,,,,,,,,,4,,,,,Annual avoided emissions in fiscal year 2024,Annual avoided emissions in fiscal year 2024,,abatement_effect,减排效果,Apple attributes the result to reduction efforts including supplier renewable electricity.,Apple attributes the result to reduction efforts including supplier renewable electricity.,,apple__2025__environmental_progress_report,,,,,,,,,validated_demo,,,,,,41 million metric tons of emissions avoided,
impact:byd__2024__sustainability_report:operational_energy_saving_projects_in_2024,ImpactMetric,Operational energy-saving projects in 2024,,,,,,,high,,,,,,,,,,46,,,,,Operational energy-saving projects in 2024,Operational energy-saving projects in 2024,,abatement_effect,减排效果,Company-wide efficiency and retrofit program.,Company-wide efficiency and retrofit program.,,byd__2024__sustainability_report,,,,,,,,,validated_demo,,,,,,"More than 210,000 tCO2e reduced from more than 410 projects",
impact:costco__2024__climate_action_plan:renewable_diesel_substitution_in_fy24,ImpactMetric,Renewable diesel substitution in FY24,,,,,,,high,,,,,,,,,,8,,,,,Renewable diesel substitution in FY24,Renewable diesel substitution in FY24,,abatement_effect,减排效果,Reported as a Scope 3 progress indicator.,Reported as a Scope 3 progress indicator.,,costco__2024__climate_action_plan,,,,,,,,,validated_demo,,,,,,7 million gallons of diesel replaced with renewable diesel,
impact:geely__2024__sustainability_report:tailpipe_carbon_capture_efficiency_in_truck_test,ImpactMetric,Tailpipe carbon capture efficiency in truck test,,,,,,,high,,,,,,,,,,30,,,,,Tailpipe carbon capture efficiency in truck test,Tailpipe carbon capture efficiency in truck test,,abatement_effect,减排效果,The JiLi Carbon Warehouse system is positioned as a near-zero-emission solution.,The JiLi Carbon Warehouse system is positioned as a near-zero-emission solution.,,geely__2024__sustainability_report,,,,,,,,,validated_demo,,,,,,99.99% CO2 adsorption efficiency,
impact:microsoft__2025__environmental_sustainability_report:contracted_carbon_removal_for_fy30_delivery,ImpactMetric,Contracted carbon removal for FY30 delivery,,,,,,,high,,,,,,,,,,11,,,,,Contracted carbon removal for FY30 delivery,Contracted carbon removal for FY30 delivery,,abatement_effect,减排效果,Additional 17.4 million metric tons were contracted for post-2030 goals.,Additional 17.4 million metric tons were contracted for post-2030 goals.,,microsoft__2025__environmental_sustainability_report,,,,,,,,,validated_demo,,,,,,2.8 million metric tons contracted in FY24,
impact:totalenergies__2025__sustainability_and_climate_progress_report:implemented_2024_emissions_reduction_projects,ImpactMetric,Implemented 2024 emissions-reduction projects,,,,,,,high,,,,,,,,,,5,,,,,Implemented 2024 emissions-reduction projects,Implemented 2024 emissions-reduction projects,,abatement_effect,减排效果,Projects were launched in 2024 and will be completed in 2025.,Projects were launched in 2024 and will be completed in 2025.,,totalenergies__2025__sustainability_and_climate_progress_report,,,,,,,,,validated_demo,,,,,,More than 170 projects reducing more than 2 Mt CO2,
impact:totalenergies__2025__sustainability_and_climate_progress_report:energy_efficiency_plans,ImpactMetric,Energy-efficiency plans,,,,,,,high,,,,,,,,,,5,,,,,Energy-efficiency plans,Energy-efficiency plans,,cost_or_investment,成本或投资,Large-scale industrial decarbonization spending plan.,Large-scale industrial decarbonization spending plan.,,totalenergies__2025__sustainability_and_climate_progress_report,,,,,,,,,validated_demo,,,,,,USD 1 billion for 2023-2025 and another USD 1 billion for 2026-2028,
impact:unitedhealth__2024__sustainability_report:2024_energy_efficiency_project_reductions,ImpactMetric,2024 energy-efficiency project reductions,,,,,,,high,,,,,,,,,,34,,,,,2024 energy-efficiency project reductions,2024 energy-efficiency project reductions,,abatement_effect,减排效果,"Includes replacement of 30,000 fluorescent bulbs with LEDs.","Includes replacement of 30,000 fluorescent bulbs with LEDs.",,unitedhealth__2024__sustainability_report,,,,,,,,,validated_demo,,,,,,"1,185 MTCO2e reduced",
impact:unitedhealth__2024__sustainability_report:expected_annual_savings_from_major_office_retrofit,ImpactMetric,Expected annual savings from major office retrofit,,,,,,,high,,,,,,,,,,34,,,,,Expected annual savings from major office retrofit,Expected annual savings from major office retrofit,,cost_or_investment,成本或投资,The same retrofit also cut electrical load by 17% versus 2022.,The same retrofit also cut electrical load by 17% versus 2022.,,unitedhealth__2024__sustainability_report,,,,,,,,,validated_demo,,,,,,"More than USD 350,000 annual energy and maintenance savings",
impact:volkswagen__2023__sustainability_report:aluminum_closed_loop_savings_since_2017,ImpactMetric,Aluminum closed-loop savings since 2017,,,,,,,high,,,,,,,,,,5,,,,,Aluminum closed-loop savings since 2017,Aluminum closed-loop savings since 2017,,abatement_effect,减排效果,Circular-economy example highlighted in report highlights.,Circular-economy example highlighted in report highlights.,,volkswagen__2023__sustainability_report,,,,,,,,,validated_demo,,,,,,"More than 850,000 metric tons CO2 saved in net terms",
impact:walmart__2025__esg_report:project_gigaton_cumulative_supplier_impact,ImpactMetric,Project Gigaton cumulative supplier impact,,,,,,,high,,,,,,,,,,106,,,,,Project Gigaton cumulative supplier impact,Project Gigaton cumulative supplier impact,,abatement_effect,减排效果,Supplier-reported cumulative progress.,Supplier-reported cumulative progress.,,walmart__2025__esg_report,,,,,,,,,validated_demo,,,,,,1.19 billion metric tons CO2e reduced or avoided since 2017,
impact:geely__2024__sustainability_report:expected_annual_co2_reduction_from_alxa_green_methanol_project,ImpactMetric,阿拉善绿色甲醇项目预计年度二氧化碳减排量,,,,,,,high,,,,,,,,,,6,,,,,Expected annual CO2 reduction from Alxa green methanol project,阿拉善绿色甲醇项目预计年度二氧化碳减排量,,abatement_effect,减排效果,CEO letter states that the Alxa green methanol project is expected to reduce about 150000 tons of CO2 emissions each year.,CEO致辞写明阿拉善绿色甲醇项目预计每年减少约15万吨二氧化碳排放量。,,geely__2024__sustainability_report,,,,,,,,,manual_validated,,,,,,About 150000 tons CO2 per year,
